[00:21:01] INFO     Loading the design configuration file has      config.py:736
                    generated the following warnings:                           
[00:21:01] WARNING  The configuration variable 'FP_PDN_MULTILAYER' config.py:740
                    is deprecated. Please check the docs for the                
                    usage on the replacement variable                           
                    'PDN_MULTILAYER'.                                           
[00:21:01] WARNING  The configuration variable 'FP_PIN_ORDER_CFG'  config.py:740
                    is deprecated. Please check the docs for the                
                    usage on the replacement variable                           
                    'IO_PIN_ORDER_CFG'.                                         
[00:21:01] INFO     Starting a new run of the 'Classic' flow with    flow.py:654
                    the tag 'RUN_2026-08-16_00-21-01'.                          
[00:21:01] INFO     Starting…                                  sequential.py:339
──────────────────────────────── Verilator Lint ────────────────────────────────
[00:21:01] VERBOSE  Running 'Verilator.Lint' at                     step.py:1138
                    'runs/RUN_2026-08-16_00-21-01/01-verilator-lint             
                    '…                                                          
[00:21:01] VERBOSE  Logging subprocess to                           step.py:1338
                    'runs/RUN_2026-08-16_00-21-01/01-verilator-lint             
                    /verilator-lint.log'…                                       
%Warning-WIDTHTRUNC: /foss/designs/sar-adc/rtl/sar_ctrl.sv:101:30: Operator     
ASSIGNDLY expects 3 bits on the Assign RHS, but Assign RHS's SUB generates 32   
bits.                                                                           
                                                                 : ... note: In 
instance 'sar_ctrl'                                                             
  101 |                     bit_idx  <= N - 1;                                  
      |                              ^~                                         
                     ... For warning description see                            
https://verilator.org/warn/WIDTHTRUNC?v=5.050                                   
                     ... Use "/* verilator lint_off WIDTHTRUNC */" and lint_on  
around source to disable this message.                                          
- V e r i l a t i o n   R e p o r t: Verilator 5.050 2026-07-01 rev v5.050      
- Verilator: Built from 0.142 MB sources in 108 modules, into 0.024 MB in 3 C++ 
files needing 0.000 MB                                                          
- Verilator: Walltime 0.014 s (elab=0.002, cvt=0.004, bld=0.000); cpu 0.012 s on
1 threads; allocated 31.812 MB                                                  
────────────────────────── Lint Timing Errors Checker ──────────────────────────
[00:21:01] VERBOSE  Running 'Checker.LintTimingConstructs' at       step.py:1138
                    'runs/RUN_2026-08-16_00-21-01/02-checker-lintti             
                    mingconstructs'…                                            
[00:21:01] INFO     Check for Lint Timing Errors clear.           checker.py:412
───────────────────────────── Lint Errors Checker ──────────────────────────────
[00:21:01] VERBOSE  Running 'Checker.LintErrors' at                 step.py:1138
                    'runs/RUN_2026-08-16_00-21-01/03-checker-linter             
                    rors'…                                                      
[00:21:01] INFO     Check for Lint errors clear.                  checker.py:131
──────────────────────────── Lint Warnings Checker ─────────────────────────────
[00:21:01] VERBOSE  Running 'Checker.LintWarnings' at               step.py:1138
                    'runs/RUN_2026-08-16_00-21-01/04-checker-lintwa             
                    rnings'…                                                    
[00:21:01] WARNING  1 Lint warnings found.                        checker.py:122
───────────────────────────── Generate JSON Header ─────────────────────────────
[00:21:01] VERBOSE  Running 'Yosys.JsonHeader' at                   step.py:1138
                    'runs/RUN_2026-08-16_00-21-01/05-yosys-jsonhead             
                    er'…                                                        
[00:21:01] VERBOSE  Logging subprocess to                           step.py:1338
                    'runs/RUN_2026-08-16_00-21-01/05-yosys-jsonhead             
                    er/yosys-jsonheader.log'…                                   
                                                                                
 /----------------------------------------------------------------------------\ 
 |  yosys -- Yosys Open SYnthesis Suite                                       | 
 |  Copyright (C) 2012 - 2026  Claire Xenia Wolf <claire@yosyshq.com>         | 
 |  Distributed under an ISC-like license, type "license" to see terms        | 
 \----------------------------------------------------------------------------/ 
 Yosys 0.67 (git sha1 2d1509d1b, Release, GNU /usr/bin/c++ 13.3.0)              
                                                                                
1. Executing Verilog-2005 frontend:                                             
/foss/designs/sar-adc/logic/runs/RUN_2026-08-16_00-21-01/tmp/d2dbd92e779c41b8a33
7927a8a6fcdf9.bb.v                                                              
Parsing SystemVerilog input from                                                
`/foss/designs/sar-adc/logic/runs/RUN_2026-08-16_00-21-01/tmp/d2dbd92e779c41b8a3
37927a8a6fcdf9.bb.v' to AST representation.                                     
Generating RTLIL representation for module `\sg13g2_a21o_1'.                    
Generating RTLIL representation for module `\sg13g2_a21o_2'.                    
Generating RTLIL representation for module `\sg13g2_a21oi_1'.                   
Generating RTLIL representation for module `\sg13g2_a21oi_2'.                   
Generating RTLIL representation for module `\sg13g2_a221oi_1'.                  
Generating RTLIL representation for module `\sg13g2_a22oi_1'.                   
Generating RTLIL representation for module `\sg13g2_and2_1'.                    
Generating RTLIL representation for module `\sg13g2_and2_2'.                    
Generating RTLIL representation for module `\sg13g2_and3_1'.                    
Generating RTLIL representation for module `\sg13g2_and3_2'.                    
Generating RTLIL representation for module `\sg13g2_and4_1'.                    
Generating RTLIL representation for module `\sg13g2_and4_2'.                    
Generating RTLIL representation for module `\sg13g2_antennanp'.                 
Generating RTLIL representation for module `\sg13g2_buf_1'.                     
Generating RTLIL representation for module `\sg13g2_buf_16'.                    
Generating RTLIL representation for module `\sg13g2_buf_2'.                     
Generating RTLIL representation for module `\sg13g2_buf_4'.                     
Generating RTLIL representation for module `\sg13g2_buf_8'.                     
Generating RTLIL representation for module `\sg13g2_decap_4'.                   
Generating RTLIL representation for module `\sg13g2_decap_8'.                   
Generating RTLIL representation for module `\sg13g2_dfrbp_1'.                   
Generating RTLIL representation for module `\sg13g2_dfrbp_2'.                   
Generating RTLIL representation for module `\sg13g2_dfrbpq_1'.                  
Generating RTLIL representation for module `\sg13g2_dfrbpq_2'.                  
Generating RTLIL representation for module `\sg13g2_dlhq_1'.                    
Generating RTLIL representation for module `\sg13g2_dlhr_1'.                    
Generating RTLIL representation for module `\sg13g2_dlhrq_1'.                   
Generating RTLIL representation for module `\sg13g2_dllr_1'.                    
Generating RTLIL representation for module `\sg13g2_dllrq_1'.                   
Generating RTLIL representation for module `\sg13g2_dlygate4sd1_1'.             
Generating RTLIL representation for module `\sg13g2_dlygate4sd2_1'.             
Generating RTLIL representation for module `\sg13g2_dlygate4sd3_1'.             
Generating RTLIL representation for module `\sg13g2_ebufn_2'.                   
Generating RTLIL representation for module `\sg13g2_ebufn_4'.                   
Generating RTLIL representation for module `\sg13g2_ebufn_8'.                   
Generating RTLIL representation for module `\sg13g2_einvn_2'.                   
Generating RTLIL representation for module `\sg13g2_einvn_4'.                   
Generating RTLIL representation for module `\sg13g2_einvn_8'.                   
Generating RTLIL representation for module `\sg13g2_fill_1'.                    
Generating RTLIL representation for module `\sg13g2_fill_2'.                    
Generating RTLIL representation for module `\sg13g2_fill_4'.                    
Generating RTLIL representation for module `\sg13g2_fill_8'.                    
Generating RTLIL representation for module `\sg13g2_inv_1'.                     
Generating RTLIL representation for module `\sg13g2_inv_16'.                    
Generating RTLIL representation for module `\sg13g2_inv_2'.                     
Generating RTLIL representation for module `\sg13g2_inv_4'.                     
Generating RTLIL representation for module `\sg13g2_inv_8'.                     
Generating RTLIL representation for module `\sg13g2_lgcp_1'.                    
Generating RTLIL representation for module `\sg13g2_mux2_1'.                    
Generating RTLIL representation for module `\sg13g2_mux2_2'.                    
Generating RTLIL representation for module `\sg13g2_mux4_1'.                    
Generating RTLIL representation for module `\sg13g2_nand2_1'.                   
Generating RTLIL representation for module `\sg13g2_nand2_2'.                   
Generating RTLIL representation for module `\sg13g2_nand2b_1'.                  
Generating RTLIL representation for module `\sg13g2_nand2b_2'.                  
Generating RTLIL representation for module `\sg13g2_nand3_1'.                   
Generating RTLIL representation for module `\sg13g2_nand3b_1'.                  
Generating RTLIL representation for module `\sg13g2_nand4_1'.                   
Generating RTLIL representation for module `\sg13g2_nor2_1'.                    
Generating RTLIL representation for module `\sg13g2_nor2_2'.                    
Generating RTLIL representation for module `\sg13g2_nor2b_1'.                   
Generating RTLIL representation for module `\sg13g2_nor2b_2'.                   
Generating RTLIL representation for module `\sg13g2_nor3_1'.                    
Generating RTLIL representation for module `\sg13g2_nor3_2'.                    
Generating RTLIL representation for module `\sg13g2_nor4_1'.                    
Generating RTLIL representation for module `\sg13g2_nor4_2'.                    
Generating RTLIL representation for module `\sg13g2_o21ai_1'.                   
Generating RTLIL representation for module `\sg13g2_or2_1'.                     
Generating RTLIL representation for module `\sg13g2_or2_2'.                     
Generating RTLIL representation for module `\sg13g2_or3_1'.                     
Generating RTLIL representation for module `\sg13g2_or3_2'.                     
Generating RTLIL representation for module `\sg13g2_or4_1'.                     
Generating RTLIL representation for module `\sg13g2_or4_2'.                     
Generating RTLIL representation for module `\sg13g2_sdfbbp_1'.                  
Generating RTLIL representation for module `\sg13g2_sdfrbp_1'.                  
Generating RTLIL representation for module `\sg13g2_sdfrbp_2'.                  
Generating RTLIL representation for module `\sg13g2_sdfrbpq_1'.                 
Generating RTLIL representation for module `\sg13g2_sdfrbpq_2'.                 
Generating RTLIL representation for module `\sg13g2_sighold'.                   
Generating RTLIL representation for module `\sg13g2_slgcp_1'.                   
Generating RTLIL representation for module `\sg13g2_tiehi'.                     
Generating RTLIL representation for module `\sg13g2_tielo'.                     
Generating RTLIL representation for module `\sg13g2_xnor2_1'.                   
Generating RTLIL representation for module `\sg13g2_xor2_1'.                    
Successfully finished Verilog frontend.                                         
                                                                                
2. Executing Verilog-2005 frontend:                                             
/foss/designs/sar-adc/logic/runs/RUN_2026-08-16_00-21-01/tmp/7bab9e65fb34495ebec
b933bb5ca0739.bb.v                                                              
Parsing SystemVerilog input from                                                
`/foss/designs/sar-adc/logic/runs/RUN_2026-08-16_00-21-01/tmp/7bab9e65fb34495ebe
cb933bb5ca0739.bb.v' to AST representation.                                     
Generating RTLIL representation for module `\sg13g2_Corner'.                    
Generating RTLIL representation for module `\sg13g2_Filler1000'.                
Generating RTLIL representation for module `\sg13g2_Filler10000'.               
Generating RTLIL representation for module `\sg13g2_Filler200'.                 
Generating RTLIL representation for module `\sg13g2_Filler2000'.                
Generating RTLIL representation for module `\sg13g2_Filler400'.                 
Generating RTLIL representation for module `\sg13g2_Filler4000'.                
Generating RTLIL representation for module `\sg13g2_IOPadAnalog'.               
Generating RTLIL representation for module `\sg13g2_IOPadIOVdd'.                
Generating RTLIL representation for module `\sg13g2_IOPadIOVss'.                
Generating RTLIL representation for module `\sg13g2_IOPadIn'.                   
Generating RTLIL representation for module `\sg13g2_IOPadInOut16mA'.            
Generating RTLIL representation for module `\sg13g2_IOPadInOut30mA'.            
Generating RTLIL representation for module `\sg13g2_IOPadInOut4mA'.             
Generating RTLIL representation for module `\sg13g2_IOPadOut16mA'.              
Generating RTLIL representation for module `\sg13g2_IOPadOut30mA'.              
Generating RTLIL representation for module `\sg13g2_IOPadOut4mA'.               
Generating RTLIL representation for module `\sg13g2_IOPadTriOut16mA'.           
Generating RTLIL representation for module `\sg13g2_IOPadTriOut30mA'.           
Generating RTLIL representation for module `\sg13g2_IOPadTriOut4mA'.            
Generating RTLIL representation for module `\sg13g2_IOPadVdd'.                  
Generating RTLIL representation for module `\sg13g2_IOPadVss'.                  
Successfully finished Verilog frontend.                                         
wtaf                                                                            
                                                                                
3. Executing Verilog-2005 frontend: /foss/designs/sar-adc/rtl/sar_ctrl.sv       
Parsing SystemVerilog input from `/foss/designs/sar-adc/rtl/sar_ctrl.sv' to AST 
representation.                                                                 
Storing AST representation for module `$abstract\sar_ctrl'.                     
Successfully finished Verilog frontend.                                         
                                                                                
4. Executing HIERARCHY pass (managing design hierarchy).                        
                                                                                
5. Executing AST frontend in derive mode using pre-parsed AST for module        
`\sar_ctrl'.                                                                    
Generating RTLIL representation for module `\sar_ctrl'.                         
                                                                                
5.1. Analyzing design hierarchy..                                               
Top module:  \sar_ctrl                                                          
                                                                                
5.2. Analyzing design hierarchy..                                               
Top module:  \sar_ctrl                                                          
Removing unused module `$abstract\sar_ctrl'.                                    
Removed 1 unused modules.                                                       
Renaming module sar_ctrl to sar_ctrl.                                           
                                                                                
6. Executing PROC pass (convert processes to netlists).                         
                                                                                
6.1. Executing PROC_CLEAN pass (remove empty switches from decision trees).     
Cleaned up 0 empty switches.                                                    
                                                                                
6.2. Executing PROC_RMDEAD pass (remove dead branches from decision trees).     
Marked 4 switch rules as full_case in process                                   
$proc$/foss/designs/sar-adc/rtl/sar_ctrl.sv:75$13 in module sar_ctrl.           
Marked 1 switch rules as full_case in process                                   
$proc$/foss/designs/sar-adc/rtl/sar_ctrl.sv:70$9 in module sar_ctrl.            
Removed a total of 0 dead cases.                                                
                                                                                
6.3. Executing PROC_PRUNE pass (remove redundant assignments in processes).     
Removed 2 redundant assignments.                                                
Promoted 4 assignments to connections.                                          
                                                                                
6.4. Executing PROC_INIT pass (extract init attributes).                        
                                                                                
6.5. Executing PROC_ARST pass (detect async resets in processes).               
Found async reset \rst_n in                                                     
`\sar_ctrl.$proc$/foss/designs/sar-adc/rtl/sar_ctrl.sv:75$13'.                  
Found async reset \rst_n in                                                     
`\sar_ctrl.$proc$/foss/designs/sar-adc/rtl/sar_ctrl.sv:70$9'.                   
                                                                                
6.6. Executing PROC_ROM pass (convert switches to ROMs).                        
Converted 0 switches.                                                           
<suppressed ~5 debug messages>                                                  
                                                                                
6.7. Executing PROC_MUX pass (convert decision trees to multiplexers).          
Creating decoders for process                                                   
`\sar_ctrl.$proc$/foss/designs/sar-adc/rtl/sar_ctrl.sv:75$13'.                  
     1/17: $4$lookahead\dac_code$12[7:0]$32                                     
     2/17:                                                                      
$3$bitselwrite$pos$/foss/designs/sar-adc/rtl/sar_ctrl.sv:114$2[31:0]$31         
     3/17:                                                                      
$3$bitselwrite$pos$/foss/designs/sar-adc/rtl/sar_ctrl.sv:113$1[2:0]$30          
     4/17: $3$lookahead\dac_code$12[7:0]$28                                     
     5/17: $2$lookahead\dac_code$12[7:0]$27                                     
     6/17:                                                                      
$2$bitselwrite$pos$/foss/designs/sar-adc/rtl/sar_ctrl.sv:114$2[31:0]$26         
     7/17:                                                                      
$2$bitselwrite$pos$/foss/designs/sar-adc/rtl/sar_ctrl.sv:113$1[2:0]$25          
     8/17: $1$lookahead\dac_code$12[7:0]$20                                     
     9/17:                                                                      
$1$bitselwrite$pos$/foss/designs/sar-adc/rtl/sar_ctrl.sv:114$2[31:0]$19         
    10/17:                                                                      
$1$bitselwrite$pos$/foss/designs/sar-adc/rtl/sar_ctrl.sv:113$1[2:0]$18          
    11/17: $0\done[0:0]                                                         
    12/17: $0\bit_idx[2:0]                                                      
    13/17: $0\start_q[0:0]                                                      
    14/17: $0\sample_p[0:0]                                                     
    15/17: $0\state[2:0]                                                        
    16/17: $0\result[7:0]                                                       
    17/17: $0\busy[0:0]                                                         
Creating decoders for process                                                   
`\sar_ctrl.$proc$/foss/designs/sar-adc/rtl/sar_ctrl.sv:70$9'.                   
     1/1: $0\last_n[0:0]                                                        
                                                                                
6.8. Executing PROC_DLATCH pass (convert process syncs to latches).             
                                                                                
6.9. Executing PROC_DFF pass (convert process syncs to FFs).                    
Creating register for signal `\sar_ctrl.\dac_code' using process                
`\sar_ctrl.$proc$/foss/designs/sar-adc/rtl/sar_ctrl.sv:75$13'.                  
  created $adff cell `$procdff$169' with positive edge clock and positive level 
reset.                                                                          
Creating register for signal `\sar_ctrl.\busy' using process                    
`\sar_ctrl.$proc$/foss/designs/sar-adc/rtl/sar_ctrl.sv:75$13'.                  
  created $adff cell `$procdff$174' with positive edge clock and positive level 
reset.                                                                          
Creating register for signal `\sar_ctrl.\done' using process                    
`\sar_ctrl.$proc$/foss/designs/sar-adc/rtl/sar_ctrl.sv:75$13'.                  
  created $adff cell `$procdff$179' with positive edge clock and positive level 
reset.                                                                          
Creating register for signal `\sar_ctrl.\result' using process                  
`\sar_ctrl.$proc$/foss/designs/sar-adc/rtl/sar_ctrl.sv:75$13'.                  
  created $adff cell `$procdff$184' with positive edge clock and positive level 
reset.                                                                          
Creating register for signal `\sar_ctrl.\state' using process                   
`\sar_ctrl.$proc$/foss/designs/sar-adc/rtl/sar_ctrl.sv:75$13'.                  
  created $adff cell `$procdff$189' with positive edge clock and positive level 
reset.                                                                          
Creating register for signal `\sar_ctrl.\sample_p' using process                
`\sar_ctrl.$proc$/foss/designs/sar-adc/rtl/sar_ctrl.sv:75$13'.                  
  created $adff cell `$procdff$194' with positive edge clock and positive level 
reset.                                                                          
Creating register for signal `\sar_ctrl.\start_q' using process                 
`\sar_ctrl.$proc$/foss/designs/sar-adc/rtl/sar_ctrl.sv:75$13'.                  
  created $adff cell `$procdff$199' with positive edge clock and positive level 
reset.                                                                          
Creating register for signal `\sar_ctrl.\bit_idx' using process                 
`\sar_ctrl.$proc$/foss/designs/sar-adc/rtl/sar_ctrl.sv:75$13'.                  
  created $adff cell `$procdff$204' with positive edge clock and positive level 
reset.                                                                          
Creating register for signal                                                    
`\sar_ctrl.$bitselwrite$pos$/foss/designs/sar-adc/rtl/sar_ctrl.sv:113$1' using  
process `\sar_ctrl.$proc$/foss/designs/sar-adc/rtl/sar_ctrl.sv:75$13'.          
  created $adff cell `$procdff$209' with positive edge clock and positive level 
reset.                                                                          
Creating register for signal                                                    
`\sar_ctrl.$bitselwrite$pos$/foss/designs/sar-adc/rtl/sar_ctrl.sv:114$2' using  
process `\sar_ctrl.$proc$/foss/designs/sar-adc/rtl/sar_ctrl.sv:75$13'.          
  created $adff cell `$procdff$214' with positive edge clock and positive level 
reset.                                                                          
Creating register for signal `\sar_ctrl.$lookahead\dac_code$12' using process   
`\sar_ctrl.$proc$/foss/designs/sar-adc/rtl/sar_ctrl.sv:75$13'.                  
  created $adff cell `$procdff$219' with positive edge clock and positive level 
reset.                                                                          
Creating register for signal `\sar_ctrl.\last_n' using process                  
`\sar_ctrl.$proc$/foss/designs/sar-adc/rtl/sar_ctrl.sv:70$9'.                   
  created $adff cell `$procdff$224' with negative edge clock and positive level 
reset.                                                                          
                                                                                
6.10. Executing PROC_MEMWR pass (convert process memory writes to cells).       
                                                                                
6.11. Executing PROC_CLEAN pass (remove empty switches from decision trees).    
Found and cleaned up 5 empty switches in                                        
`\sar_ctrl.$proc$/foss/designs/sar-adc/rtl/sar_ctrl.sv:75$13'.                  
Removing empty process                                                          
`sar_ctrl.$proc$/foss/designs/sar-adc/rtl/sar_ctrl.sv:75$13'.                   
Removing empty process                                                          
`sar_ctrl.$proc$/foss/designs/sar-adc/rtl/sar_ctrl.sv:70$9'.                    
Cleaned up 5 empty switches.                                                    
                                                                                
6.12. Executing OPT_EXPR pass (perform const folding).                          
Optimizing module sar_ctrl.                                                     
<suppressed ~31 debug messages>                                                 
                                                                                
7. Executing FLATTEN pass (flatten design).                                     
                                                                                
8. Executing OPT_CLEAN pass (remove unused cells and wires).                    
Finding unused cells or wires in module \sar_ctrl..                             
Removed 27 unused cells and 81 unused wires.                                    
<suppressed ~28 debug messages>                                                 
────────────────────────────────── Synthesis ───────────────────────────────────
[00:21:01] VERBOSE  Running 'Yosys.Synthesis' at                    step.py:1138
                    'runs/RUN_2026-08-16_00-21-01/06-yosys-synthesi             
                    s'…                                                         
[00:21:01] VERBOSE  Logging subprocess to                           step.py:1338
                    'runs/RUN_2026-08-16_00-21-01/06-yosys-synthesi             
                    s/yosys-synthesis.log'…                                     
                                                                                
 /----------------------------------------------------------------------------\ 
 |  yosys -- Yosys Open SYnthesis Suite                                       | 
 |  Copyright (C) 2012 - 2026  Claire Xenia Wolf <claire@yosyshq.com>         | 
 |  Distributed under an ISC-like license, type "license" to see terms        | 
 \----------------------------------------------------------------------------/ 
 Yosys 0.67 (git sha1 2d1509d1b, Release, GNU /usr/bin/c++ 13.3.0)              
                                                                                
1. Executing Liberty frontend:                                                  
/foss/pdks/ihp-sg13g2/libs.ref/sg13g2_stdcell/lib/sg13g2_stdcell_typ_1p20V_25C.l
ib                                                                              
Imported 84 cell types from liberty file.                                       
                                                                                
2. Executing Liberty frontend:                                                  
/foss/pdks/ihp-sg13g2/libs.ref/sg13g2_io/lib/sg13g2_io_typ_1p2V_3p3V_25C.lib    
Imported 22 cell types from liberty file.                                       
[INFO] Using SDC file                                                           
'/foss/designs/sar-adc/logic/runs/RUN_2026-08-16_00-21-01/06-yosys-synthesis/syn
thesis.abc.sdc' for ABC…wtaf                                                    
                                                                                
3. Executing Verilog-2005 frontend: /foss/designs/sar-adc/rtl/sar_ctrl.sv       
Parsing SystemVerilog input from `/foss/designs/sar-adc/rtl/sar_ctrl.sv' to AST 
representation.                                                                 
Storing AST representation for module `$abstract\sar_ctrl'.                     
Successfully finished Verilog frontend.                                         
                                                                                
4. Executing HIERARCHY pass (managing design hierarchy).                        
                                                                                
5. Executing AST frontend in derive mode using pre-parsed AST for module        
`\sar_ctrl'.                                                                    
Generating RTLIL representation for module `\sar_ctrl'.                         
                                                                                
5.1. Analyzing design hierarchy..                                               
Top module:  \sar_ctrl                                                          
                                                                                
5.2. Analyzing design hierarchy..                                               
Top module:  \sar_ctrl                                                          
Removing unused module `$abstract\sar_ctrl'.                                    
Removed 1 unused modules.                                                       
Renaming module sar_ctrl to sar_ctrl.                                           
                                                                                
6. Executing ATTRMAP pass (move or copy attributes).                            
                                                                                
7. Executing TRIBUF pass.                                                       
                                                                                
8. Executing HIERARCHY pass (managing design hierarchy).                        
                                                                                
8.1. Analyzing design hierarchy..                                               
Top module:  \sar_ctrl                                                          
                                                                                
8.2. Analyzing design hierarchy..                                               
Top module:  \sar_ctrl                                                          
Removed 0 unused modules.                                                       
                                                                                
9. Executing PROC_CLEAN pass (remove empty switches from decision trees).       
Cleaned up 0 empty switches.                                                    
                                                                                
10. Executing PROC_RMDEAD pass (remove dead branches from decision trees).      
Marked 4 switch rules as full_case in process                                   
$proc$/foss/designs/sar-adc/rtl/sar_ctrl.sv:75$13 in module sar_ctrl.           
Marked 1 switch rules as full_case in process                                   
$proc$/foss/designs/sar-adc/rtl/sar_ctrl.sv:70$9 in module sar_ctrl.            
Removed a total of 0 dead cases.                                                
                                                                                
11. Executing PROC_PRUNE pass (remove redundant assignments in processes).      
Removed 2 redundant assignments.                                                
Promoted 4 assignments to connections.                                          
                                                                                
12. Executing PROC_INIT pass (extract init attributes).                         
                                                                                
13. Executing PROC_ARST pass (detect async resets in processes).                
Found async reset \rst_n in                                                     
`\sar_ctrl.$proc$/foss/designs/sar-adc/rtl/sar_ctrl.sv:75$13'.                  
Found async reset \rst_n in                                                     
`\sar_ctrl.$proc$/foss/designs/sar-adc/rtl/sar_ctrl.sv:70$9'.                   
                                                                                
14. Executing PROC_ROM pass (convert switches to ROMs).                         
Converted 0 switches.                                                           
<suppressed ~5 debug messages>                                                  
                                                                                
15. Executing PROC_MUX pass (convert decision trees to multiplexers).           
Creating decoders for process                                                   
`\sar_ctrl.$proc$/foss/designs/sar-adc/rtl/sar_ctrl.sv:75$13'.                  
     1/17: $4$lookahead\dac_code$12[7:0]$32                                     
     2/17:                                                                      
$3$bitselwrite$pos$/foss/designs/sar-adc/rtl/sar_ctrl.sv:114$2[31:0]$31         
     3/17:                                                                      
$3$bitselwrite$pos$/foss/designs/sar-adc/rtl/sar_ctrl.sv:113$1[2:0]$30          
     4/17: $3$lookahead\dac_code$12[7:0]$28                                     
     5/17: $2$lookahead\dac_code$12[7:0]$27                                     
     6/17:                                                                      
$2$bitselwrite$pos$/foss/designs/sar-adc/rtl/sar_ctrl.sv:114$2[31:0]$26         
     7/17:                                                                      
$2$bitselwrite$pos$/foss/designs/sar-adc/rtl/sar_ctrl.sv:113$1[2:0]$25          
     8/17: $1$lookahead\dac_code$12[7:0]$20                                     
     9/17:                                                                      
$1$bitselwrite$pos$/foss/designs/sar-adc/rtl/sar_ctrl.sv:114$2[31:0]$19         
    10/17:                                                                      
$1$bitselwrite$pos$/foss/designs/sar-adc/rtl/sar_ctrl.sv:113$1[2:0]$18          
    11/17: $0\done[0:0]                                                         
    12/17: $0\bit_idx[2:0]                                                      
    13/17: $0\start_q[0:0]                                                      
    14/17: $0\sample_p[0:0]                                                     
    15/17: $0\state[2:0]                                                        
    16/17: $0\result[7:0]                                                       
    17/17: $0\busy[0:0]                                                         
Creating decoders for process                                                   
`\sar_ctrl.$proc$/foss/designs/sar-adc/rtl/sar_ctrl.sv:70$9'.                   
     1/1: $0\last_n[0:0]                                                        
                                                                                
16. Executing PROC_DLATCH pass (convert process syncs to latches).              
                                                                                
17. Executing PROC_DFF pass (convert process syncs to FFs).                     
Creating register for signal `\sar_ctrl.\dac_code' using process                
`\sar_ctrl.$proc$/foss/designs/sar-adc/rtl/sar_ctrl.sv:75$13'.                  
  created $adff cell `$procdff$169' with positive edge clock and positive level 
reset.                                                                          
Creating register for signal `\sar_ctrl.\busy' using process                    
`\sar_ctrl.$proc$/foss/designs/sar-adc/rtl/sar_ctrl.sv:75$13'.                  
  created $adff cell `$procdff$174' with positive edge clock and positive level 
reset.                                                                          
Creating register for signal `\sar_ctrl.\done' using process                    
`\sar_ctrl.$proc$/foss/designs/sar-adc/rtl/sar_ctrl.sv:75$13'.                  
  created $adff cell `$procdff$179' with positive edge clock and positive level 
reset.                                                                          
Creating register for signal `\sar_ctrl.\result' using process                  
`\sar_ctrl.$proc$/foss/designs/sar-adc/rtl/sar_ctrl.sv:75$13'.                  
  created $adff cell `$procdff$184' with positive edge clock and positive level 
reset.                                                                          
Creating register for signal `\sar_ctrl.\state' using process                   
`\sar_ctrl.$proc$/foss/designs/sar-adc/rtl/sar_ctrl.sv:75$13'.                  
  created $adff cell `$procdff$189' with positive edge clock and positive level 
reset.                                                                          
Creating register for signal `\sar_ctrl.\sample_p' using process                
`\sar_ctrl.$proc$/foss/designs/sar-adc/rtl/sar_ctrl.sv:75$13'.                  
  created $adff cell `$procdff$194' with positive edge clock and positive level 
reset.                                                                          
Creating register for signal `\sar_ctrl.\start_q' using process                 
`\sar_ctrl.$proc$/foss/designs/sar-adc/rtl/sar_ctrl.sv:75$13'.                  
  created $adff cell `$procdff$199' with positive edge clock and positive level 
reset.                                                                          
Creating register for signal `\sar_ctrl.\bit_idx' using process                 
`\sar_ctrl.$proc$/foss/designs/sar-adc/rtl/sar_ctrl.sv:75$13'.                  
  created $adff cell `$procdff$204' with positive edge clock and positive level 
reset.                                                                          
Creating register for signal                                                    
`\sar_ctrl.$bitselwrite$pos$/foss/designs/sar-adc/rtl/sar_ctrl.sv:113$1' using  
process `\sar_ctrl.$proc$/foss/designs/sar-adc/rtl/sar_ctrl.sv:75$13'.          
  created $adff cell `$procdff$209' with positive edge clock and positive level 
reset.                                                                          
Creating register for signal                                                    
`\sar_ctrl.$bitselwrite$pos$/foss/designs/sar-adc/rtl/sar_ctrl.sv:114$2' using  
process `\sar_ctrl.$proc$/foss/designs/sar-adc/rtl/sar_ctrl.sv:75$13'.          
  created $adff cell `$procdff$214' with positive edge clock and positive level 
reset.                                                                          
Creating register for signal `\sar_ctrl.$lookahead\dac_code$12' using process   
`\sar_ctrl.$proc$/foss/designs/sar-adc/rtl/sar_ctrl.sv:75$13'.                  
  created $adff cell `$procdff$219' with positive edge clock and positive level 
reset.                                                                          
Creating register for signal `\sar_ctrl.\last_n' using process                  
`\sar_ctrl.$proc$/foss/designs/sar-adc/rtl/sar_ctrl.sv:70$9'.                   
  created $adff cell `$procdff$224' with negative edge clock and positive level 
reset.                                                                          
                                                                                
18. Executing PROC_MEMWR pass (convert process memory writes to cells).         
                                                                                
19. Executing PROC_CLEAN pass (remove empty switches from decision trees).      
Found and cleaned up 5 empty switches in                                        
`\sar_ctrl.$proc$/foss/designs/sar-adc/rtl/sar_ctrl.sv:75$13'.                  
Removing empty process                                                          
`sar_ctrl.$proc$/foss/designs/sar-adc/rtl/sar_ctrl.sv:75$13'.                   
Removing empty process                                                          
`sar_ctrl.$proc$/foss/designs/sar-adc/rtl/sar_ctrl.sv:70$9'.                    
Cleaned up 5 empty switches.                                                    
                                                                                
20. Executing CHECK pass (checking for obvious problems).                       
Checking module sar_ctrl...                                                     
Found and reported 0 problems.                                                  
                                                                                
21. Executing OPT_EXPR pass (perform const folding).                            
Optimizing module sar_ctrl.                                                     
<suppressed ~31 debug messages>                                                 
                                                                                
22. Executing FLATTEN pass (flatten design).                                    
                                                                                
23. Executing OPT_EXPR pass (perform const folding).                            
Optimizing module sar_ctrl.                                                     
                                                                                
24. Executing OPT_CLEAN pass (remove unused cells and wires).                   
Finding unused cells or wires in module \sar_ctrl..                             
Removed 27 unused cells and 81 unused wires.                                    
<suppressed ~28 debug messages>                                                 
                                                                                
25. Executing OPT_EXPR pass (perform const folding).                            
Optimizing module sar_ctrl.                                                     
                                                                                
26. Executing OPT_MERGE pass (detect identical cells).                          
Finding identical cells in module `\sar_ctrl'.                                  
Computing hashes of 86 cells of `\sar_ctrl'.                                    
Finding duplicate cells in `\sar_ctrl'.                                         
Computing hashes of 67 cells of `\sar_ctrl'.                                    
Finding duplicate cells in `\sar_ctrl'.                                         
Computing hashes of 66 cells of `\sar_ctrl'.                                    
Finding duplicate cells in `\sar_ctrl'.                                         
<suppressed ~60 debug messages>                                                 
Removed a total of 20 cells.                                                    
                                                                                
27. Executing OPT_MUXTREE pass (detect dead branches in mux trees).             
Running muxtree optimizer on module \sar_ctrl..                                 
  Creating internal representation of mux trees.                                
  Evaluating internal representation of mux trees.                              
  Analyzing evaluation results.                                                 
    dead port 2/2 on $mux $procmux$80.                                          
    dead port 2/2 on $mux $procmux$55.                                          
Removed 2 multiplexer ports.                                                    
<suppressed ~32 debug messages>                                                 
                                                                                
28. Executing OPT_REDUCE pass (consolidate $*mux and $reduce_* inputs).         
  Optimizing cells in module \sar_ctrl.                                         
Performed a total of 0 changes.                                                 
                                                                                
29. Executing OPT_MERGE pass (detect identical cells).                          
Finding identical cells in module `\sar_ctrl'.                                  
Computing hashes of 64 cells of `\sar_ctrl'.                                    
Finding duplicate cells in `\sar_ctrl'.                                         
Removed a total of 0 cells.                                                     
                                                                                
30. Executing OPT_DFF pass (perform DFF optimizations).                         
                                                                                
31. Executing OPT_CLEAN pass (remove unused cells and wires).                   
Finding unused cells or wires in module \sar_ctrl..                             
Removed 0 unused cells and 22 unused wires.                                     
<suppressed ~1 debug messages>                                                  
                                                                                
32. Executing OPT_EXPR pass (perform const folding).                            
Optimizing module sar_ctrl.                                                     
                                                                                
33. Rerunning OPT passes. (Maybe there is more to do…)                          
                                                                                
34. Executing OPT_MUXTREE pass (detect dead branches in mux trees).             
Running muxtree optimizer on module \sar_ctrl..                                 
  Creating internal representation of mux trees.                                
  Evaluating internal representation of mux trees.                              
  Analyzing evaluation results.                                                 
Removed 0 multiplexer ports.                                                    
<suppressed ~30 debug messages>                                                 
                                                                                
35. Executing OPT_REDUCE pass (consolidate $*mux and $reduce_* inputs).         
  Optimizing cells in module \sar_ctrl.                                         
Performed a total of 0 changes.                                                 
                                                                                
36. Executing OPT_MERGE pass (detect identical cells).                          
Finding identical cells in module `\sar_ctrl'.                                  
Computing hashes of 64 cells of `\sar_ctrl'.                                    
Finding duplicate cells in `\sar_ctrl'.                                         
Removed a total of 0 cells.                                                     
                                                                                
37. Executing OPT_DFF pass (perform DFF optimizations).                         
                                                                                
38. Executing OPT_CLEAN pass (remove unused cells and wires).                   
Finding unused cells or wires in module \sar_ctrl..                             
                                                                                
39. Executing OPT_EXPR pass (perform const folding).                            
Optimizing module sar_ctrl.                                                     
                                                                                
40. Executing FSM pass (extract and optimize FSM).                              
                                                                                
40.1. Executing FSM_DETECT pass (finding FSMs in design).                       
Not marking sar_ctrl.state as FSM state register:                               
    Users of register don't seem to benefit from recoding.                      
                                                                                
40.2. Executing FSM_EXTRACT pass (extracting FSM from design).                  
                                                                                
40.3. Executing FSM_OPT pass (simple optimizations of FSMs).                    
                                                                                
40.4. Executing OPT_CLEAN pass (remove unused cells and wires).                 
Finding unused cells or wires in module \sar_ctrl..                             
                                                                                
40.5. Executing FSM_OPT pass (simple optimizations of FSMs).                    
                                                                                
40.6. Executing FSM_RECODE pass (re-assigning FSM state encoding).              
                                                                                
40.7. Executing FSM_INFO pass (dumping all available information on FSM cells). 
                                                                                
40.8. Executing FSM_MAP pass (mapping FSMs to basic logic).                     
                                                                                
41. Executing OPT_EXPR pass (perform const folding).                            
Optimizing module sar_ctrl.                                                     
                                                                                
42. Executing OPT_MERGE pass (detect identical cells).                          
Finding identical cells in module `\sar_ctrl'.                                  
Computing hashes of 64 cells of `\sar_ctrl'.                                    
Finding duplicate cells in `\sar_ctrl'.                                         
Removed a total of 0 cells.                                                     
                                                                                
43. Executing OPT_MUXTREE pass (detect dead branches in mux trees).             
Running muxtree optimizer on module \sar_ctrl..                                 
  Creating internal representation of mux trees.                                
  Evaluating internal representation of mux trees.                              
  Analyzing evaluation results.                                                 
Removed 0 multiplexer ports.                                                    
<suppressed ~30 debug messages>                                                 
                                                                                
44. Executing OPT_REDUCE pass (consolidate $*mux and $reduce_* inputs).         
  Optimizing cells in module \sar_ctrl.                                         
Performed a total of 0 changes.                                                 
                                                                                
45. Executing OPT_MERGE pass (detect identical cells).                          
Finding identical cells in module `\sar_ctrl'.                                  
Computing hashes of 64 cells of `\sar_ctrl'.                                    
Finding duplicate cells in `\sar_ctrl'.                                         
Removed a total of 0 cells.                                                     
                                                                                
46. Executing OPT_DFF pass (perform DFF optimizations).                         
Adding EN signal on $procdff$204 ($adff) from module sar_ctrl (D =              
$0\bit_idx[2:0], Q = \bit_idx).                                                 
Adding EN signal on $procdff$199 ($adff) from module sar_ctrl (D =              
$0\start_q[0:0], Q = \start_q).                                                 
Adding EN signal on $procdff$194 ($adff) from module sar_ctrl (D =              
$0\sample_p[0:0], Q = \sample_p).                                               
Adding EN signal on $procdff$189 ($adff) from module sar_ctrl (D =              
$0\state[2:0], Q = \state).                                                     
Adding EN signal on $procdff$184 ($adff) from module sar_ctrl (D = { \dac_code  
[7:1] \cmp_q }, Q = \result).                                                   
Adding EN signal on $procdff$174 ($adff) from module sar_ctrl (D = $0\busy[0:0],
Q = \busy).                                                                     
Adding EN signal on $procdff$169 ($adff) from module sar_ctrl (D =              
$0$lookahead\dac_code$12[7:0]$16, Q = \dac_code).                               
                                                                                
47. Executing OPT_CLEAN pass (remove unused cells and wires).                   
Finding unused cells or wires in module \sar_ctrl..                             
Removed 2 unused cells and 2 unused wires.                                      
<suppressed ~3 debug messages>                                                  
                                                                                
48. Executing OPT_EXPR pass (perform const folding).                            
Optimizing module sar_ctrl.                                                     
<suppressed ~5 debug messages>                                                  
                                                                                
49. Rerunning OPT passes. (Maybe there is more to do…)                          
                                                                                
50. Executing OPT_MUXTREE pass (detect dead branches in mux trees).             
Running muxtree optimizer on module \sar_ctrl..                                 
  Creating internal representation of mux trees.                                
  Evaluating internal representation of mux trees.                              
  Analyzing evaluation results.                                                 
Removed 0 multiplexer ports.                                                    
<suppressed ~27 debug messages>                                                 
                                                                                
51. Executing OPT_REDUCE pass (consolidate $*mux and $reduce_* inputs).         
  Optimizing cells in module \sar_ctrl.                                         
Performed a total of 0 changes.                                                 
                                                                                
52. Executing OPT_MERGE pass (detect identical cells).                          
Finding identical cells in module `\sar_ctrl'.                                  
Computing hashes of 82 cells of `\sar_ctrl'.                                    
Finding duplicate cells in `\sar_ctrl'.                                         
Computing hashes of 75 cells of `\sar_ctrl'.                                    
Finding duplicate cells in `\sar_ctrl'.                                         
<suppressed ~21 debug messages>                                                 
Removed a total of 7 cells.                                                     
                                                                                
53. Executing OPT_DFF pass (perform DFF optimizations).                         
                                                                                
54. Executing OPT_CLEAN pass (remove unused cells and wires).                   
Finding unused cells or wires in module \sar_ctrl..                             
Removed 0 unused cells and 7 unused wires.                                      
<suppressed ~1 debug messages>                                                  
                                                                                
55. Executing OPT_EXPR pass (perform const folding).                            
Optimizing module sar_ctrl.                                                     
                                                                                
56. Rerunning OPT passes. (Maybe there is more to do…)                          
                                                                                
57. Executing OPT_MUXTREE pass (detect dead branches in mux trees).             
Running muxtree optimizer on module \sar_ctrl..                                 
  Creating internal representation of mux trees.                                
  Evaluating internal representation of mux trees.                              
  Analyzing evaluation results.                                                 
Removed 0 multiplexer ports.                                                    
<suppressed ~31 debug messages>                                                 
                                                                                
58. Executing OPT_REDUCE pass (consolidate $*mux and $reduce_* inputs).         
  Optimizing cells in module \sar_ctrl.                                         
Performed a total of 0 changes.                                                 
                                                                                
59. Executing OPT_MERGE pass (detect identical cells).                          
Finding identical cells in module `\sar_ctrl'.                                  
Computing hashes of 75 cells of `\sar_ctrl'.                                    
Finding duplicate cells in `\sar_ctrl'.                                         
Removed a total of 0 cells.                                                     
                                                                                
60. Executing OPT_DFF pass (perform DFF optimizations).                         
                                                                                
61. Executing OPT_CLEAN pass (remove unused cells and wires).                   
Finding unused cells or wires in module \sar_ctrl..                             
                                                                                
62. Executing OPT_EXPR pass (perform const folding).                            
Optimizing module sar_ctrl.                                                     
                                                                                
63. Executing WREDUCE pass (reducing word size of cells).                       
Converting cell sar_ctrl.$neg$/foss/designs/sar-adc/rtl/sar_ctrl.sv:113$37      
($neg) from signed to unsigned.                                                 
Removed top 1 bits (of 4) from port A of cell                                   
sar_ctrl.$neg$/foss/designs/sar-adc/rtl/sar_ctrl.sv:113$37 ($neg).              
Removed top 31 bits (of 32) from port B of cell                                 
sar_ctrl.$sub$/foss/designs/sar-adc/rtl/sar_ctrl.sv:114$40 ($sub).              
Removed top 28 bits (of 32) from port Y of cell                                 
sar_ctrl.$sub$/foss/designs/sar-adc/rtl/sar_ctrl.sv:114$40 ($sub).              
Converting cell sar_ctrl.$neg$/foss/designs/sar-adc/rtl/sar_ctrl.sv:114$45      
($neg) from signed to unsigned.                                                 
Removed top 1 bits (of 33) from port A of cell                                  
sar_ctrl.$neg$/foss/designs/sar-adc/rtl/sar_ctrl.sv:114$45 ($neg).              
Removed top 1 bits (of 3) from mux cell sar_ctrl.$procmux$133 ($mux).           
Removed top 1 bits (of 3) from port B of cell sar_ctrl.$procmux$141_CMP0 ($eq). 
Removed top 1 bits (of 3) from port B of cell sar_ctrl.$procmux$142_CMP0 ($eq). 
Removed top 2 bits (of 3) from port B of cell sar_ctrl.$procmux$143_CMP0 ($eq). 
Removed top 1 bits (of 3) from wire sar_ctrl.$procmux$133_Y.                    
                                                                                
64. Executing PEEPOPT pass (run peephole optimizers).                           
                                                                                
65. Executing OPT_CLEAN pass (remove unused cells and wires).                   
Finding unused cells or wires in module \sar_ctrl..                             
Removed 0 unused cells and 1 unused wires.                                      
<suppressed ~1 debug messages>                                                  
                                                                                
66. Executing ALUMACC pass (create $alu and $macc cells).                       
Extracting $alu and $macc cells in module sar_ctrl:                             
  creating $macc model for $neg$/foss/designs/sar-adc/rtl/sar_ctrl.sv:113$37    
($neg).                                                                         
  creating $macc model for $neg$/foss/designs/sar-adc/rtl/sar_ctrl.sv:114$45    
($neg).                                                                         
  creating $macc model for $sub$/foss/designs/sar-adc/rtl/sar_ctrl.sv:114$40    
($sub).                                                                         
  creating $macc model for $sub$/foss/designs/sar-adc/rtl/sar_ctrl.sv:115$48    
($sub).                                                                         
  creating $alu model for $macc                                                 
$sub$/foss/designs/sar-adc/rtl/sar_ctrl.sv:115$48.                              
  creating $alu model for $macc                                                 
$sub$/foss/designs/sar-adc/rtl/sar_ctrl.sv:114$40.                              
  creating $alu model for $macc                                                 
$neg$/foss/designs/sar-adc/rtl/sar_ctrl.sv:114$45.                              
  creating $alu model for $macc                                                 
$neg$/foss/designs/sar-adc/rtl/sar_ctrl.sv:113$37.                              
  creating $alu cell for $neg$/foss/designs/sar-adc/rtl/sar_ctrl.sv:113$37:     
$auto$alumacc.cc:512:replace_alu$273                                            
  creating $alu cell for $neg$/foss/designs/sar-adc/rtl/sar_ctrl.sv:114$45:     
$auto$alumacc.cc:512:replace_alu$276                                            
  creating $alu cell for $sub$/foss/designs/sar-adc/rtl/sar_ctrl.sv:114$40:     
$auto$alumacc.cc:512:replace_alu$279                                            
  creating $alu cell for $sub$/foss/designs/sar-adc/rtl/sar_ctrl.sv:115$48:     
$auto$alumacc.cc:512:replace_alu$282                                            
  created 4 $alu and 0 $macc cells.                                             
                                                                                
67. Executing SHARE pass (SAT-based resource sharing).                          
                                                                                
68. Executing OPT_EXPR pass (perform const folding).                            
Optimizing module sar_ctrl.                                                     
                                                                                
69. Executing OPT_MERGE pass (detect identical cells).                          
Finding identical cells in module `\sar_ctrl'.                                  
Computing hashes of 75 cells of `\sar_ctrl'.                                    
Finding duplicate cells in `\sar_ctrl'.                                         
Removed a total of 0 cells.                                                     
                                                                                
70. Executing OPT_MUXTREE pass (detect dead branches in mux trees).             
Running muxtree optimizer on module \sar_ctrl..                                 
  Creating internal representation of mux trees.                                
  Evaluating internal representation of mux trees.                              
  Analyzing evaluation results.                                                 
Removed 0 multiplexer ports.                                                    
<suppressed ~31 debug messages>                                                 
                                                                                
71. Executing OPT_REDUCE pass (consolidate $*mux and $reduce_* inputs).         
  Optimizing cells in module \sar_ctrl.                                         
Performed a total of 0 changes.                                                 
                                                                                
72. Executing OPT_MERGE pass (detect identical cells).                          
Finding identical cells in module `\sar_ctrl'.                                  
Computing hashes of 75 cells of `\sar_ctrl'.                                    
Finding duplicate cells in `\sar_ctrl'.                                         
Removed a total of 0 cells.                                                     
                                                                                
73. Executing OPT_DFF pass (perform DFF optimizations).                         
                                                                                
74. Executing OPT_CLEAN pass (remove unused cells and wires).                   
Finding unused cells or wires in module \sar_ctrl..                             
                                                                                
75. Executing OPT_EXPR pass (perform const folding).                            
Optimizing module sar_ctrl.                                                     
                                                                                
76. Executing MEMORY pass.                                                      
                                                                                
76.1. Executing OPT_MEM pass (optimize memories).                               
Performed a total of 0 transformations.                                         
                                                                                
76.2. Executing OPT_MEM_PRIORITY pass (removing unnecessary memory write        
priority relations).                                                            
Performed a total of 0 transformations.                                         
                                                                                
76.3. Executing OPT_MEM_FEEDBACK pass (finding memory read-to-write feedback    
paths).                                                                         
                                                                                
76.4. Executing MEMORY_BMUX2ROM pass (converting muxes to ROMs).                
                                                                                
76.5. Executing MEMORY_DFF pass (merging $dff cells to $memrd).                 
                                                                                
76.6. Executing OPT_CLEAN pass (remove unused cells and wires).                 
Finding unused cells or wires in module \sar_ctrl..                             
                                                                                
76.7. Executing MEMORY_SHARE pass (consolidating $memrd/$memwr cells).          
                                                                                
76.8. Executing OPT_MEM_WIDEN pass (optimize memories where all ports are wide).
Performed a total of 0 transformations.                                         
                                                                                
76.9. Executing OPT_CLEAN pass (remove unused cells and wires).                 
Finding unused cells or wires in module \sar_ctrl..                             
                                                                                
76.10. Executing MEMORY_COLLECT pass (generating $mem cells).                   
                                                                                
77. Executing OPT_CLEAN pass (remove unused cells and wires).                   
Finding unused cells or wires in module \sar_ctrl..                             
                                                                                
78. Executing OPT_EXPR pass (perform const folding).                            
Optimizing module sar_ctrl.                                                     
<suppressed ~14 debug messages>                                                 
                                                                                
79. Executing OPT_MERGE pass (detect identical cells).                          
Finding identical cells in module `\sar_ctrl'.                                  
Computing hashes of 66 cells of `\sar_ctrl'.                                    
Finding duplicate cells in `\sar_ctrl'.                                         
Computing hashes of 65 cells of `\sar_ctrl'.                                    
Finding duplicate cells in `\sar_ctrl'.                                         
<suppressed ~3 debug messages>                                                  
Removed a total of 1 cells.                                                     
                                                                                
80. Executing OPT_DFF pass (perform DFF optimizations).                         
                                                                                
81. Executing OPT_CLEAN pass (remove unused cells and wires).                   
Finding unused cells or wires in module \sar_ctrl..                             
Removed 0 unused cells and 10 unused wires.                                     
<suppressed ~1 debug messages>                                                  
                                                                                
82. Executing MEMORY_MAP pass (converting memories to logic and flip-flops).    
                                                                                
83. Executing OPT_EXPR pass (perform const folding).                            
Optimizing module sar_ctrl.                                                     
<suppressed ~1 debug messages>                                                  
                                                                                
84. Executing OPT_MERGE pass (detect identical cells).                          
Finding identical cells in module `\sar_ctrl'.                                  
Computing hashes of 65 cells of `\sar_ctrl'.                                    
Finding duplicate cells in `\sar_ctrl'.                                         
Removed a total of 0 cells.                                                     
                                                                                
85. Executing OPT_MUXTREE pass (detect dead branches in mux trees).             
Running muxtree optimizer on module \sar_ctrl..                                 
  Creating internal representation of mux trees.                                
  Evaluating internal representation of mux trees.                              
  Analyzing evaluation results.                                                 
Removed 0 multiplexer ports.                                                    
<suppressed ~10 debug messages>                                                 
                                                                                
86. Executing OPT_REDUCE pass (consolidate $*mux and $reduce_* inputs).         
  Optimizing cells in module \sar_ctrl.                                         
    New ctrl vector for $pmux cell $procmux$120:                                
$auto$opt_reduce.cc:137:opt_pmux$286                                            
    Consolidated identical input bits for $mux cell $procmux$133:               
      Old ports: A=2'00, B=2'10, Y=$auto$wreduce.cc:514:run$272 [1:0]           
      New ports: A=1'0, B=1'1, Y=$auto$wreduce.cc:514:run$272 [1]               
      New connections: $auto$wreduce.cc:514:run$272 [0] = 1'0                   
  Optimizing cells in module \sar_ctrl.                                         
Performed a total of 2 changes.                                                 
                                                                                
87. Executing OPT_MERGE pass (detect identical cells).                          
Finding identical cells in module `\sar_ctrl'.                                  
Computing hashes of 66 cells of `\sar_ctrl'.                                    
Finding duplicate cells in `\sar_ctrl'.                                         
Removed a total of 0 cells.                                                     
                                                                                
88. Executing OPT_SHARE pass.                                                   
                                                                                
89. Executing OPT_DFF pass (perform DFF optimizations).                         
                                                                                
90. Executing OPT_CLEAN pass (remove unused cells and wires).                   
Finding unused cells or wires in module \sar_ctrl..                             
                                                                                
91. Executing OPT_EXPR pass (perform const folding).                            
Optimizing module sar_ctrl.                                                     
<suppressed ~2 debug messages>                                                  
                                                                                
92. Rerunning OPT passes. (Maybe there is more to do…)                          
                                                                                
93. Executing OPT_MUXTREE pass (detect dead branches in mux trees).             
Running muxtree optimizer on module \sar_ctrl..                                 
  Creating internal representation of mux trees.                                
  Evaluating internal representation of mux trees.                              
  Analyzing evaluation results.                                                 
Removed 0 multiplexer ports.                                                    
<suppressed ~7 debug messages>                                                  
                                                                                
94. Executing OPT_REDUCE pass (consolidate $*mux and $reduce_* inputs).         
  Optimizing cells in module \sar_ctrl.                                         
Performed a total of 0 changes.                                                 
                                                                                
95. Executing OPT_MERGE pass (detect identical cells).                          
Finding identical cells in module `\sar_ctrl'.                                  
Computing hashes of 65 cells of `\sar_ctrl'.                                    
Finding duplicate cells in `\sar_ctrl'.                                         
Removed a total of 0 cells.                                                     
                                                                                
96. Executing OPT_SHARE pass.                                                   
                                                                                
97. Executing OPT_DFF pass (perform DFF optimizations).                         
                                                                                
98. Executing OPT_CLEAN pass (remove unused cells and wires).                   
Finding unused cells or wires in module \sar_ctrl..                             
Removed 0 unused cells and 1 unused wires.                                      
<suppressed ~1 debug messages>                                                  
                                                                                
99. Executing OPT_EXPR pass (perform const folding).                            
Optimizing module sar_ctrl.                                                     
                                                                                
100. Rerunning OPT passes. (Maybe there is more to do…)                         
                                                                                
101. Executing OPT_MUXTREE pass (detect dead branches in mux trees).            
Running muxtree optimizer on module \sar_ctrl..                                 
  Creating internal representation of mux trees.                                
  Evaluating internal representation of mux trees.                              
  Analyzing evaluation results.                                                 
Removed 0 multiplexer ports.                                                    
<suppressed ~7 debug messages>                                                  
                                                                                
102. Executing OPT_REDUCE pass (consolidate $*mux and $reduce_* inputs).        
  Optimizing cells in module \sar_ctrl.                                         
Performed a total of 0 changes.                                                 
                                                                                
103. Executing OPT_MERGE pass (detect identical cells).                         
Finding identical cells in module `\sar_ctrl'.                                  
Computing hashes of 65 cells of `\sar_ctrl'.                                    
Finding duplicate cells in `\sar_ctrl'.                                         
Removed a total of 0 cells.                                                     
                                                                                
104. Executing OPT_SHARE pass.                                                  
                                                                                
105. Executing OPT_DFF pass (perform DFF optimizations).                        
                                                                                
106. Executing OPT_CLEAN pass (remove unused cells and wires).                  
Finding unused cells or wires in module \sar_ctrl..                             
                                                                                
107. Executing OPT_EXPR pass (perform const folding).                           
Optimizing module sar_ctrl.                                                     
                                                                                
108. Executing TECHMAP pass (map to technology primitives).                     
                                                                                
108.1. Executing Verilog-2005 frontend:                                         
/foss/tools/yosys/bin/../share/yosys/techmap.v                                  
Parsing Verilog input from `/foss/tools/yosys/bin/../share/yosys/techmap.v' to  
AST representation.                                                             
Generating RTLIL representation for module `\_90_simplemap_bool_ops'.           
Generating RTLIL representation for module `\_90_simplemap_reduce_ops'.         
Generating RTLIL representation for module `\_90_simplemap_logic_ops'.          
Generating RTLIL representation for module `\_90_simplemap_compare_ops'.        
Generating RTLIL representation for module `\_90_simplemap_various'.            
Generating RTLIL representation for module `\_90_simplemap_registers'.          
Generating RTLIL representation for module `\_90_shift_ops_shr_shl_sshl_sshr'.  
Generating RTLIL representation for module `\_90_shift_shiftx'.                 
Generating RTLIL representation for module `\_90_fa'.                           
Generating RTLIL representation for module `\_90_lcu_brent_kung'.               
Generating RTLIL representation for module `\_90_alu'.                          
Generating RTLIL representation for module `\_90_macc'.                         
Generating RTLIL representation for module `\_90_alumacc'.                      
Generating RTLIL representation for module `$__div_mod_u'.                      
Generating RTLIL representation for module `$__div_mod_trunc'.                  
Generating RTLIL representation for module `\_90_div'.                          
Generating RTLIL representation for module `\_90_mod'.                          
Generating RTLIL representation for module `$__div_mod_floor'.                  
Generating RTLIL representation for module `\_90_divfloor'.                     
Generating RTLIL representation for module `\_90_modfloor'.                     
Generating RTLIL representation for module `\_90_pow'.                          
Generating RTLIL representation for module `\_90_demux'.                        
Generating RTLIL representation for module `\_90_lut'.                          
Generating RTLIL representation for module `$connect'.                          
Generating RTLIL representation for module `$input_port'.                       
Successfully finished Verilog frontend.                                         
                                                                                
108.2. Continuing TECHMAP pass.                                                 
Using extmapper simplemap for cells of type $reduce_or.                         
Using template $paramod$b8c0a997bce700f23568a5ada79cc6781d1f5ca0\_90_alu for    
cells of type $alu.                                                             
Using template $paramod$1a9b2adc0e90ccf2d22dba8d72430d10741e65ed\_90_alu for    
cells of type $alu.                                                             
Using template $paramod$99501223b6f7e5af250351eeb57edb5403a5ad0b\_90_alu for    
cells of type $alu.                                                             
Using template $paramod$025d767fc934a3e7d59a671de523743ebaa07759\_90_alu for    
cells of type $alu.                                                             
Using extmapper simplemap for cells of type $reduce_and.                        
Using extmapper simplemap for cells of type $reduce_bool.                       
Using extmapper simplemap for cells of type $ne.                                
Using extmapper simplemap for cells of type $adffe.                             
Using extmapper simplemap for cells of type $not.                               
Using extmapper simplemap for cells of type $or.                                
Using extmapper simplemap for cells of type $and.                               
Using extmapper simplemap for cells of type $logic_and.                         
Using extmapper simplemap for cells of type $logic_not.                         
Using template                                                                  
$paramod$constmap:82d13b1faa4b21cb1487e5b4ddefba1164cb15a1$paramod$40ccfd5a7f141
8017a9af25543d0c43a198b5946\_90_shift_shiftx for cells of type $shift.          
Analyzing pattern of constant bits for this cell:                               
Creating constmapped module                                                     
`$paramod$constmap:9d7c541a436e2c9bb59914d3a53cc61c099f37b0$paramod$40ccfd5a7f14
18017a9af25543d0c43a198b5946\_90_shift_shiftx'.                                 
                                                                                
108.16. Executing OPT_MUXTREE pass (detect dead branches in mux trees).         
Running muxtree optimizer on module                                             
$paramod$constmap:9d7c541a436e2c9bb59914d3a53cc61c099f37b0$paramod$40ccfd5a7f141
8017a9af25543d0c43a198b5946\_90_shift_shiftx..                                  
  Creating internal representation of mux trees.                                
  Evaluating internal representation of mux trees.                              
  Analyzing evaluation results.                                                 
    dead port 2/2 on $mux $procmux$501.                                         
    dead port 2/2 on $mux $procmux$507.                                         
    dead port 2/2 on $mux $procmux$513.                                         
Removed 3 multiplexer ports.                                                    
<suppressed ~403 debug messages>                                                
                                                                                
108.17. Executing OPT_EXPR pass (perform const folding).                        
Optimizing module                                                               
$paramod$constmap:9d7c541a436e2c9bb59914d3a53cc61c099f37b0$paramod$40ccfd5a7f141
8017a9af25543d0c43a198b5946\_90_shift_shiftx.                                   
<suppressed ~2 debug messages>                                                  
Removed 0 unused cells and 9 unused wires.                                      
Using template                                                                  
$paramod$constmap:9d7c541a436e2c9bb59914d3a53cc61c099f37b0$paramod$40ccfd5a7f141
8017a9af25543d0c43a198b5946\_90_shift_shiftx for cells of type $shift.          
Using template                                                                  
$paramod$constmap:51fb3526f3621c6ba109a6fa670766d42e57f474$paramod$3a55d5cb0043d
442f8310a0b82c3ba1d6d3f1032\_90_shift_shiftx for cells of type $shift.          
Using extmapper simplemap for cells of type $logic_or.                          
Using extmapper simplemap for cells of type $mux.                               
Using extmapper simplemap for cells of type $pmux.                              
Using extmapper simplemap for cells of type $eq.                                
Using extmapper simplemap for cells of type $adff.                              
Using extmapper simplemap for cells of type $xor.                               
Using template $paramod\_90_fa\WIDTH=32'00000000000000000000000000000011 for    
cells of type $fa.                                                              
Using template                                                                  
$paramod\_90_lcu_brent_kung\WIDTH=32'00000000000000000000000000000011 for cells 
of type $lcu.                                                                   
Using extmapper simplemap for cells of type $pos.                               
Using template $paramod\_90_fa\WIDTH=32'00000000000000000000000000000100 for    
cells of type $fa.                                                              
Using template                                                                  
$paramod\_90_lcu_brent_kung\WIDTH=32'00000000000000000000000000000100 for cells 
of type $lcu.                                                                   
Using template $paramod\_90_fa\WIDTH=32'00000000000000000000000000100001 for    
cells of type $fa.                                                              
Using template                                                                  
$paramod\_90_lcu_brent_kung\WIDTH=32'00000000000000000000000000100001 for cells 
of type $lcu.                                                                   
No more expansions possible.                                                    
<suppressed ~1012 debug messages>                                               
                                                                                
109. Executing OPT_EXPR pass (perform const folding).                           
Optimizing module sar_ctrl.                                                     
<suppressed ~734 debug messages>                                                
                                                                                
110. Executing OPT_MERGE pass (detect identical cells).                         
Finding identical cells in module `\sar_ctrl'.                                  
Computing hashes of 427 cells of `\sar_ctrl'.                                   
Finding duplicate cells in `\sar_ctrl'.                                         
Computing hashes of 390 cells of `\sar_ctrl'.                                   
Finding duplicate cells in `\sar_ctrl'.                                         
Computing hashes of 365 cells of `\sar_ctrl'.                                   
Finding duplicate cells in `\sar_ctrl'.                                         
Computing hashes of 342 cells of `\sar_ctrl'.                                   
Finding duplicate cells in `\sar_ctrl'.                                         
Computing hashes of 332 cells of `\sar_ctrl'.                                   
Finding duplicate cells in `\sar_ctrl'.                                         
Computing hashes of 329 cells of `\sar_ctrl'.                                   
Finding duplicate cells in `\sar_ctrl'.                                         
<suppressed ~294 debug messages>                                                
Removed a total of 98 cells.                                                    
                                                                                
111. Executing OPT_DFF pass (perform DFF optimizations).                        
                                                                                
112. Executing OPT_CLEAN pass (remove unused cells and wires).                  
Finding unused cells or wires in module \sar_ctrl..                             
Removed 13 unused cells and 462 unused wires.                                   
<suppressed ~14 debug messages>                                                 
                                                                                
113. Executing OPT_EXPR pass (perform const folding).                           
Optimizing module sar_ctrl.                                                     
<suppressed ~1 debug messages>                                                  
                                                                                
114. Executing OPT_MERGE pass (detect identical cells).                         
Finding identical cells in module `\sar_ctrl'.                                  
Computing hashes of 315 cells of `\sar_ctrl'.                                   
Finding duplicate cells in `\sar_ctrl'.                                         
Removed a total of 0 cells.                                                     
                                                                                
115. Executing OPT_DFF pass (perform DFF optimizations).                        
                                                                                
116. Executing OPT_CLEAN pass (remove unused cells and wires).                  
Finding unused cells or wires in module \sar_ctrl..                             
Removed 0 unused cells and 1 unused wires.                                      
<suppressed ~1 debug messages>                                                  
                                                                                
117. Executing ABC pass (technology mapping using ABC).                         
                                                                                
117.1. Extracting gate netlist of module `\sar_ctrl' to                         
`<abc-temp-dir>/input.blif'..                                                   
                                                                                
117.1.1. Executed ABC.                                                          
Extracted 286 gates and 308 wires to a netlist network with 20 inputs and 35    
outputs.                                                                        
Running ABC script: <abc-temp-dir>/abc.script                                   
ABC: UC Berkeley, ABC 1.01 (compiled Jul 27 2026 09:30:16)                      
ABC: abc 01> empty                                                              
ABC: abc 01> source <abc-temp-dir>/abc.script                                   
ABC: + read_blif <abc-temp-dir>/input.blif                                      
ABC: + read_library <abc-temp-dir>/stdcells.genlib                              
ABC: + strash                                                                   
ABC: + dretime                                                                  
ABC: + map                                                                      
ABC: + write_blif <abc-temp-dir>/output.blif                                    
ABC:                                                                            
ABC: YOSYS_ABC_DONE                                                             
                                                                                
117.1.2. Re-integrating ABC results.                                            
ABC RESULTS:               AND cells:        3                                  
ABC RESULTS:            ANDNOT cells:       59                                  
ABC RESULTS:               MUX cells:       11                                  
ABC RESULTS:              NAND cells:        4                                  
ABC RESULTS:               NOR cells:        9                                  
ABC RESULTS:               NOT cells:       13                                  
ABC RESULTS:                OR cells:       60                                  
ABC RESULTS:             ORNOT cells:       15                                  
ABC RESULTS:              XNOR cells:        1                                  
ABC RESULTS:               XOR cells:        5                                  
ABC RESULTS:        internal signals:      253                                  
ABC RESULTS:           input signals:       20                                  
ABC RESULTS:          output signals:       35                                  
Removing temp directory.                                                        
Removing global temp directory.                                                 
                                                                                
118. Executing OPT pass (performing simple optimizations).                      
                                                                                
118.1. Executing OPT_EXPR pass (perform const folding).                         
Optimizing module sar_ctrl.                                                     
<suppressed ~9 debug messages>                                                  
                                                                                
118.2. Executing OPT_MERGE pass (detect identical cells).                       
Finding identical cells in module `\sar_ctrl'.                                  
Computing hashes of 209 cells of `\sar_ctrl'.                                   
Finding duplicate cells in `\sar_ctrl'.                                         
Computing hashes of 207 cells of `\sar_ctrl'.                                   
Finding duplicate cells in `\sar_ctrl'.                                         
Computing hashes of 206 cells of `\sar_ctrl'.                                   
Finding duplicate cells in `\sar_ctrl'.                                         
<suppressed ~9 debug messages>                                                  
Removed a total of 3 cells.                                                     
                                                                                
118.3. Executing OPT_DFF pass (perform DFF optimizations).                      
                                                                                
118.4. Executing OPT_CLEAN pass (remove unused cells and wires).                
Finding unused cells or wires in module \sar_ctrl..                             
Removed 1 unused cells and 175 unused wires.                                    
<suppressed ~2 debug messages>                                                  
                                                                                
118.5. Finished fast OPT passes.                                                
                                                                                
119. Executing HIERARCHY pass (managing design hierarchy).                      
                                                                                
119.1. Analyzing design hierarchy..                                             
Top module:  \sar_ctrl                                                          
                                                                                
119.2. Analyzing design hierarchy..                                             
Top module:  \sar_ctrl                                                          
Removed 0 unused modules.                                                       
                                                                                
120. Executing CHECK pass (checking for obvious problems).                      
Checking module sar_ctrl...                                                     
Found and reported 0 problems.                                                  
                                                                                
121. Printing statistics.                                                       
                                                                                
=== sar_ctrl ===                                                                
                                                                                
        +----------Local Count, excluding submodules.                           
        |                                                                       
      174 wires                                                                 
      210 wire bits                                                             
       20 public wires                                                          
       45 public wire bits                                                      
       13 ports                                                                 
       34 port bits                                                             
      205 cells                                                                 
       58   $_ANDNOT_                                                           
        3   $_AND_                                                              
       17   $_DFFE_PN0P_                                                        
        8   $_DFFE_PN1P_                                                        
        1   $_DFF_NN0_                                                          
        1   $_DFF_PN0_                                                          
       11   $_MUX_                                                              
        4   $_NAND_                                                             
        9   $_NOR_                                                              
       12   $_NOT_                                                              
       15   $_ORNOT_                                                            
       58   $_OR_                                                               
        1   $_XNOR_                                                             
        5   $_XOR_                                                              
        2   sg13g2_nand2_1                                                      
                                                                                
122. Executing OPT pass (performing simple optimizations).                      
                                                                                
122.1. Executing OPT_EXPR pass (perform const folding).                         
Optimizing module sar_ctrl.                                                     
                                                                                
122.2. Executing OPT_MERGE pass (detect identical cells).                       
Finding identical cells in module `\sar_ctrl'.                                  
Computing hashes of 205 cells of `\sar_ctrl'.                                   
Finding duplicate cells in `\sar_ctrl'.                                         
Removed a total of 0 cells.                                                     
                                                                                
122.3. Executing OPT_MUXTREE pass (detect dead branches in mux trees).          
Running muxtree optimizer on module \sar_ctrl..                                 
  Creating internal representation of mux trees.                                
  No muxes found in this module.                                                
Removed 0 multiplexer ports.                                                    
                                                                                
122.4. Executing OPT_REDUCE pass (consolidate $*mux and $reduce_* inputs).      
  Optimizing cells in module \sar_ctrl.                                         
Performed a total of 0 changes.                                                 
                                                                                
122.5. Executing OPT_MERGE pass (detect identical cells).                       
Finding identical cells in module `\sar_ctrl'.                                  
Computing hashes of 205 cells of `\sar_ctrl'.                                   
Finding duplicate cells in `\sar_ctrl'.                                         
Removed a total of 0 cells.                                                     
                                                                                
122.6. Executing OPT_DFF pass (perform DFF optimizations).                      
                                                                                
122.7. Executing OPT_CLEAN pass (remove unused cells and wires).                
Finding unused cells or wires in module \sar_ctrl..                             
                                                                                
122.8. Executing OPT_EXPR pass (perform const folding).                         
Optimizing module sar_ctrl.                                                     
                                                                                
122.9. Finished fast OPT passes. (There is nothing left to do.)                 
                                                                                
123. Executing OPT_CLEAN pass (remove unused cells and wires).                  
Finding unused cells or wires in module \sar_ctrl..                             
{                                                                               
   "creator": "Yosys 0.67 (git sha1 2d1509d1b, Release, GNU /usr/bin/c++        
13.3.0)",                                                                       
   "invocation": "stat -json -liberty                                           
/foss/designs/sar-adc/logic/runs/RUN_2026-08-16_00-21-01/tmp/ec92ef072434428d80d
da61877ad75de.lib -liberty                                                      
/foss/designs/sar-adc/logic/runs/RUN_2026-08-16_00-21-01/tmp/8ac4dbf51c844c67bea
bafcab45606ed.lib ",                                                            
   "modules": {                                                                 
      "\\sar_ctrl": {                                                           
         "num_wires":         174,                                              
         "num_wire_bits":     210,                                              
         "num_pub_wires":     20,                                               
         "num_pub_wire_bits": 45,                                               
         "num_ports":         13,                                               
         "num_port_bits":     34,                                               
         "num_memories":      0,                                                
         "num_memory_bits":   0,                                                
         "num_processes":     0,                                                
         "num_cells":         205,                                              
         "num_submodules":       0,                                             
         "area":              14.515200,                                        
         "sequential_area":    0.000000,                                        
         "num_cells_by_type": {                                                 
            "$_ANDNOT_": 58,                                                    
            "$_AND_": 3,                                                        
            "$_DFFE_PN0P_": 17,                                                 
            "$_DFFE_PN1P_": 8,                                                  
            "$_DFF_NN0_": 1,                                                    
            "$_DFF_PN0_": 1,                                                    
            "$_MUX_": 11,                                                       
            "$_NAND_": 4,                                                       
            "$_NOR_": 9,                                                        
            "$_NOT_": 12,                                                       
            "$_ORNOT_": 15,                                                     
            "$_OR_": 58,                                                        
            "$_XNOR_": 1,                                                       
            "$_XOR_": 5,                                                        
            "sg13g2_nand2_1": 2                                                 
         }                                                                      
      }                                                                         
   },                                                                           
      "design": {                                                               
         "num_wires":         174,                                              
         "num_wire_bits":     210,                                              
         "num_pub_wires":     20,                                               
         "num_pub_wire_bits": 45,                                               
         "num_ports":         13,                                               
         "num_port_bits":     34,                                               
         "num_memories":      0,                                                
         "num_memory_bits":   0,                                                
         "num_processes":     0,                                                
         "num_cells":         205,                                              
         "num_submodules":       0,                                             
         "area":              14.515200,                                        
         "sequential_area":    0.000000,                                        
         "num_cells_by_type": {                                                 
            "$_ANDNOT_": 58,                                                    
            "$_AND_": 3,                                                        
            "$_DFFE_PN0P_": 17,                                                 
            "$_DFFE_PN1P_": 8,                                                  
            "$_DFF_NN0_": 1,                                                    
            "$_DFF_PN0_": 1,                                                    
            "$_MUX_": 11,                                                       
            "$_NAND_": 4,                                                       
            "$_NOR_": 9,                                                        
            "$_NOT_": 12,                                                       
            "$_ORNOT_": 15,                                                     
            "$_OR_": 58,                                                        
            "$_XNOR_": 1,                                                       
            "$_XOR_": 5,                                                        
            "sg13g2_nand2_1": 2                                                 
         }                                                                      
      }                                                                         
}                                                                               
                                                                                
124. Printing statistics.                                                       
                                                                                
=== sar_ctrl ===                                                                
                                                                                
        +----------Local Count, excluding submodules.                           
        |        +-Local Area, excluding submodules.                            
        |        |                                                              
      174        - wires                                                        
      210        - wire bits                                                    
       20        - public wires                                                 
       45        - public wire bits                                             
       13        - ports                                                        
       34        - port bits                                                    
      205   14.515 cells                                                        
       58        -   $_ANDNOT_                                                  
        3        -   $_AND_                                                     
       17        -   $_DFFE_PN0P_                                               
        8        -   $_DFFE_PN1P_                                               
        1        -   $_DFF_NN0_                                                 
        1        -   $_DFF_PN0_                                                 
       11        -   $_MUX_                                                     
        4        -   $_NAND_                                                    
        9        -   $_NOR_                                                     
       12        -   $_NOT_                                                     
       15        -   $_ORNOT_                                                   
       58        -   $_OR_                                                      
        1        -   $_XNOR_                                                    
        5        -   $_XOR_                                                     
        2   14.515   sg13g2_nand2_1                                             
                                                                                
   Area for cell type $_ANDNOT_ is unknown!                                     
   Area for cell type $_AND_ is unknown!                                        
   Area for cell type $_DFFE_PN0P_ is unknown!                                  
   Area for cell type $_DFFE_PN1P_ is unknown!                                  
   Area for cell type $_DFF_NN0_ is unknown!                                    
   Area for cell type $_DFF_PN0_ is unknown!                                    
   Area for cell type $_MUX_ is unknown!                                        
   Area for cell type $_NAND_ is unknown!                                       
   Area for cell type $_NOR_ is unknown!                                        
   Area for cell type $_NOT_ is unknown!                                        
   Area for cell type $_ORNOT_ is unknown!                                      
   Area for cell type $_OR_ is unknown!                                         
   Area for cell type $_XNOR_ is unknown!                                       
   Area for cell type $_XOR_ is unknown!                                        
                                                                                
   Chip area for module '\sar_ctrl': 14.515200                                  
     of which used for sequential elements: 0.000000 (0.00%)                    
                                                                                
[INFO] Applying tri-state buffer mapping from                                   
'/foss/pdks/ihp-sg13g2/libs.tech/librelane/sg13g2_stdcell/tribuff_map.v'…       
                                                                                
125. Executing TECHMAP pass (map to technology primitives).                     
                                                                                
125.1. Executing Verilog-2005 frontend:                                         
/foss/pdks/ihp-sg13g2/libs.tech/librelane/sg13g2_stdcell/tribuff_map.v          
Parsing Verilog input from                                                      
`/foss/pdks/ihp-sg13g2/libs.tech/librelane/sg13g2_stdcell/tribuff_map.v' to AST 
representation.                                                                 
Generating RTLIL representation for module `$_TBUF_'.                           
Successfully finished Verilog frontend.                                         
                                                                                
125.2. Continuing TECHMAP pass.                                                 
No more expansions possible.                                                    
<suppressed ~3 debug messages>                                                  
                                                                                
126. Executing SIMPLEMAP pass (map simple cells to gate primitives).            
[INFO] Applying latch mapping from                                              
'/foss/pdks/ihp-sg13g2/libs.tech/librelane/sg13g2_stdcell/latch_map.v'…         
                                                                                
127. Executing TECHMAP pass (map to technology primitives).                     
                                                                                
127.1. Executing Verilog-2005 frontend:                                         
/foss/pdks/ihp-sg13g2/libs.tech/librelane/sg13g2_stdcell/latch_map.v            
Parsing Verilog input from                                                      
`/foss/pdks/ihp-sg13g2/libs.tech/librelane/sg13g2_stdcell/latch_map.v' to AST   
representation.                                                                 
Generating RTLIL representation for module `$_DLATCH_P_'.                       
Generating RTLIL representation for module `$_DLATCH_PN0_'.                     
Generating RTLIL representation for module `$_DLATCH_N_'.                       
Generating RTLIL representation for module `$_DLATCH_NN0_'.                     
Successfully finished Verilog frontend.                                         
                                                                                
127.2. Continuing TECHMAP pass.                                                 
No more expansions possible.                                                    
<suppressed ~6 debug messages>                                                  
                                                                                
128. Executing SIMPLEMAP pass (map simple cells to gate primitives).            
                                                                                
129. Executing DFFLIBMAP pass (mapping DFF cells to sequential cells from       
liberty file).                                                                  
  cell sg13g2_dfrbpq_1 (noninv, pins=4, area=48.99) is a direct match for cell  
type $_DFF_PN0_.                                                                
  final dff cell mappings:                                                      
    unmapped dff cell: $_DFF_N_                                                 
    unmapped dff cell: $_DFF_P_                                                 
    unmapped dff cell: $_DFF_NN0_                                               
    unmapped dff cell: $_DFF_NN1_                                               
    unmapped dff cell: $_DFF_NP0_                                               
    unmapped dff cell: $_DFF_NP1_                                               
    \sg13g2_dfrbpq_1 _DFF_PN0_ (.CLK( C), .D( D), .Q( Q), .RESET_B( R));        
    unmapped dff cell: $_DFF_PN1_                                               
    unmapped dff cell: $_DFF_PP0_                                               
    unmapped dff cell: $_DFF_PP1_                                               
    unmapped dff cell: $_DFFE_NN_                                               
    unmapped dff cell: $_DFFE_NP_                                               
    unmapped dff cell: $_DFFE_PN_                                               
    unmapped dff cell: $_DFFE_PP_                                               
    unmapped dff cell: $_DFFSR_NNN_                                             
    unmapped dff cell: $_DFFSR_NNP_                                             
    unmapped dff cell: $_DFFSR_NPN_                                             
    unmapped dff cell: $_DFFSR_NPP_                                             
    unmapped dff cell: $_DFFSR_PNN_                                             
    unmapped dff cell: $_DFFSR_PNP_                                             
    unmapped dff cell: $_DFFSR_PPN_                                             
    unmapped dff cell: $_DFFSR_PPP_                                             
                                                                                
129.1. Executing DFFLEGALIZE pass (convert FFs to types supported by the        
target).                                                                        
<suppressed ~4 debug messages>                                                  
Mapping DFF cells in module `\sar_ctrl':                                        
  mapped 27 $_DFF_PN0_ cells to \sg13g2_dfrbpq_1 cells.                         
{                                                                               
   "creator": "Yosys 0.67 (git sha1 2d1509d1b, Release, GNU /usr/bin/c++        
13.3.0)",                                                                       
   "invocation": "stat -json -liberty                                           
/foss/designs/sar-adc/logic/runs/RUN_2026-08-16_00-21-01/tmp/ec92ef072434428d80d
da61877ad75de.lib -liberty                                                      
/foss/designs/sar-adc/logic/runs/RUN_2026-08-16_00-21-01/tmp/8ac4dbf51c844c67bea
bafcab45606ed.lib ",                                                            
   "modules": {                                                                 
      "\\sar_ctrl": {                                                           
         "num_wires":         216,                                              
         "num_wire_bits":     252,                                              
         "num_pub_wires":     20,                                               
         "num_pub_wire_bits": 45,                                               
         "num_ports":         13,                                               
         "num_port_bits":     34,                                               
         "num_memories":      0,                                                
         "num_memory_bits":   0,                                                
         "num_processes":     0,                                                
         "num_cells":         247,                                              
         "num_submodules":       0,                                             
         "area":              1337.212800,                                      
         "sequential_area":    1322.697600,                                     
         "num_cells_by_type": {                                                 
            "$_ANDNOT_": 58,                                                    
            "$_AND_": 3,                                                        
            "$_MUX_": 36,                                                       
            "$_NAND_": 4,                                                       
            "$_NOR_": 9,                                                        
            "$_NOT_": 29,                                                       
            "$_ORNOT_": 15,                                                     
            "$_OR_": 58,                                                        
            "$_XNOR_": 1,                                                       
            "$_XOR_": 5,                                                        
            "sg13g2_dfrbpq_1": 27,                                              
            "sg13g2_nand2_1": 2                                                 
         }                                                                      
      }                                                                         
   },                                                                           
      "design": {                                                               
         "num_wires":         216,                                              
         "num_wire_bits":     252,                                              
         "num_pub_wires":     20,                                               
         "num_pub_wire_bits": 45,                                               
         "num_ports":         13,                                               
         "num_port_bits":     34,                                               
         "num_memories":      0,                                                
         "num_memory_bits":   0,                                                
         "num_processes":     0,                                                
         "num_cells":         247,                                              
         "num_submodules":       0,                                             
         "area":              1337.212800,                                      
         "sequential_area":    1322.697600,                                     
         "num_cells_by_type": {                                                 
            "$_ANDNOT_": 58,                                                    
            "$_AND_": 3,                                                        
            "$_MUX_": 36,                                                       
            "$_NAND_": 4,                                                       
            "$_NOR_": 9,                                                        
            "$_NOT_": 29,                                                       
            "$_ORNOT_": 15,                                                     
            "$_OR_": 58,                                                        
            "$_XNOR_": 1,                                                       
            "$_XOR_": 5,                                                        
            "sg13g2_dfrbpq_1": 27,                                              
            "sg13g2_nand2_1": 2                                                 
         }                                                                      
      }                                                                         
}                                                                               
                                                                                
130. Printing statistics.                                                       
                                                                                
=== sar_ctrl ===                                                                
                                                                                
        +----------Local Count, excluding submodules.                           
        |        +-Local Area, excluding submodules.                            
        |        |                                                              
      216        - wires                                                        
      252        - wire bits                                                    
       20        - public wires                                                 
       45        - public wire bits                                             
       13        - ports                                                        
       34        - port bits                                                    
      247 1.34E+03 cells                                                        
       58        -   $_ANDNOT_                                                  
        3        -   $_AND_                                                     
       36        -   $_MUX_                                                     
        4        -   $_NAND_                                                    
        9        -   $_NOR_                                                     
       29        -   $_NOT_                                                     
       15        -   $_ORNOT_                                                   
       58        -   $_OR_                                                      
        1        -   $_XNOR_                                                    
        5        -   $_XOR_                                                     
       27 1.32E+03   sg13g2_dfrbpq_1                                            
        2   14.515   sg13g2_nand2_1                                             
                                                                                
   Area for cell type $_ANDNOT_ is unknown!                                     
   Area for cell type $_AND_ is unknown!                                        
   Area for cell type $_MUX_ is unknown!                                        
   Area for cell type $_NAND_ is unknown!                                       
   Area for cell type $_NOR_ is unknown!                                        
   Area for cell type $_NOT_ is unknown!                                        
   Area for cell type $_ORNOT_ is unknown!                                      
   Area for cell type $_OR_ is unknown!                                         
   Area for cell type $_XNOR_ is unknown!                                       
   Area for cell type $_XOR_ is unknown!                                        
                                                                                
   Chip area for module '\sar_ctrl': 1337.212800                                
     of which used for sequential elements: 1322.697600 (98.91%)                
                                                                                
[INFO] Using generated ABC script                                               
'/foss/designs/sar-adc/logic/runs/RUN_2026-08-16_00-21-01/06-yosys-synthesis/ARE
A_0.abc'…                                                                       
                                                                                
131. Executing ABC pass (technology mapping using ABC).                         
                                                                                
131.1. Extracting gate netlist of module `\sar_ctrl' to                         
`/tmp/yosys-abc-DeZ5n5/input.blif'..                                            
                                                                                
131.1.1. Executed ABC.                                                          
Extracted 218 gates and 247 wires to a netlist network with 29 inputs and 47    
outputs.                                                                        
Running ABC script: /tmp/yosys-abc-DeZ5n5/abc.script                            
ABC: UC Berkeley, ABC 1.01 (compiled Jul 27 2026 09:30:16)                      
ABC: abc 01> empty                                                              
ABC: abc 01> source /tmp/yosys-abc-DeZ5n5/abc.script                            
ABC: + read_blif /tmp/yosys-abc-DeZ5n5/input.blif                               
ABC: + read_scl /tmp/yosys-liberty-scl-cache/yosys_merged_ec8fa8f8.scl          
ABC: + read_constr -v                                                           
/foss/designs/sar-adc/logic/runs/RUN_2026-08-16_00-21-01/06-yosys-synthesis/synt
hesis.abc.sdc                                                                   
ABC: Setting driving cell to be "sg13g2_buf_4/X".                               
ABC: Setting output load to be 6.000000.                                        
ABC: + source                                                                   
/foss/designs/sar-adc/logic/runs/RUN_2026-08-16_00-21-01/06-yosys-synthesis/AREA
_0.abc                                                                          
ABC: Error: The network is combinational.                                       
ABC: Cannot find the default PI driving cell (sg13g2_buf_4/X) in the library.   
ABC: WireLoad = "none"  Gates =    124 ( 15.3 %)   Cap =  7.6 ff (  2.8 %)      
Area =     1054.02 ( 94.4 %)   Delay =   748.74 ps  (  7.3 %)                   
ABC: Path  0 --      11 : 0    7 pi             A =   0.00  Df =   0.0   -0.0 ps
S =   0.0 ps  Cin =  0.0 ff  Cout =  19.8 ff  Cmax =   0.0 ff  G =    0         
ABC: Path  1 --      96 : 2    2 sg13g2_nor2b_1 A =   9.07  Df =  94.9  -31.7 ps
S =  70.2 ps  Cin =  2.6 ff  Cout =   6.3 ff  Cmax = 300.0 ff  G =  238         
ABC: Path  2 --     124 : 4   10 sg13g2_a22oi_1 A =  10.85  Df = 311.3   -1.0 ps
S = 300.4 ps  Cin =  3.1 ff  Cout =  31.9 ff  Cmax = 300.0 ff  G = 1019         
ABC: Path  3 --     125 : 1    5 sg13g2_inv_1   A =   5.44  Df = 469.1  -16.7 ps
S = 115.2 ps  Cin =  2.9 ff  Cout =  18.2 ff  Cmax = 300.0 ff  G =  622         
ABC: Path  4 --     132 : 2    3 sg13g2_and2_1  A =   9.07  Df = 592.2   -7.0 ps
S =  58.0 ps  Cin =  2.5 ff  Cout =   9.5 ff  Cmax = 300.0 ff  G =  360         
ABC: Path  5 --     140 : 3    1 sg13g2_o21ai_1 A =   9.07  Df = 674.6  -30.0 ps
S =  70.8 ps  Cin =  3.3 ff  Cout =   3.1 ff  Cmax = 300.0 ff  G =   90         
ABC: Path  6 --     141 : 2    1 sg13g2_nand2_1 A =   7.26  Df = 748.7  -55.6 ps
S =  58.8 ps  Cin =  2.9 ff  Cout =   6.0 ff  Cmax = 300.0 ff  G =  204         
ABC: Start-point = pi10 (\state [1]).  End-point = po29                         
($auto$rtlil.cc:3510:MuxGate$2347).                                             
ABC: netlist                       : i/o =   29/   47  lat =    0  nd =   124   
edge =    295  area =1053.94  delay = 6.00  lev = 6                             
ABC: + write_blif /tmp/yosys-abc-DeZ5n5/output.blif                             
ABC:                                                                            
ABC: YOSYS_ABC_DONE                                                             
                                                                                
131.1.2. Re-integrating ABC results.                                            
ABC RESULTS:     sg13g2_a21o_1 cells:        1                                  
ABC RESULTS:    sg13g2_a21oi_1 cells:       11                                  
ABC RESULTS:   sg13g2_a221oi_1 cells:        2                                  
ABC RESULTS:    sg13g2_a22oi_1 cells:        4                                  
ABC RESULTS:     sg13g2_and2_1 cells:        3                                  
ABC RESULTS:     sg13g2_and3_1 cells:        2                                  
ABC RESULTS:      sg13g2_inv_1 cells:       19                                  
ABC RESULTS:     sg13g2_mux2_1 cells:        2                                  
ABC RESULTS:    sg13g2_nand2_1 cells:       28                                  
ABC RESULTS:   sg13g2_nand2b_1 cells:        2                                  
ABC RESULTS:    sg13g2_nand3_1 cells:        3                                  
ABC RESULTS:   sg13g2_nand3b_1 cells:        2                                  
ABC RESULTS:    sg13g2_nand4_1 cells:        1                                  
ABC RESULTS:     sg13g2_nor2_1 cells:        8                                  
ABC RESULTS:    sg13g2_nor2b_1 cells:        4                                  
ABC RESULTS:     sg13g2_nor3_1 cells:        4                                  
ABC RESULTS:    sg13g2_o21ai_1 cells:       23                                  
ABC RESULTS:      sg13g2_or2_1 cells:        3                                  
ABC RESULTS:      sg13g2_or3_1 cells:        2                                  
ABC RESULTS:        internal signals:      171                                  
ABC RESULTS:           input signals:       29                                  
ABC RESULTS:          output signals:       47                                  
Removing temp directory.                                                        
Removing global temp directory.                                                 
                                                                                
132. Executing SETUNDEF pass (replace undef values with defined constants).     
                                                                                
133. Executing HILOMAP pass (mapping to constant drivers).                      
                                                                                
134. Executing SPLITNETS pass (splitting up multi-bit signals).                 
                                                                                
135. Executing OPT_CLEAN pass (remove unused cells and wires).                  
Finding unused cells or wires in module \sar_ctrl..                             
Removed 0 unused cells and 247 unused wires.                                    
<suppressed ~1 debug messages>                                                  
                                                                                
136. Executing INSBUF pass (insert buffer cells for connected wires).           
                                                                                
137. Executing CHECK pass (checking for obvious problems).                      
Checking module sar_ctrl...                                                     
Found and reported 0 problems.                                                  
{                                                                               
   "creator": "Yosys 0.67 (git sha1 2d1509d1b, Release, GNU /usr/bin/c++        
13.3.0)",                                                                       
   "invocation": "stat -json -liberty                                           
/foss/designs/sar-adc/logic/runs/RUN_2026-08-16_00-21-01/tmp/ec92ef072434428d80d
da61877ad75de.lib -liberty                                                      
/foss/designs/sar-adc/logic/runs/RUN_2026-08-16_00-21-01/tmp/8ac4dbf51c844c67bea
bafcab45606ed.lib ",                                                            
   "modules": {                                                                 
      "\\sar_ctrl": {                                                           
         "num_wires":         137,                                              
         "num_wire_bits":     158,                                              
         "num_pub_wires":     24,                                               
         "num_pub_wire_bits": 45,                                               
         "num_ports":         13,                                               
         "num_port_bits":     34,                                               
         "num_memories":      0,                                                
         "num_memory_bits":   0,                                                
         "num_processes":     0,                                                
         "num_cells":         153,                                              
         "num_submodules":       0,                                             
         "area":              2391.228000,                                      
         "sequential_area":    1322.697600,                                     
         "num_cells_by_type": {                                                 
            "sg13g2_a21o_1": 1,                                                 
            "sg13g2_a21oi_1": 11,                                               
            "sg13g2_a221oi_1": 2,                                               
            "sg13g2_a22oi_1": 4,                                                
            "sg13g2_and2_1": 3,                                                 
            "sg13g2_and3_1": 2,                                                 
            "sg13g2_dfrbpq_1": 27,                                              
            "sg13g2_inv_1": 19,                                                 
            "sg13g2_mux2_1": 2,                                                 
            "sg13g2_nand2_1": 30,                                               
            "sg13g2_nand2b_1": 2,                                               
            "sg13g2_nand3_1": 3,                                                
            "sg13g2_nand3b_1": 2,                                               
            "sg13g2_nand4_1": 1,                                                
            "sg13g2_nor2_1": 8,                                                 
            "sg13g2_nor2b_1": 4,                                                
            "sg13g2_nor3_1": 4,                                                 
            "sg13g2_o21ai_1": 23,                                               
            "sg13g2_or2_1": 3,                                                  
            "sg13g2_or3_1": 2                                                   
         }                                                                      
      }                                                                         
   },                                                                           
      "design": {                                                               
         "num_wires":         137,                                              
         "num_wire_bits":     158,                                              
         "num_pub_wires":     24,                                               
         "num_pub_wire_bits": 45,                                               
         "num_ports":         13,                                               
         "num_port_bits":     34,                                               
         "num_memories":      0,                                                
         "num_memory_bits":   0,                                                
         "num_processes":     0,                                                
         "num_cells":         153,                                              
         "num_submodules":       0,                                             
         "area":              2391.228000,                                      
         "sequential_area":    1322.697600,                                     
         "num_cells_by_type": {                                                 
            "sg13g2_a21o_1": 1,                                                 
            "sg13g2_a21oi_1": 11,                                               
            "sg13g2_a221oi_1": 2,                                               
            "sg13g2_a22oi_1": 4,                                                
            "sg13g2_and2_1": 3,                                                 
            "sg13g2_and3_1": 2,                                                 
            "sg13g2_dfrbpq_1": 27,                                              
            "sg13g2_inv_1": 19,                                                 
            "sg13g2_mux2_1": 2,                                                 
            "sg13g2_nand2_1": 30,                                               
            "sg13g2_nand2b_1": 2,                                               
            "sg13g2_nand3_1": 3,                                                
            "sg13g2_nand3b_1": 2,                                               
            "sg13g2_nand4_1": 1,                                                
            "sg13g2_nor2_1": 8,                                                 
            "sg13g2_nor2b_1": 4,                                                
            "sg13g2_nor3_1": 4,                                                 
            "sg13g2_o21ai_1": 23,                                               
            "sg13g2_or2_1": 3,                                                  
            "sg13g2_or3_1": 2                                                   
         }                                                                      
      }                                                                         
}                                                                               
                                                                                
138. Printing statistics.                                                       
                                                                                
=== sar_ctrl ===                                                                
                                                                                
        +----------Local Count, excluding submodules.                           
        |        +-Local Area, excluding submodules.                            
        |        |                                                              
      137        - wires                                                        
      158        - wire bits                                                    
       24        - public wires                                                 
       45        - public wire bits                                             
       13        - ports                                                        
       34        - port bits                                                    
      153 2.39E+03 cells                                                        
        1   12.701   sg13g2_a21o_1                                              
       11   99.792   sg13g2_a21oi_1                                             
        2    29.03   sg13g2_a221oi_1                                            
        4   43.394   sg13g2_a22oi_1                                             
        3   27.216   sg13g2_and2_1                                              
        2   25.402   sg13g2_and3_1                                              
       27 1.32E+03   sg13g2_dfrbpq_1                                            
       19  103.421   sg13g2_inv_1                                               
        2   36.288   sg13g2_mux2_1                                              
       30  217.728   sg13g2_nand2_1                                             
        2   18.144   sg13g2_nand2b_1                                            
        3   27.216   sg13g2_nand3_1                                             
        2   25.402   sg13g2_nand3b_1                                            
        1   10.886   sg13g2_nand4_1                                             
        8   58.061   sg13g2_nor2_1                                              
        4   36.288   sg13g2_nor2b_1                                             
        4   36.288   sg13g2_nor3_1                                              
       23  208.656   sg13g2_o21ai_1                                             
        3   27.216   sg13g2_or2_1                                               
        2   25.402   sg13g2_or3_1                                               
                                                                                
   Chip area for module '\sar_ctrl': 2391.228000                                
     of which used for sequential elements: 1322.697600 (55.31%)                
                                                                                
139. Executing Verilog backend.                                                 
Dumping module `\sar_ctrl'.                                                     
                                                                                
140. Executing JSON backend.                                                    
[00:21:03] VERBOSE  Parsing synthesis checks…                       pyosys.py:59
──────────────────────────── Unmapped Cells Checker ────────────────────────────
[00:21:03] VERBOSE  Running 'Checker.YosysUnmappedCells' at         step.py:1138
                    'runs/RUN_2026-08-16_00-21-01/07-checker-yosysu             
                    nmappedcells'…                                              
[00:21:03] INFO     Check for Unmapped Yosys instances clear.     checker.py:131
────────────────────────────── Yosys Synth Checks ──────────────────────────────
[00:21:03] VERBOSE  Running 'Checker.YosysSynthChecks' at           step.py:1138
                    'runs/RUN_2026-08-16_00-21-01/08-checker-yosyss             
                    ynthchecks'…                                                
[00:21:03] INFO     Check for Yosys check errors clear.           checker.py:131
─────────────────────── Netlist Assign Statement Checker ───────────────────────
[00:21:03] VERBOSE  Running 'Checker.NetlistAssignStatements' at    step.py:1138
                    'runs/RUN_2026-08-16_00-21-01/09-checker-netlis             
                    tassignstatements'…                                         
─────────────────────────────── Check SDC Files ────────────────────────────────
[00:21:03] VERBOSE  Running 'OpenROAD.CheckSDCFiles' at             step.py:1138
                    'runs/RUN_2026-08-16_00-21-01/10-openroad-check             
                    sdcfiles'…                                                  
──────────────────────────── Check Macro Instances ─────────────────────────────
[00:21:03] VERBOSE  Running 'OpenROAD.CheckMacroInstances' at       step.py:1138
                    'runs/RUN_2026-08-16_00-21-01/11-openroad-check             
                    macroinstances'…                                            
[00:21:03] INFO     No macros found, skipping instance check…    openroad.py:693
─────────────────────── Static Timing Analysis (Pre-PnR) ───────────────────────
[00:21:03] VERBOSE  Running 'OpenROAD.STAPrePNR' at                 step.py:1138
                    'runs/RUN_2026-08-16_00-21-01/12-openroad-stapr             
                    epnr'…                                                      
[00:21:03] INFO     Starting STA for the nom_fast_1p32V_m40C     openroad.py:748
                    timing corner…                                              
[00:21:03] INFO     Starting STA for the nom_slow_1p08V_125C     openroad.py:748
                    timing corner…                                              
[00:21:03] INFO     Starting STA for the nom_typ_1p20V_25C       openroad.py:748
                    timing corner…                                              
[00:21:03] VERBOSE  Logging subprocess to                           step.py:1338
                    'runs/RUN_2026-08-16_00-21-01/12-openroad-stapr             
                    epnr/nom_slow_1p08V_125C/sta.log'…                          
[00:21:03] VERBOSE  Logging subprocess to                           step.py:1338
                    'runs/RUN_2026-08-16_00-21-01/12-openroad-stapr             
                    epnr/nom_fast_1p32V_m40C/sta.log'…                          
[00:21:03] VERBOSE  Logging subprocess to                           step.py:1338
                    'runs/RUN_2026-08-16_00-21-01/12-openroad-stapr             
                    epnr/nom_typ_1p20V_25C/sta.log'…                            
[00:21:04] INFO     Finished STA for the nom_slow_1p08V_125C     openroad.py:763
                    timing corner.                                              
[00:21:04] INFO     Finished STA for the nom_fast_1p32V_m40C     openroad.py:763
                    timing corner.                                              
[00:21:04] INFO     Finished STA for the nom_typ_1p20V_25C       openroad.py:763
                    timing corner.                                              
┏━━━━━━━━━━━━━━━━━━━━━━┳━━━━┳━━━━┳━━━━┳━━━━┳━━━━┳━━━┳━━━━┳━━━┳━━━━┳━━━┳━━━━┳━━━┓
┃                      ┃    ┃    ┃    ┃    ┃ of ┃   ┃    ┃   ┃    ┃ … ┃    ┃   ┃
┃                      ┃    ┃ R… ┃    ┃    ┃ w… ┃   ┃ R… ┃   ┃    ┃ … ┃    ┃   ┃
┃                      ┃ H… ┃ to ┃    ┃ H… ┃ r… ┃ … ┃ to ┃   ┃ S… ┃ … ┃ M… ┃ … ┃
┃                      ┃ W… ┃ R… ┃ H… ┃ V… ┃ to ┃ … ┃ R… ┃ … ┃ V… ┃ … ┃ C… ┃ … ┃
┃ Corner/Group         ┃ S… ┃ P… ┃ T… ┃ C… ┃ r… ┃ … ┃ P… ┃ … ┃ C… ┃ … ┃ V… ┃ … ┃
┡━━━━━━━━━━━━━━━━━━━━━━╇━━━━╇━━━━╇━━━━╇━━━━╇━━━━╇━━━╇━━━━╇━━━╇━━━━╇━━━╇━━━━╇━━━┩
│ Overall              │ 0… │ 0… │ 0… │ 0  │ 0  │ … │ 4… │ … │ 0  │ 0 │ 0  │ 0 │
│ nom_fast_1p32V_m40C  │ 0… │ 0… │ 0… │ 0  │ 0  │ … │ 4… │ … │ 0  │ 0 │ 0  │ 0 │
│ nom_slow_1p08V_125C  │ 0… │ 0… │ 0… │ 0  │ 0  │ … │ 4… │ … │ 0  │ 0 │ 0  │ 0 │
│ nom_typ_1p20V_25C    │ 0… │ 0… │ 0… │ 0  │ 0  │ … │ 4… │ … │ 0  │ 0 │ 0  │ 0 │
└──────────────────────┴────┴────┴────┴────┴────┴───┴────┴───┴────┴───┴────┴───┘
─────────────────────────── Floorplan Initialization ───────────────────────────
[00:21:04] VERBOSE  Running 'OpenROAD.Floorplan' at                 step.py:1138
                    'runs/RUN_2026-08-16_00-21-01/13-openroad-floor             
                    plan'…                                                      
[00:21:04] VERBOSE  Logging subprocess to                           step.py:1338
                    'runs/RUN_2026-08-16_00-21-01/13-openroad-floor             
                    plan/openroad-floorplan.log'…                               
Reading timing models for corner nom_typ_1p20V_25C…                             
Reading timing library for the 'nom_typ_1p20V_25C' corner at                    
'/foss/pdks/ihp-sg13g2/libs.ref/sg13g2_stdcell/lib/sg13g2_stdcell_typ_1p20V_25C.
lib'…                                                                           
Reading timing library for the 'nom_typ_1p20V_25C' corner at                    
'/foss/pdks/ihp-sg13g2/libs.ref/sg13g2_io/lib/sg13g2_io_typ_1p2V_3p3V_25C.lib'… 
Reading technology LEF file at                                                  
'/foss/pdks/ihp-sg13g2/libs.ref/sg13g2_stdcell/lef/sg13g2_tech.lef'…            
[INFO ODB-0227] LEF file:                                                       
/foss/pdks/ihp-sg13g2/libs.ref/sg13g2_stdcell/lef/sg13g2_tech.lef, created 19   
layers, 70 vias                                                                 
Reading cell LEF file at                                                        
'/foss/pdks/ihp-sg13g2/libs.ref/sg13g2_stdcell/lef/sg13g2_stdcell.lef'…         
[INFO ODB-0227] LEF file:                                                       
/foss/pdks/ihp-sg13g2/libs.ref/sg13g2_stdcell/lef/sg13g2_stdcell.lef, created 84
library cells                                                                   
Reading gpio pad LEF file at                                                    
'/foss/pdks/ihp-sg13g2/libs.ref/sg13g2_io/lef/sg13g2_io.lef'…                   
[INFO ODB-0227] LEF file:                                                       
/foss/pdks/ihp-sg13g2/libs.ref/sg13g2_io/lef/sg13g2_io.lef, created 22 library  
cells                                                                           
Reading top-level netlist at                                                    
'/foss/designs/sar-adc/logic/runs/RUN_2026-08-16_00-21-01/06-yosys-synthesis/sar
_ctrl.nl.v'…                                                                    
Linking design 'sar_ctrl' from netlist…                                         
Reading design constraints file at '/foss/designs/sar-adc/logic/impl.sdc'…      
[00:21:04] WARNING  [STA-0441] set_input_delay relative to a     openroad.py:314
                    clock defined on the same port/pin not                      
                    allowed.                                                    
[INFO] No information on clock propagation in input SDC file-- propagating all  
clocks.                                                                         
Using site height: 3.78 and site width: 0.48…                                   
[INFO] Using absolute sizing for the floorplan.                                 
[INFO] Using the set CORE_AREA; ignoring core margin parameters                 
+ initialize_floorplan -site CoreSite -die_area 0 0 50 100 -core_area 5 5 45 95 
[00:21:04] WARNING  [IFP-0028] Core area lower left (5.000,      openroad.py:314
                    5.000) snapped to (5.280, 7.560).                           
[INFO IFP-0001] Added 23 rows of 82 site CoreSite.                              
[INFO IFP-0100] Die BBox:  (  0.000  0.000 ) ( 50.000 100.000 ) um              
[INFO IFP-0101] Core BBox: (  5.280  7.560 ) ( 44.640 94.500 ) um               
[INFO IFP-0102] Core area:                         3421.958 um^2                
[INFO IFP-0103] Total instances area:              2391.379 um^2                
[INFO IFP-0104] Effective utilization:                0.699                     
[INFO IFP-0105] Number of instances:                    153                     
[INFO IFP-0030] Inserted 0 tiecells using sg13g2_tielo/L_LO.                    
[INFO IFP-0030] Inserted 0 tiecells using sg13g2_tiehi/L_HI.                    
[INFO] Extracting DIE_AREA and CORE_AREA from the floorplan                     
[INFO] Floorplanned on a die area of 0.0 0.0 50.0 100.0 (µm).                   
[INFO] Floorplanned on a core area of 5.28 7.56 44.64 94.5 (µm).                
Writing metric design__die__bbox: 0.0 0.0 50.0 100.0                            
Writing metric design__core__bbox: 5.28 7.56 44.64 94.5                         
Setting global connections for newly added cells…                               
[INFO] Setting global connections...                                            
[INFO ODB-0403] 0 connections made, 0 conflicts skipped.                        
Updating metrics…                                                               
Cell type report:                       Count       Area                        
  Inverter                                 19     103.42                        
  Sequential cell                          27    1322.70                        
  Multi-Input combinational cell          107     965.26                        
  Total                                   153    2391.38                        
Writing OpenROAD database to                                                    
'/foss/designs/sar-adc/logic/runs/RUN_2026-08-16_00-21-01/13-openroad-floorplan/
sar_ctrl.odb'…                                                                  
Writing netlist to                                                              
'/foss/designs/sar-adc/logic/runs/RUN_2026-08-16_00-21-01/13-openroad-floorplan/
sar_ctrl.nl.v'…                                                                 
Writing powered netlist to                                                      
'/foss/designs/sar-adc/logic/runs/RUN_2026-08-16_00-21-01/13-openroad-floorplan/
sar_ctrl.pnl.v'…                                                                
Writing layout to                                                               
'/foss/designs/sar-adc/logic/runs/RUN_2026-08-16_00-21-01/13-openroad-floorplan/
sar_ctrl.def'…                                                                  
Writing timing constraints to                                                   
'/foss/designs/sar-adc/logic/runs/RUN_2026-08-16_00-21-01/13-openroad-floorplan/
sar_ctrl.sdc'…                                                                  
──────────────────────────────── Dump RC Values ────────────────────────────────
[00:21:05] VERBOSE  Running 'OpenROAD.DumpRCValues' at              step.py:1138
                    'runs/RUN_2026-08-16_00-21-01/14-openroad-dumpr             
                    cvalues'…                                                   
[00:21:05] VERBOSE  Logging subprocess to                           step.py:1338
                    'runs/RUN_2026-08-16_00-21-01/14-openroad-dumpr             
                    cvalues/openroad-dumprcvalues.log'…                         
Reading timing models for corner nom_typ_1p20V_25C…                             
Reading timing library for the 'nom_typ_1p20V_25C' corner at                    
'/foss/pdks/ihp-sg13g2/libs.ref/sg13g2_stdcell/lib/sg13g2_stdcell_typ_1p20V_25C.
lib'…                                                                           
Reading timing library for the 'nom_typ_1p20V_25C' corner at                    
'/foss/pdks/ihp-sg13g2/libs.ref/sg13g2_io/lib/sg13g2_io_typ_1p2V_3p3V_25C.lib'… 
Reading technology LEF file at                                                  
'/foss/pdks/ihp-sg13g2/libs.ref/sg13g2_stdcell/lef/sg13g2_tech.lef'…            
[INFO ODB-0227] LEF file:                                                       
/foss/pdks/ihp-sg13g2/libs.ref/sg13g2_stdcell/lef/sg13g2_tech.lef, created 19   
layers, 70 vias                                                                 
Reading cell LEF file at                                                        
'/foss/pdks/ihp-sg13g2/libs.ref/sg13g2_stdcell/lef/sg13g2_stdcell.lef'…         
[INFO ODB-0227] LEF file:                                                       
/foss/pdks/ihp-sg13g2/libs.ref/sg13g2_stdcell/lef/sg13g2_stdcell.lef, created 84
library cells                                                                   
Reading gpio pad LEF file at                                                    
'/foss/pdks/ihp-sg13g2/libs.ref/sg13g2_io/lef/sg13g2_io.lef'…                   
[INFO ODB-0227] LEF file:                                                       
/foss/pdks/ihp-sg13g2/libs.ref/sg13g2_io/lef/sg13g2_io.lef, created 22 library  
cells                                                                           
[INFO ODB-0127] Reading DEF file:                                               
/foss/designs/sar-adc/logic/runs/RUN_2026-08-16_00-21-01/13-openroad-floorplan/s
ar_ctrl.def                                                                     
[INFO ODB-0128] Design: sar_ctrl                                                
[INFO ODB-0130]     Created 34 pins.                                            
[INFO ODB-0131]     Created 153 components and 839 component-terminals.         
[INFO ODB-0132]     Created 2 special nets and 306 connections.                 
[INFO ODB-0133]     Created 158 nets and 533 connections.                       
[INFO ODB-0134] Finished DEF file:                                              
/foss/designs/sar-adc/logic/runs/RUN_2026-08-16_00-21-01/13-openroad-floorplan/s
ar_ctrl.def                                                                     
────────── Check Antenna Properties of Macros Pins in Their LEF Views ──────────
[00:21:05] VERBOSE  Running 'Odb.CheckMacroAntennaProperties' at    step.py:1138
                    'runs/RUN_2026-08-16_00-21-01/15-odb-checkmacro             
                    antennaproperties'…                                         
[00:21:05] INFO     No cells provided, skipping                       odb.py:234
                    'Odb.CheckMacroAntennaProperties'…                          
──────────────────────────── Set Power Connections ─────────────────────────────
[00:21:05] VERBOSE  Running 'Odb.SetPowerConnections' at            step.py:1138
                    'runs/RUN_2026-08-16_00-21-01/16-odb-setpowerco             
                    nnections'…                                                 
[00:21:05] VERBOSE  Logging subprocess to                           step.py:1338
                    'runs/RUN_2026-08-16_00-21-01/16-odb-setpowerco             
                    nnections/odb-setpowerconnections.log'…                     
──────────────────────────── Manual Macro Placement ────────────────────────────
[00:21:05] VERBOSE  Running 'Odb.ManualMacroPlacement' at           step.py:1138
                    'runs/RUN_2026-08-16_00-21-01/17-odb-manualmacr             
                    oplacement'…                                                
[00:21:05] INFO     No instances found, skipping                      odb.py:468
                    'Odb.ManualMacroPlacement'…                                 
─────────────────────────────────── Cut Rows ───────────────────────────────────
[00:21:05] VERBOSE  Running 'OpenROAD.CutRows' at                   step.py:1138
                    'runs/RUN_2026-08-16_00-21-01/18-openroad-cutro             
                    ws'…                                                        
[00:21:05] VERBOSE  Logging subprocess to                           step.py:1338
                    'runs/RUN_2026-08-16_00-21-01/18-openroad-cutro             
                    ws/openroad-cutrows.log'…                                   
Reading timing models for corner nom_typ_1p20V_25C…                             
Reading timing library for the 'nom_typ_1p20V_25C' corner at                    
'/foss/pdks/ihp-sg13g2/libs.ref/sg13g2_stdcell/lib/sg13g2_stdcell_typ_1p20V_25C.
lib'…                                                                           
Reading timing library for the 'nom_typ_1p20V_25C' corner at                    
'/foss/pdks/ihp-sg13g2/libs.ref/sg13g2_io/lib/sg13g2_io_typ_1p2V_3p3V_25C.lib'… 
Reading OpenROAD database at                                                    
'/foss/designs/sar-adc/logic/runs/RUN_2026-08-16_00-21-01/16-odb-setpowerconnect
ions/sar_ctrl.odb'…                                                             
Reading design constraints file at '/foss/designs/sar-adc/logic/impl.sdc'…      
[00:21:06] WARNING  [STA-0441] set_input_delay relative to a     openroad.py:314
                    clock defined on the same port/pin not                      
                    allowed.                                                    
[INFO] No information on clock propagation in input SDC file-- propagating all  
clocks.                                                                         
+ cut_rows -halo_width_x 10 -halo_width_y 10                                    
Setting global connections for newly added cells…                               
[INFO] Setting global connections...                                            
[INFO ODB-0403] 0 connections made, 0 conflicts skipped.                        
Updating metrics…                                                               
Cell type report:                       Count       Area                        
  Inverter                                 19     103.42                        
  Sequential cell                          27    1322.70                        
  Multi-Input combinational cell          107     965.26                        
  Total                                   153    2391.38                        
Writing OpenROAD database to                                                    
'/foss/designs/sar-adc/logic/runs/RUN_2026-08-16_00-21-01/18-openroad-cutrows/sa
r_ctrl.odb'…                                                                    
Writing layout to                                                               
'/foss/designs/sar-adc/logic/runs/RUN_2026-08-16_00-21-01/18-openroad-cutrows/sa
r_ctrl.def'…                                                                    
───────────────────────────── Tap/Decap Insertion ──────────────────────────────
[00:21:06] VERBOSE  Running 'OpenROAD.TapEndcapInsertion' at        step.py:1138
                    'runs/RUN_2026-08-16_00-21-01/19-openroad-tapen             
                    dcapinsertion'…                                             
[00:21:06] VERBOSE  Logging subprocess to                           step.py:1338
                    'runs/RUN_2026-08-16_00-21-01/19-openroad-tapen             
                    dcapinsertion/openroad-tapendcapinsertion.log'…             
Reading timing models for corner nom_typ_1p20V_25C…                             
Reading timing library for the 'nom_typ_1p20V_25C' corner at                    
'/foss/pdks/ihp-sg13g2/libs.ref/sg13g2_stdcell/lib/sg13g2_stdcell_typ_1p20V_25C.
lib'…                                                                           
Reading timing library for the 'nom_typ_1p20V_25C' corner at                    
'/foss/pdks/ihp-sg13g2/libs.ref/sg13g2_io/lib/sg13g2_io_typ_1p2V_3p3V_25C.lib'… 
Reading OpenROAD database at                                                    
'/foss/designs/sar-adc/logic/runs/RUN_2026-08-16_00-21-01/18-openroad-cutrows/sa
r_ctrl.odb'…                                                                    
Reading design constraints file at '/foss/designs/sar-adc/logic/impl.sdc'…      
[00:21:06] WARNING  [STA-0441] set_input_delay relative to a     openroad.py:314
                    clock defined on the same port/pin not                      
                    allowed.                                                    
[INFO] No information on clock propagation in input SDC file-- propagating all  
clocks.                                                                         
+ tapcell -halo_width_x 10 -halo_width_y 10 -distance 0                         
Setting global connections for newly added cells…                               
[INFO] Setting global connections...                                            
[INFO ODB-0403] 0 connections made, 0 conflicts skipped.                        
Updating metrics…                                                               
Cell type report:                       Count       Area                        
  Inverter                                 19     103.42                        
  Sequential cell                          27    1322.70                        
  Multi-Input combinational cell          107     965.26                        
  Total                                   153    2391.38                        
Writing OpenROAD database to                                                    
'/foss/designs/sar-adc/logic/runs/RUN_2026-08-16_00-21-01/19-openroad-tapendcapi
nsertion/sar_ctrl.odb'…                                                         
Writing netlist to                                                              
'/foss/designs/sar-adc/logic/runs/RUN_2026-08-16_00-21-01/19-openroad-tapendcapi
nsertion/sar_ctrl.nl.v'…                                                        
Writing powered netlist to                                                      
'/foss/designs/sar-adc/logic/runs/RUN_2026-08-16_00-21-01/19-openroad-tapendcapi
nsertion/sar_ctrl.pnl.v'…                                                       
Writing layout to                                                               
'/foss/designs/sar-adc/logic/runs/RUN_2026-08-16_00-21-01/19-openroad-tapendcapi
nsertion/sar_ctrl.def'…                                                         
Writing timing constraints to                                                   
'/foss/designs/sar-adc/logic/runs/RUN_2026-08-16_00-21-01/19-openroad-tapendcapi
nsertion/sar_ctrl.sdc'…                                                         
───────────────────────────── Add PDN obstructions ─────────────────────────────
[00:21:06] VERBOSE  Running 'Odb.AddPDNObstructions' at             step.py:1138
                    'runs/RUN_2026-08-16_00-21-01/20-odb-addpdnobst             
                    ructions'…                                                  
[00:21:06] INFO     'PDN_OBSTRUCTIONS' is not defined. Skipping       odb.py:589
                    'Odb.AddPDNObstructions'…                                   
──────────────────── Power Distribution Network Generation ─────────────────────
[00:21:06] VERBOSE  Running 'OpenROAD.GeneratePDN' at               step.py:1138
                    'runs/RUN_2026-08-16_00-21-01/21-openroad-gener             
                    atepdn'…                                                    
[00:21:06] INFO     'PDN_CFG' not explicitly set, setting it to openroad.py:1495
                    /usr/local/lib/python3.12/dist-packages/lib                 
                    relane/scripts/openroad/common/pdn_cfg.tcl…                 
[00:21:06] VERBOSE  Logging subprocess to                           step.py:1338
                    'runs/RUN_2026-08-16_00-21-01/21-openroad-gener             
                    atepdn/openroad-generatepdn.log'…                           
Reading timing models for corner nom_typ_1p20V_25C…                             
Reading timing library for the 'nom_typ_1p20V_25C' corner at                    
'/foss/pdks/ihp-sg13g2/libs.ref/sg13g2_stdcell/lib/sg13g2_stdcell_typ_1p20V_25C.
lib'…                                                                           
Reading timing library for the 'nom_typ_1p20V_25C' corner at                    
'/foss/pdks/ihp-sg13g2/libs.ref/sg13g2_io/lib/sg13g2_io_typ_1p2V_3p3V_25C.lib'… 
Reading OpenROAD database at                                                    
'/foss/designs/sar-adc/logic/runs/RUN_2026-08-16_00-21-01/19-openroad-tapendcapi
nsertion/sar_ctrl.odb'…                                                         
Reading design constraints file at '/foss/designs/sar-adc/logic/impl.sdc'…      
[00:21:06] WARNING  [STA-0441] set_input_delay relative to a     openroad.py:314
                    clock defined on the same port/pin not                      
                    allowed.                                                    
[INFO] No information on clock propagation in input SDC file-- propagating all  
clocks.                                                                         
[INFO] Setting global connections...                                            
[INFO ODB-0403] 0 connections made, 0 conflicts skipped.                        
+ pdngen                                                                        
[INFO PDN-0001] Inserting grid: stdcell_grid                                    
Setting global connections for newly added cells…                               
[INFO] Setting global connections...                                            
[INFO ODB-0403] 0 connections made, 0 conflicts skipped.                        
Updating metrics…                                                               
Cell type report:                       Count       Area                        
  Inverter                                 19     103.42                        
  Sequential cell                          27    1322.70                        
  Multi-Input combinational cell          107     965.26                        
  Total                                   153    2391.38                        
Writing OpenROAD database to                                                    
'/foss/designs/sar-adc/logic/runs/RUN_2026-08-16_00-21-01/21-openroad-generatepd
n/sar_ctrl.odb'…                                                                
Writing netlist to                                                              
'/foss/designs/sar-adc/logic/runs/RUN_2026-08-16_00-21-01/21-openroad-generatepd
n/sar_ctrl.nl.v'…                                                               
Writing powered netlist to                                                      
'/foss/designs/sar-adc/logic/runs/RUN_2026-08-16_00-21-01/21-openroad-generatepd
n/sar_ctrl.pnl.v'…                                                              
Writing layout to                                                               
'/foss/designs/sar-adc/logic/runs/RUN_2026-08-16_00-21-01/21-openroad-generatepd
n/sar_ctrl.def'…                                                                
Writing timing constraints to                                                   
'/foss/designs/sar-adc/logic/runs/RUN_2026-08-16_00-21-01/21-openroad-generatepd
n/sar_ctrl.sdc'…                                                                
[INFO PSM-0040] All shapes on net VDD are connected.                            
[INFO PSM-0040] All shapes on net VSS are connected.                            
─────────────────────────── Remove PDN obstructions ────────────────────────────
[00:21:07] VERBOSE  Running 'Odb.RemovePDNObstructions' at          step.py:1138
                    'runs/RUN_2026-08-16_00-21-01/22-odb-removepdno             
                    bstructions'…                                               
[00:21:07] INFO     'PDN_OBSTRUCTIONS' is not defined. Skipping       odb.py:589
                    'Odb.RemovePDNObstructions'…                                
─────────────────────────────── Add Obstructions ───────────────────────────────
[00:21:07] VERBOSE  Running 'Odb.AddRoutingObstructions' at         step.py:1138
                    'runs/RUN_2026-08-16_00-21-01/23-odb-addrouting             
                    obstructions'…                                              
[00:21:07] INFO     'ROUTING_OBSTRUCTIONS' is not defined. Skipping   odb.py:589
                    'Odb.AddRoutingObstructions'…                               
─────────────────────────── Global Placement Skip IO ───────────────────────────
[00:21:07] VERBOSE  Running 'OpenROAD.GlobalPlacementSkipIO' at     step.py:1138
                    'runs/RUN_2026-08-16_00-21-01/24-openroad-globa             
                    lplacementskipio'…                                          
[00:21:07] INFO     I/O pins to be placed from                  openroad.py:1679
                    /foss/designs/sar-adc/logic/pin_order.cfg.                  
                    Returning state unaltered…                                  
──────────────────────────────── I/O Placement ─────────────────────────────────
[00:21:07] VERBOSE  Running 'OpenROAD.IOPlacement' at               step.py:1138
                    'runs/RUN_2026-08-16_00-21-01/25-openroad-iopla             
                    cement'…                                                    
[00:21:07] INFO     IO_PIN_ORDER_CFG is set. Skipping           openroad.py:1369
                    'OpenROAD.IOPlacement'…                                     
─────────────────────── Custom I/O Pin Placement Script ────────────────────────
[00:21:07] VERBOSE  Running 'Odb.CustomIOPlacement' at              step.py:1138
                    'runs/RUN_2026-08-16_00-21-01/26-odb-customiopl             
                    acement'…                                                   
[00:21:07] VERBOSE  Logging subprocess to                           step.py:1338
                    'runs/RUN_2026-08-16_00-21-01/26-odb-customiopl             
                    acement/odb-customioplacement.log'…                         
Top-level design name: sar_ctrl                                                 
Block boundaries: 0 0 50000 100000                                              
Horizontal Tracks Origin: 420, Count: 237, Step: 420                            
Vertical Tracks Origin: 480, Count: 103, Step: 480                              
Placement details for the E side                                                
Virtual pin count:  0                                                           
Actual pin count:  1                                                            
Total pin count:  1                                                             
Tracks count:  119                                                              
Tracks per pin:  119                                                            
Used tracks count:  1                                                           
Unused track count:  118                                                        
Starting track index:  59                                                       
Placement details for the W side                                                
Virtual pin count:  0                                                           
Actual pin count:  4                                                            
Total pin count:  4                                                             
Tracks count:  119                                                              
Tracks per pin:  29                                                             
Used tracks count:  88                                                          
Unused track count:  31                                                         
Starting track index:  15                                                       
Placement details for the S side                                                
Virtual pin count:  0                                                           
Actual pin count:  29                                                           
Total pin count:  29                                                            
Tracks count:  52                                                               
Tracks per pin:  1                                                              
Used tracks count:  29                                                          
Unused track count:  23                                                         
Starting track index:  11                                                       
────────────────────────────── Apply DEF Template ──────────────────────────────
[00:21:08] VERBOSE  Running 'Odb.ApplyDEFTemplate' at               step.py:1138
                    'runs/RUN_2026-08-16_00-21-01/27-odb-applydefte             
                    mplate'…                                                    
[00:21:08] INFO     No DEF template provided, skipping                odb.py:302
                    'Odb.ApplyDEFTemplate'…                                     
─────────────────────────────── Global Placement ───────────────────────────────
[00:21:08] VERBOSE  Running 'OpenROAD.GlobalPlacement' at           step.py:1138
                    'runs/RUN_2026-08-16_00-21-01/28-openroad-globa             
                    lplacement'…                                                
[00:21:08] VERBOSE  Logging subprocess to                           step.py:1338
                    'runs/RUN_2026-08-16_00-21-01/28-openroad-globa             
                    lplacement/openroad-globalplacement.log'…                   
Reading timing models for corner nom_typ_1p20V_25C…                             
Reading timing library for the 'nom_typ_1p20V_25C' corner at                    
'/foss/pdks/ihp-sg13g2/libs.ref/sg13g2_stdcell/lib/sg13g2_stdcell_typ_1p20V_25C.
lib'…                                                                           
Reading timing library for the 'nom_typ_1p20V_25C' corner at                    
'/foss/pdks/ihp-sg13g2/libs.ref/sg13g2_io/lib/sg13g2_io_typ_1p2V_3p3V_25C.lib'… 
Reading OpenROAD database at                                                    
'/foss/designs/sar-adc/logic/runs/RUN_2026-08-16_00-21-01/26-odb-customioplaceme
nt/sar_ctrl.odb'…                                                               
Reading design constraints file at '/foss/designs/sar-adc/logic/impl.sdc'…      
[00:21:08] WARNING  [STA-0441] set_input_delay relative to a     openroad.py:314
                    clock defined on the same port/pin not                      
                    allowed.                                                    
[INFO] No information on clock propagation in input SDC file-- propagating all  
clocks.                                                                         
[INFO] Setting signal min routing layer to: Metal2 and clock min routing layer  
to Metal2.                                                                      
[INFO] Setting signal max routing layer to: TopMetal2 and clock max routing     
layer to TopMetal2.                                                             
+ global_placement -density 0.65 -routability_driven -pad_right 0 -pad_left 0   
-init_wirelength_coef 0.25                                                      
[INFO GPL-0001] ---- Initialize GPL Main Data Structures                        
[INFO GPL-0002] DBU: 1000                                                       
[INFO GPL-0003] SiteSize: (  0.480  3.780 ) um                                  
[INFO GPL-0004] CoreBBox: (  5.280  7.560 ) ( 44.640 94.500 ) um                
[INFO GPL-0036] Movable instances area:       2391.379 um^2                     
[INFO GPL-0037] Total instances area:         2391.379 um^2                     
[INFO GPL-0035] Pin density area adjust:       276.594 um^2                     
[INFO GPL-0032] ---- Initialize Region: Top-level                               
[INFO GPL-0006] Number of instances:               153                          
[INFO GPL-0007] Movable instances:                 153                          
[INFO GPL-0008] Fixed instances:                     0                          
[INFO GPL-0009] Dummy instances:                     0                          
[INFO GPL-0010] Number of nets:                    158                          
[INFO GPL-0011] Number of pins:                    567                          
[INFO GPL-0012] Die BBox:  (  0.000  0.000 ) ( 50.000 100.000 ) um              
[INFO GPL-0013] Core BBox: (  5.280  7.560 ) ( 44.640 94.500 ) um               
[INFO GPL-0016] Core area:                    3421.958 um^2                     
[INFO GPL-0014] Region name: top-level.                                         
[INFO GPL-0015] Region area:                  3421.958 um^2                     
[INFO GPL-0017] Fixed instances area:            0.000 um^2                     
[INFO GPL-0018] Movable instances area:       2667.973 um^2                     
[INFO GPL-0019] Utilization:                    77.966 %                        
[INFO GPL-0020] Standard cells area:          2667.973 um^2                     
[INFO GPL-0021] Large instances area:            0.000 um^2                     
[INFO GPL-0005] ---- Execute Conjugate Gradient Initial Placement.              
[INFO GPL-0051] Source of initial instance position counters:                   
        Odb location = 0        Core center = 153       Region center = 0       
[InitialPlace]  Iter: 1 conjugate gradient residual: 0.00000010 HPWL: 2430200   
[InitialPlace]  Iter: 2 conjugate gradient residual: 0.00000009 HPWL: 2604673   
[InitialPlace]  Iter: 3 conjugate gradient residual: 0.00000010 HPWL: 2185835   
[InitialPlace]  Iter: 4 conjugate gradient residual: 0.00000011 HPWL: 2184800   
[InitialPlace]  Iter: 5 conjugate gradient residual: 0.00000009 HPWL: 2190985   
[INFO GPL-0033] ---- Initialize Nesterov Region: Top-level                      
[00:21:08] WARNING  [GPL-0302] Target density 0.6500 is too low  openroad.py:314
                    for the available free area.                                
Automatically adjusting to uniform density 0.7800.                              
[INFO GPL-0023] Placement target density:       0.7800                          
[INFO GPL-0024] Movable insts average area:     17.438 um^2                     
[INFO GPL-0025] Ideal bin area:                 22.356 um^2                     
[INFO GPL-0026] Ideal bin count:                   153                          
[INFO GPL-0027] Total bin area:               3421.958 um^2                     
[INFO GPL-0028] Bin count (X, Y):           8 ,     16                          
[INFO GPL-0029] Bin size (W * H):       4.920 *  5.434 um                       
[INFO GPL-0030] Number of bins:                    128                          
[INFO GPL-0007] ---- Execute Nesterov Global Placement.                         
[INFO GPL-0031] HPWL: Half-Perimeter Wirelength                                 
Iteration | Overflow |     HPWL (um) |  HPWL(%) |   Penalty | Group             
---------------------------------------------------------------                 
        0 |   0.9127 |  1.216723e+03 |   +0.00% |  9.62e-15 |                   
       10 |   0.8941 |  1.277440e+03 |   +4.99% |  1.57e-14 |                   
       20 |   0.8962 |  1.281133e+03 |   +0.29% |  2.55e-14 |                   
       30 |   0.8960 |  1.278625e+03 |   -0.20% |  4.16e-14 |                   
       40 |   0.8961 |  1.278893e+03 |   +0.02% |  6.77e-14 |                   
       50 |   0.8961 |  1.279181e+03 |   +0.02% |  1.10e-13 |                   
       60 |   0.8962 |  1.278900e+03 |   -0.02% |  1.80e-13 |                   
       70 |   0.8960 |  1.279534e+03 |   +0.05% |  2.93e-13 |                   
       80 |   0.8958 |  1.280338e+03 |   +0.06% |  4.77e-13 |                   
       90 |   0.8957 |  1.281318e+03 |   +0.08% |  7.77e-13 |                   
      100 |   0.8953 |  1.283177e+03 |   +0.15% |  1.26e-12 |                   
      110 |   0.8948 |  1.286279e+03 |   +0.24% |  2.06e-12 |                   
      120 |   0.8941 |  1.291469e+03 |   +0.40% |  3.36e-12 |                   
      130 |   0.8930 |  1.300247e+03 |   +0.68% |  5.47e-12 |                   
      140 |   0.8903 |  1.314258e+03 |   +1.08% |  8.90e-12 |                   
      150 |   0.8816 |  1.338871e+03 |   +1.87% |  1.45e-11 |                   
      160 |   0.8732 |  1.375101e+03 |   +2.71% |  2.36e-11 |                   
      170 |   0.8646 |  1.434640e+03 |   +4.33% |  3.85e-11 |                   
      180 |   0.8492 |  1.511769e+03 |   +5.38% |  6.27e-11 |                   
      190 |   0.8268 |  1.609242e+03 |   +6.45% |  1.02e-10 |                   
      200 |   0.7965 |  1.729622e+03 |   +7.48% |  1.66e-10 |                   
      210 |   0.7646 |  1.854941e+03 |   +7.25% |  2.71e-10 |                   
      220 |   0.7270 |  1.994278e+03 |   +7.51% |  4.41e-10 |                   
      230 |   0.6848 |  2.126045e+03 |   +6.61% |  7.19e-10 |                   
      240 |   0.6374 |  2.244170e+03 |   +5.56% |  1.17e-09 |                   
[INFO GPL-0038] Routability snapshot saved at iter = 250                        
      249 |   0.5956 |  2.373959e+03 |          |           |                   
      250 |   0.5934 |  2.387571e+03 |   +6.39% |  1.91e-09 |                   
      260 |   0.5510 |  2.531351e+03 |   +6.02% |  3.11e-09 |                   
      270 |   0.5083 |  2.664972e+03 |   +5.28% |  5.06e-09 |                   
      280 |   0.4548 |  2.727565e+03 |   +2.35% |  8.24e-09 |                   
      290 |   0.3958 |  2.770429e+03 |   +1.57% |  1.34e-08 |                   
      300 |   0.3422 |  2.814796e+03 |   +1.60% |  2.19e-08 |                   
      310 |   0.3039 |  2.850793e+03 |   +1.28% |  3.22e-08 |                   
[INFO GPL-0040] Routability iteration: 1                                        
[INFO GPL-0041] Total routing overflow: 0.0000                                  
[INFO GPL-0042] Number of overflowed tiles: 0 (0.00%)                           
[INFO GPL-0043] Average top 0.5% routing congestion: 0.7501                     
[INFO GPL-0044] Average top 1.0% routing congestion: 0.7501                     
[INFO GPL-0045] Average top 2.0% routing congestion: 0.7499                     
[INFO GPL-0046] Average top 5.0% routing congestion: 0.7154                     
[INFO GPL-0047] Routability iteration weighted routing congestion: 0.7501       
[INFO GPL-0050] Weighted routing congestion is lower than target routing        
congestion(1.0100), end routability optimization.                               
[INFO GPL-0090] Routability finished. Target routing congestion achieved        
succesfully.                                                                    
Iteration | Overflow |     HPWL (um) |  HPWL(%) |   Penalty | Group             
---------------------------------------------------------------                 
      320 |   0.2616 |  2.889550e+03 |   +1.36% |  4.75e-08 |                   
      330 |   0.2380 |  2.922437e+03 |   +1.14% |  6.99e-08 |                   
      340 |   0.2036 |  2.946083e+03 |   +0.81% |  1.03e-07 |                   
      350 |   0.1790 |  2.975695e+03 |   +1.01% |  1.52e-07 |                   
      360 |   0.1576 |  3.012468e+03 |   +1.24% |  2.24e-07 |                   
      370 |   0.1222 |  3.027265e+03 |   +0.49% |  3.29e-07 |                   
      378 |   0.0998 |  3.048243e+03 |          |  4.67e-07 |                   
---------------------------------------------------------------                 
[INFO GPL-1001] Global placement finished at iteration 378                      
[INFO GPL-1003] Routability mode iteration count: 61                            
[INFO GPL-1005] Routability final weighted congestion: 0.7076                   
[INFO GPL-1002] Placed Cell Area             2667.9734                          
[INFO GPL-1003] Available Free Area          3421.9584                          
[INFO GPL-1004] Minimum Feasible Density        0.7800 (cell_area / free_area)  
[INFO GPL-1006]   Suggested Target Densities:                                   
[INFO GPL-1007]     - For 90% usage of free space: 0.8663                       
[INFO GPL-1008]     - For 80% usage of free space: 0.9746                       
[INFO GPL-1011] Original area (um^2): 2667.97                                   
[INFO GPL-1012] Total routability artificial inflation: 0.00 (+0.00%)           
[INFO GPL-1014] Final placement area: 2667.97 (+0.00%)                          
Setting global connections for newly added cells…                               
[INFO] Setting global connections...                                            
[INFO ODB-0403] 0 connections made, 0 conflicts skipped.                        
Updating metrics…                                                               
Cell type report:                       Count       Area                        
  Inverter                                 19     103.42                        
  Sequential cell                          27    1322.70                        
  Multi-Input combinational cell          107     965.26                        
  Total                                   153    2391.38                        
Writing OpenROAD database to                                                    
'/foss/designs/sar-adc/logic/runs/RUN_2026-08-16_00-21-01/28-openroad-globalplac
ement/sar_ctrl.odb'…                                                            
Writing netlist to                                                              
'/foss/designs/sar-adc/logic/runs/RUN_2026-08-16_00-21-01/28-openroad-globalplac
ement/sar_ctrl.nl.v'…                                                           
Writing powered netlist to                                                      
'/foss/designs/sar-adc/logic/runs/RUN_2026-08-16_00-21-01/28-openroad-globalplac
ement/sar_ctrl.pnl.v'…                                                          
Writing layout to                                                               
'/foss/designs/sar-adc/logic/runs/RUN_2026-08-16_00-21-01/28-openroad-globalplac
ement/sar_ctrl.def'…                                                            
Writing timing constraints to                                                   
'/foss/designs/sar-adc/logic/runs/RUN_2026-08-16_00-21-01/28-openroad-globalplac
ement/sar_ctrl.sdc'…                                                            
───────────────────────────── Write Verilog Header ─────────────────────────────
[00:21:08] VERBOSE  Running 'Odb.WriteVerilogHeader' at             step.py:1138
                    'runs/RUN_2026-08-16_00-21-01/29-odb-writeveril             
                    ogheader'…                                                  
[00:21:08] VERBOSE  Logging subprocess to                           step.py:1338
                    'runs/RUN_2026-08-16_00-21-01/29-odb-writeveril             
                    ogheader/odb-writeverilogheader.log'…                       
───────────────────────── Power Grid Violation Checker ─────────────────────────
[00:21:09] VERBOSE  Running 'Checker.PowerGridViolations' at        step.py:1138
                    'runs/RUN_2026-08-16_00-21-01/30-checker-powerg             
                    ridviolations'…                                             
[00:21:09] INFO     Check for power grid violations (as reported  checker.py:131
                    by OpenROAD PSM- you may ignore these if LVS                
                    passes) clear.                                              
─────────────────────── Static Timing Analysis (Mid-PnR) ───────────────────────
[00:21:09] VERBOSE  Running 'OpenROAD.STAMidPNR' at                 step.py:1138
                    'runs/RUN_2026-08-16_00-21-01/31-openroad-stami             
                    dpnr'…                                                      
[00:21:09] VERBOSE  Logging subprocess to                           step.py:1338
                    'runs/RUN_2026-08-16_00-21-01/31-openroad-stami             
                    dpnr/openroad-stamidpnr.log'…                               
Reading timing models for corner nom_typ_1p20V_25C…                             
Reading timing library for the 'nom_typ_1p20V_25C' corner at                    
'/foss/pdks/ihp-sg13g2/libs.ref/sg13g2_stdcell/lib/sg13g2_stdcell_typ_1p20V_25C.
lib'…                                                                           
Reading timing library for the 'nom_typ_1p20V_25C' corner at                    
'/foss/pdks/ihp-sg13g2/libs.ref/sg13g2_io/lib/sg13g2_io_typ_1p2V_3p3V_25C.lib'… 
Reading OpenROAD database at                                                    
'/foss/designs/sar-adc/logic/runs/RUN_2026-08-16_00-21-01/28-openroad-globalplac
ement/sar_ctrl.odb'…                                                            
Reading design constraints file at '/foss/designs/sar-adc/logic/impl.sdc'…      
[00:21:10] WARNING  [STA-0441] set_input_delay relative to a     openroad.py:314
                    clock defined on the same port/pin not                      
                    allowed.                                                    
[INFO] No information on clock propagation in input SDC file-- propagating all  
clocks.                                                                         
──────────────────── Repair Design (Post-Global Placement) ─────────────────────
[00:21:10] VERBOSE  Running 'OpenROAD.RepairDesignPostGPL' at       step.py:1138
                    'runs/RUN_2026-08-16_00-21-01/32-openroad-repai             
                    rdesignpostgpl'…                                            
[00:21:10] VERBOSE  Logging subprocess to                           step.py:1338
                    'runs/RUN_2026-08-16_00-21-01/32-openroad-repai             
                    rdesignpostgpl/openroad-repairdesignpostgpl.log             
                    '…                                                          
Reading timing models for corner nom_fast_1p32V_m40C…                           
Reading timing library for the 'nom_fast_1p32V_m40C' corner at                  
'/foss/pdks/ihp-sg13g2/libs.ref/sg13g2_stdcell/lib/sg13g2_stdcell_fast_1p32V_m40
C.lib'…                                                                         
Reading timing library for the 'nom_fast_1p32V_m40C' corner at                  
'/foss/pdks/ihp-sg13g2/libs.ref/sg13g2_io/lib/sg13g2_io_fast_1p32V_3p6V_m40C.lib
'…                                                                              
Reading timing models for corner nom_slow_1p08V_125C…                           
Reading timing library for the 'nom_slow_1p08V_125C' corner at                  
'/foss/pdks/ihp-sg13g2/libs.ref/sg13g2_stdcell/lib/sg13g2_stdcell_slow_1p08V_125
C.lib'…                                                                         
Reading timing library for the 'nom_slow_1p08V_125C' corner at                  
'/foss/pdks/ihp-sg13g2/libs.ref/sg13g2_io/lib/sg13g2_io_slow_1p08V_3p0V_125C.lib
'…                                                                              
Reading timing models for corner nom_typ_1p20V_25C…                             
Reading timing library for the 'nom_typ_1p20V_25C' corner at                    
'/foss/pdks/ihp-sg13g2/libs.ref/sg13g2_stdcell/lib/sg13g2_stdcell_typ_1p20V_25C.
lib'…                                                                           
Reading timing library for the 'nom_typ_1p20V_25C' corner at                    
'/foss/pdks/ihp-sg13g2/libs.ref/sg13g2_io/lib/sg13g2_io_typ_1p2V_3p3V_25C.lib'… 
Reading OpenROAD database at                                                    
'/foss/designs/sar-adc/logic/runs/RUN_2026-08-16_00-21-01/28-openroad-globalplac
ement/sar_ctrl.odb'…                                                            
Reading design constraints file at '/foss/designs/sar-adc/logic/impl.sdc'…      
[00:21:11] WARNING  [STA-0441] set_input_delay relative to a     openroad.py:314
                    clock defined on the same port/pin not                      
                    allowed.                                                    
[INFO] No information on clock propagation in input SDC file-- propagating all  
clocks.                                                                         
[INFO RSZ-0027] Inserted 4 sg13g2_buf_1 input buffers.                          
[INFO RSZ-0028] Inserted 29 sg13g2_buf_1 output buffers.                        
+ repair_design -verbose -max_wire_length 0 -slew_margin 20 -cap_margin 20      
Iteration |   Area    | Resized | Buffers | Nets repaired | Remaining           
---------------------------------------------------------------------           
        0 |     +0.0% |       0 |       0 |             0 |       191           
       10 |     +0.0% |       0 |       0 |             0 |       181           
       20 |     +0.0% |       0 |       0 |             0 |       171           
       30 |     +0.0% |       0 |       0 |             0 |       161           
       40 |     +0.0% |       0 |       0 |             0 |       151           
       50 |     +0.0% |       0 |       0 |             0 |       141           
       60 |     +0.0% |       0 |       0 |             0 |       131           
       70 |     +0.0% |       0 |       0 |             0 |       121           
       80 |     +0.0% |       0 |       0 |             0 |       111           
       90 |     +0.3% |       0 |       1 |             1 |       101           
      100 |     +1.1% |       0 |       4 |             2 |        91           
      110 |     +1.1% |       0 |       4 |             2 |        81           
      120 |     +1.1% |       0 |       4 |             2 |        71           
      130 |     +1.1% |       0 |       4 |             2 |        61           
      140 |     +1.4% |       0 |       5 |             3 |        51           
      150 |     +1.4% |       0 |       5 |             3 |        41           
      160 |     +2.2% |       0 |       8 |             6 |        31           
      170 |     +2.5% |       0 |       9 |             7 |        21           
      180 |     +2.5% |       0 |       9 |             7 |        11           
      190 |     +3.6% |       0 |      13 |             8 |         1           
    final |     +3.6% |       0 |      13 |             8 |         0           
---------------------------------------------------------------------           
[INFO RSZ-0035] Found 8 fanout violations.                                      
[INFO RSZ-0038] Inserted 13 buffers in 8 nets.                                  
+ detailed_placement -max_displacement  500 100                                 
Placement Analysis                                                              
---------------------------------                                               
total displacement       1270.3 u                                               
average displacement        6.4 u                                               
max displacement           42.5 u                                               
original HPWL            3428.6 u                                               
legalized HPWL           4311.5 u                                               
delta HPWL                   26 %                                               
                                                                                
[INFO DPL-0020] Mirrored 86 instances                                           
[INFO DPL-0021] HPWL before            4311.5 u                                 
[INFO DPL-0022] HPWL after             4226.6 u                                 
[INFO DPL-0023] HPWL delta               -2.0 %                                 
Setting global connections for newly added cells…                               
[INFO] Setting global connections...                                            
[INFO ODB-0403] 92 connections made, 0 conflicts skipped.                       
Updating metrics…                                                               
Cell type report:                       Count       Area                        
  Clock buffer                              1       7.26                        
  Timing Repair Buffer                     45     326.59                        
  Inverter                                 19     103.42                        
  Sequential cell                          27    1322.70                        
  Multi-Input combinational cell          107     965.26                        
  Total                                   199    2725.23                        
Writing OpenROAD database to                                                    
'/foss/designs/sar-adc/logic/runs/RUN_2026-08-16_00-21-01/32-openroad-repairdesi
gnpostgpl/sar_ctrl.odb'…                                                        
Writing netlist to                                                              
'/foss/designs/sar-adc/logic/runs/RUN_2026-08-16_00-21-01/32-openroad-repairdesi
gnpostgpl/sar_ctrl.nl.v'…                                                       
Writing powered netlist to                                                      
'/foss/designs/sar-adc/logic/runs/RUN_2026-08-16_00-21-01/32-openroad-repairdesi
gnpostgpl/sar_ctrl.pnl.v'…                                                      
Writing layout to                                                               
'/foss/designs/sar-adc/logic/runs/RUN_2026-08-16_00-21-01/32-openroad-repairdesi
gnpostgpl/sar_ctrl.def'…                                                        
Writing timing constraints to                                                   
'/foss/designs/sar-adc/logic/runs/RUN_2026-08-16_00-21-01/32-openroad-repairdesi
gnpostgpl/sar_ctrl.sdc'…                                                        
─────────────────────────── Manual Global Placement ────────────────────────────
[00:21:11] VERBOSE  Running 'Odb.ManualGlobalPlacement' at          step.py:1138
                    'runs/RUN_2026-08-16_00-21-01/33-odb-manualglob             
                    alplacement'…                                               
[00:21:11] INFO     'MANUAL_GLOBAL_PLACEMENTS' not set. Skipping     odb.py:1032
                    'Odb.ManualGlobalPlacement'…                                
────────────────────────────── Detailed Placement ──────────────────────────────
[00:21:11] VERBOSE  Running 'OpenROAD.DetailedPlacement' at         step.py:1138
                    'runs/RUN_2026-08-16_00-21-01/34-openroad-detai             
                    ledplacement'…                                              
[00:21:11] VERBOSE  Logging subprocess to                           step.py:1338
                    'runs/RUN_2026-08-16_00-21-01/34-openroad-detai             
                    ledplacement/openroad-detailedplacement.log'…               
Reading timing models for corner nom_typ_1p20V_25C…                             
Reading timing library for the 'nom_typ_1p20V_25C' corner at                    
'/foss/pdks/ihp-sg13g2/libs.ref/sg13g2_stdcell/lib/sg13g2_stdcell_typ_1p20V_25C.
lib'…                                                                           
Reading timing library for the 'nom_typ_1p20V_25C' corner at                    
'/foss/pdks/ihp-sg13g2/libs.ref/sg13g2_io/lib/sg13g2_io_typ_1p2V_3p3V_25C.lib'… 
Reading OpenROAD database at                                                    
'/foss/designs/sar-adc/logic/runs/RUN_2026-08-16_00-21-01/32-openroad-repairdesi
gnpostgpl/sar_ctrl.odb'…                                                        
Reading design constraints file at '/foss/designs/sar-adc/logic/impl.sdc'…      
[00:21:11] WARNING  [STA-0441] set_input_delay relative to a     openroad.py:314
                    clock defined on the same port/pin not                      
                    allowed.                                                    
[INFO] No information on clock propagation in input SDC file-- propagating all  
clocks.                                                                         
+ detailed_placement -max_displacement  500 100                                 
Placement Analysis                                                              
---------------------------------                                               
total displacement          0.0 u                                               
average displacement        0.0 u                                               
max displacement            0.0 u                                               
original HPWL            4226.6 u                                               
legalized HPWL           4311.5 u                                               
delta HPWL                    2 %                                               
                                                                                
[INFO DPL-0020] Mirrored 86 instances                                           
[INFO DPL-0021] HPWL before            4311.5 u                                 
[INFO DPL-0022] HPWL after             4226.6 u                                 
[INFO DPL-0023] HPWL delta               -2.0 %                                 
Setting global connections for newly added cells…                               
[INFO] Setting global connections...                                            
[INFO ODB-0403] 0 connections made, 0 conflicts skipped.                        
Updating metrics…                                                               
Cell type report:                       Count       Area                        
  Clock buffer                              1       7.26                        
  Timing Repair Buffer                     45     326.59                        
  Inverter                                 19     103.42                        
  Sequential cell                          27    1322.70                        
  Multi-Input combinational cell          107     965.26                        
  Total                                   199    2725.23                        
Writing OpenROAD database to                                                    
'/foss/designs/sar-adc/logic/runs/RUN_2026-08-16_00-21-01/34-openroad-detailedpl
acement/sar_ctrl.odb'…                                                          
Writing netlist to                                                              
'/foss/designs/sar-adc/logic/runs/RUN_2026-08-16_00-21-01/34-openroad-detailedpl
acement/sar_ctrl.nl.v'…                                                         
Writing powered netlist to                                                      
'/foss/designs/sar-adc/logic/runs/RUN_2026-08-16_00-21-01/34-openroad-detailedpl
acement/sar_ctrl.pnl.v'…                                                        
Writing layout to                                                               
'/foss/designs/sar-adc/logic/runs/RUN_2026-08-16_00-21-01/34-openroad-detailedpl
acement/sar_ctrl.def'…                                                          
Writing timing constraints to                                                   
'/foss/designs/sar-adc/logic/runs/RUN_2026-08-16_00-21-01/34-openroad-detailedpl
acement/sar_ctrl.sdc'…                                                          
───────────────────────────── Clock Tree Synthesis ─────────────────────────────
[00:21:12] VERBOSE  Running 'OpenROAD.CTS' at                       step.py:1138
                    'runs/RUN_2026-08-16_00-21-01/35-openroad-cts'…             
[00:21:12] VERBOSE  Logging subprocess to                           step.py:1338
                    'runs/RUN_2026-08-16_00-21-01/35-openroad-cts/o             
                    penroad-cts.log'…                                           
Reading timing models for corner nom_fast_1p32V_m40C…                           
Reading timing library for the 'nom_fast_1p32V_m40C' corner at                  
'/foss/pdks/ihp-sg13g2/libs.ref/sg13g2_stdcell/lib/sg13g2_stdcell_fast_1p32V_m40
C.lib'…                                                                         
Reading timing library for the 'nom_fast_1p32V_m40C' corner at                  
'/foss/pdks/ihp-sg13g2/libs.ref/sg13g2_io/lib/sg13g2_io_fast_1p32V_3p6V_m40C.lib
'…                                                                              
Reading timing models for corner nom_slow_1p08V_125C…                           
Reading timing library for the 'nom_slow_1p08V_125C' corner at                  
'/foss/pdks/ihp-sg13g2/libs.ref/sg13g2_stdcell/lib/sg13g2_stdcell_slow_1p08V_125
C.lib'…                                                                         
Reading timing library for the 'nom_slow_1p08V_125C' corner at                  
'/foss/pdks/ihp-sg13g2/libs.ref/sg13g2_io/lib/sg13g2_io_slow_1p08V_3p0V_125C.lib
'…                                                                              
Reading timing models for corner nom_typ_1p20V_25C…                             
Reading timing library for the 'nom_typ_1p20V_25C' corner at                    
'/foss/pdks/ihp-sg13g2/libs.ref/sg13g2_stdcell/lib/sg13g2_stdcell_typ_1p20V_25C.
lib'…                                                                           
Reading timing library for the 'nom_typ_1p20V_25C' corner at                    
'/foss/pdks/ihp-sg13g2/libs.ref/sg13g2_io/lib/sg13g2_io_typ_1p2V_3p3V_25C.lib'… 
Reading OpenROAD database at                                                    
'/foss/designs/sar-adc/logic/runs/RUN_2026-08-16_00-21-01/34-openroad-detailedpl
acement/sar_ctrl.odb'…                                                          
Reading design constraints file at '/foss/designs/sar-adc/logic/impl.sdc'…      
[00:21:12] WARNING  [STA-0441] set_input_delay relative to a     openroad.py:314
                    clock defined on the same port/pin not                      
                    allowed.                                                    
[INFO] No information on clock propagation in input SDC file-- propagating all  
clocks.                                                                         
[INFO] Configuring cts characterization…                                        
+ configure_cts_characterization                                                
[INFO] Performing clock tree synthesis…                                         
[INFO] Looking for the following net(s): clk                                    
[INFO] Running Clock Tree Synthesis…                                            
+ clock_tree_synthesis -buf_list sg13g2_buf_8 sg13g2_buf_4 sg13g2_buf_2         
-root_buf sg13g2_buf_16 -sink_clustering_enable -apply_ndr half                 
[INFO CTS-0050] Root buffer is sg13g2_buf_16.                                   
[INFO CTS-0051] Sink buffer is sg13g2_buf_4.                                    
[INFO CTS-0052] The following clock buffers will be used for CTS:               
                    sg13g2_buf_2                                                
                    sg13g2_buf_4                                                
                    sg13g2_buf_8                                                
[INFO CTS-0049] Characterization buffer is sg13g2_buf_8.                        
[INFO CTS-0007] Net "clk" found for clock "clk".                                
[INFO CTS-0010]  Clock net "clk" has 28 sinks.                                  
[00:21:18] WARNING  [CTS-0041] Net "net48" has 1 sinks.          openroad.py:314
                    Skipping...                                                 
[00:21:18] WARNING  [CTS-0041] Net "net47" has 1 sinks.          openroad.py:314
                    Skipping...                                                 
[00:21:18] WARNING  [CTS-0041] Net "clk_cmp" has 0 sinks.        openroad.py:314
                    Skipping...                                                 
[INFO CTS-0008] TritonCTS found 1 clock nets.                                   
[INFO CTS-0097] Characterization used 3 buffer(s) types.                        
[INFO CTS-0201] 0 blockages from hard placement blockages and placed macros will
be used.                                                                        
[INFO CTS-0027] Generating H-Tree topology for net clk.                         
[INFO CTS-0028]  Total number of sinks: 28.                                     
[INFO CTS-0090]  Sinks will be clustered based on buffer max cap.               
[INFO CTS-0030]  Number of static layers: 0.                                    
[INFO CTS-0020]  Wire segment unit: 18900  dbu (18 um).                         
[INFO CTS-0023]  Original sink region: [(7184, 9240), (38400, 89040)].          
[INFO CTS-0024]  Normalized sink region: [(0.380106, 0.488889), (2.03175,       
4.71111)].                                                                      
[INFO CTS-0025]     Width:  1.6516.                                             
[INFO CTS-0026]     Height: 4.2222.                                             
 Level 1                                                                        
    Direction: Vertical                                                         
    Sinks per sub-region: 14                                                    
    Sub-region size: 1.6516 X 2.1111                                            
[INFO CTS-0034]     Segment length (rounded): 1.                                
 Level 2                                                                        
    Direction: Horizontal                                                       
    Sinks per sub-region: 7                                                     
    Sub-region size: 0.8258 X 2.1111                                            
[INFO CTS-0034]     Segment length (rounded): 1.                                
[INFO CTS-0032]  Stop criterion found. Max number of sinks is 8.                
[INFO CTS-0035]  Number of sinks covered: 28.                                   
[INFO CTS-0018]     Created 5 clock buffers.                                    
[INFO CTS-0012]     Minimum number of buffers in the clock path: 2.             
[INFO CTS-0013]     Maximum number of buffers in the clock path: 2.             
[INFO CTS-0015]     Created 5 clock nets.                                       
[INFO CTS-0016]     Fanout distribution for the current clock = 7:4..           
[INFO CTS-0017]     Max level of the clock tree: 2.                             
[INFO CTS-0098] Clock net "clk"                                                 
[INFO CTS-0099]  Sinks 31                                                       
[INFO CTS-0100]  Leaf buffers 0                                                 
[INFO CTS-0101]  Average sink wire length 118.20 um                             
[INFO CTS-0102]  Path depth 2 - 2                                               
[INFO CTS-0207]  Dummy loads inserted 3                                         
[INFO] Repairing long wires on clock nets…                                      
[INFO RSZ-0058] Using max wire length 2960um.                                   
Setting global connections for newly added cells…                               
[INFO] Setting global connections...                                            
[INFO ODB-0403] 20 connections made, 0 conflicts skipped.                       
Updating metrics…                                                               
Cell type report:                       Count       Area                        
  Clock buffer                              6     234.06                        
  Timing Repair Buffer                     45     326.59                        
  Inverter                                 17      92.53                        
  Clock inverter                            5      27.22                        
  Sequential cell                          27    1322.70                        
  Multi-Input combinational cell          107     965.26                        
  Total                                   207    2968.36                        
Writing OpenROAD database to                                                    
'/foss/designs/sar-adc/logic/runs/RUN_2026-08-16_00-21-01/35-openroad-cts/sar_ct
rl.odb'…                                                                        
Writing netlist to                                                              
'/foss/designs/sar-adc/logic/runs/RUN_2026-08-16_00-21-01/35-openroad-cts/sar_ct
rl.nl.v'…                                                                       
Writing powered netlist to                                                      
'/foss/designs/sar-adc/logic/runs/RUN_2026-08-16_00-21-01/35-openroad-cts/sar_ct
rl.pnl.v'…                                                                      
Writing layout to                                                               
'/foss/designs/sar-adc/logic/runs/RUN_2026-08-16_00-21-01/35-openroad-cts/sar_ct
rl.def'…                                                                        
Writing timing constraints to                                                   
'/foss/designs/sar-adc/logic/runs/RUN_2026-08-16_00-21-01/35-openroad-cts/sar_ct
rl.sdc'…                                                                        
[INFO] Legalizing…                                                              
+ detailed_placement -max_displacement  500 100                                 
Placement Analysis                                                              
---------------------------------                                               
total displacement        801.2 u                                               
average displacement        3.9 u                                               
max displacement           50.8 u                                               
original HPWL            4414.0 u                                               
legalized HPWL           4992.6 u                                               
delta HPWL                   13 %                                               
                                                                                
[INFO DPL-0020] Mirrored 93 instances                                           
[INFO DPL-0021] HPWL before            4992.6 u                                 
[INFO DPL-0022] HPWL after             4900.4 u                                 
[INFO DPL-0023] HPWL delta               -1.8 %                                 
Setting global connections for newly added cells…                               
[INFO] Setting global connections...                                            
[INFO ODB-0403] 0 connections made, 0 conflicts skipped.                        
Updating metrics…                                                               
Cell type report:                       Count       Area                        
  Clock buffer                              6     234.06                        
  Timing Repair Buffer                     45     326.59                        
  Inverter                                 17      92.53                        
  Clock inverter                            5      27.22                        
  Sequential cell                          27    1322.70                        
  Multi-Input combinational cell          107     965.26                        
  Total                                   207    2968.36                        
Writing OpenROAD database to                                                    
'/foss/designs/sar-adc/logic/runs/RUN_2026-08-16_00-21-01/35-openroad-cts/sar_ct
rl.odb'…                                                                        
Writing netlist to                                                              
'/foss/designs/sar-adc/logic/runs/RUN_2026-08-16_00-21-01/35-openroad-cts/sar_ct
rl.nl.v'…                                                                       
Writing powered netlist to                                                      
'/foss/designs/sar-adc/logic/runs/RUN_2026-08-16_00-21-01/35-openroad-cts/sar_ct
rl.pnl.v'…                                                                      
Writing layout to                                                               
'/foss/designs/sar-adc/logic/runs/RUN_2026-08-16_00-21-01/35-openroad-cts/sar_ct
rl.def'…                                                                        
Writing timing constraints to                                                   
'/foss/designs/sar-adc/logic/runs/RUN_2026-08-16_00-21-01/35-openroad-cts/sar_ct
rl.sdc'…                                                                        
─────────────────────── Static Timing Analysis (Mid-PnR) ───────────────────────
[00:21:18] VERBOSE  Running 'OpenROAD.STAMidPNR-1' at               step.py:1138
                    'runs/RUN_2026-08-16_00-21-01/36-openroad-stami             
                    dpnr-1'…                                                    
[00:21:18] VERBOSE  Logging subprocess to                           step.py:1338
                    'runs/RUN_2026-08-16_00-21-01/36-openroad-stami             
                    dpnr-1/openroad-stamidpnr-1.log'…                           
Reading timing models for corner nom_typ_1p20V_25C…                             
Reading timing library for the 'nom_typ_1p20V_25C' corner at                    
'/foss/pdks/ihp-sg13g2/libs.ref/sg13g2_stdcell/lib/sg13g2_stdcell_typ_1p20V_25C.
lib'…                                                                           
Reading timing library for the 'nom_typ_1p20V_25C' corner at                    
'/foss/pdks/ihp-sg13g2/libs.ref/sg13g2_io/lib/sg13g2_io_typ_1p2V_3p3V_25C.lib'… 
Reading OpenROAD database at                                                    
'/foss/designs/sar-adc/logic/runs/RUN_2026-08-16_00-21-01/35-openroad-cts/sar_ct
rl.odb'…                                                                        
Reading design constraints file at '/foss/designs/sar-adc/logic/impl.sdc'…      
[00:21:19] WARNING  [STA-0441] set_input_delay relative to a     openroad.py:314
                    clock defined on the same port/pin not                      
                    allowed.                                                    
[INFO] No information on clock propagation in input SDC file-- propagating all  
clocks.                                                                         
─────────── Resizer Timing Optimizations (Post-Clock Tree Synthesis) ───────────
[00:21:19] VERBOSE  Running 'OpenROAD.ResizerTimingPostCTS' at      step.py:1138
                    'runs/RUN_2026-08-16_00-21-01/37-openroad-resiz             
                    ertimingpostcts'…                                           
[00:21:19] VERBOSE  Logging subprocess to                           step.py:1338
                    'runs/RUN_2026-08-16_00-21-01/37-openroad-resiz             
                    ertimingpostcts/openroad-resizertimingpostcts.l             
                    og'…                                                        
Reading timing models for corner nom_fast_1p32V_m40C…                           
Reading timing library for the 'nom_fast_1p32V_m40C' corner at                  
'/foss/pdks/ihp-sg13g2/libs.ref/sg13g2_stdcell/lib/sg13g2_stdcell_fast_1p32V_m40
C.lib'…                                                                         
Reading timing library for the 'nom_fast_1p32V_m40C' corner at                  
'/foss/pdks/ihp-sg13g2/libs.ref/sg13g2_io/lib/sg13g2_io_fast_1p32V_3p6V_m40C.lib
'…                                                                              
Reading timing models for corner nom_slow_1p08V_125C…                           
Reading timing library for the 'nom_slow_1p08V_125C' corner at                  
'/foss/pdks/ihp-sg13g2/libs.ref/sg13g2_stdcell/lib/sg13g2_stdcell_slow_1p08V_125
C.lib'…                                                                         
Reading timing library for the 'nom_slow_1p08V_125C' corner at                  
'/foss/pdks/ihp-sg13g2/libs.ref/sg13g2_io/lib/sg13g2_io_slow_1p08V_3p0V_125C.lib
'…                                                                              
Reading timing models for corner nom_typ_1p20V_25C…                             
Reading timing library for the 'nom_typ_1p20V_25C' corner at                    
'/foss/pdks/ihp-sg13g2/libs.ref/sg13g2_stdcell/lib/sg13g2_stdcell_typ_1p20V_25C.
lib'…                                                                           
Reading timing library for the 'nom_typ_1p20V_25C' corner at                    
'/foss/pdks/ihp-sg13g2/libs.ref/sg13g2_io/lib/sg13g2_io_typ_1p2V_3p3V_25C.lib'… 
Reading OpenROAD database at                                                    
'/foss/designs/sar-adc/logic/runs/RUN_2026-08-16_00-21-01/35-openroad-cts/sar_ct
rl.odb'…                                                                        
Reading design constraints file at '/foss/designs/sar-adc/logic/impl.sdc'…      
[00:21:19] WARNING  [STA-0441] set_input_delay relative to a     openroad.py:314
                    clock defined on the same port/pin not                      
                    allowed.                                                    
[INFO] No information on clock propagation in input SDC file-- propagating all  
clocks.                                                                         
+ repair_timing -verbose -setup -setup_margin                                   
0.05000000000000000277555756156289135105907917022705078125 -max_buffer_percent  
50                                                                              
[INFO RSZ-0100] Repair move sequence: UnbufferMove SizeUpMove SwapPinsMove      
BufferMove CloneMove SplitLoadMove                                              
[INFO RSZ-0098] No setup violations found                                       
+ repair_timing -verbose -hold -setup_margin                                    
0.05000000000000000277555756156289135105907917022705078125 -hold_margin         
0.1000000000000000055511151231257827021181583404541015625 -max_buffer_percent 50
[INFO RSZ-0033] No hold violations found.                                       
+ detailed_placement -max_displacement  500 100                                 
Placement Analysis                                                              
---------------------------------                                               
total displacement          0.0 u                                               
average displacement        0.0 u                                               
max displacement            0.0 u                                               
original HPWL            4900.4 u                                               
legalized HPWL           4992.6 u                                               
delta HPWL                    2 %                                               
                                                                                
[INFO DPL-0020] Mirrored 93 instances                                           
[INFO DPL-0021] HPWL before            4992.6 u                                 
[INFO DPL-0022] HPWL after             4900.4 u                                 
[INFO DPL-0023] HPWL delta               -1.8 %                                 
Setting global connections for newly added cells…                               
[INFO] Setting global connections...                                            
[INFO ODB-0403] 0 connections made, 0 conflicts skipped.                        
Updating metrics…                                                               
Cell type report:                       Count       Area                        
  Clock buffer                              6     234.06                        
  Timing Repair Buffer                     45     326.59                        
  Inverter                                 17      92.53                        
  Clock inverter                            5      27.22                        
  Sequential cell                          27    1322.70                        
  Multi-Input combinational cell          107     965.26                        
  Total                                   207    2968.36                        
Writing OpenROAD database to                                                    
'/foss/designs/sar-adc/logic/runs/RUN_2026-08-16_00-21-01/37-openroad-resizertim
ingpostcts/sar_ctrl.odb'…                                                       
Writing netlist to                                                              
'/foss/designs/sar-adc/logic/runs/RUN_2026-08-16_00-21-01/37-openroad-resizertim
ingpostcts/sar_ctrl.nl.v'…                                                      
Writing powered netlist to                                                      
'/foss/designs/sar-adc/logic/runs/RUN_2026-08-16_00-21-01/37-openroad-resizertim
ingpostcts/sar_ctrl.pnl.v'…                                                     
Writing layout to                                                               
'/foss/designs/sar-adc/logic/runs/RUN_2026-08-16_00-21-01/37-openroad-resizertim
ingpostcts/sar_ctrl.def'…                                                       
Writing timing constraints to                                                   
'/foss/designs/sar-adc/logic/runs/RUN_2026-08-16_00-21-01/37-openroad-resizertim
ingpostcts/sar_ctrl.sdc'…                                                       
─────────────────────── Static Timing Analysis (Mid-PnR) ───────────────────────
[00:21:20] VERBOSE  Running 'OpenROAD.STAMidPNR-2' at               step.py:1138
                    'runs/RUN_2026-08-16_00-21-01/38-openroad-stami             
                    dpnr-2'…                                                    
[00:21:20] VERBOSE  Logging subprocess to                           step.py:1338
                    'runs/RUN_2026-08-16_00-21-01/38-openroad-stami             
                    dpnr-2/openroad-stamidpnr-2.log'…                           
Reading timing models for corner nom_typ_1p20V_25C…                             
Reading timing library for the 'nom_typ_1p20V_25C' corner at                    
'/foss/pdks/ihp-sg13g2/libs.ref/sg13g2_stdcell/lib/sg13g2_stdcell_typ_1p20V_25C.
lib'…                                                                           
Reading timing library for the 'nom_typ_1p20V_25C' corner at                    
'/foss/pdks/ihp-sg13g2/libs.ref/sg13g2_io/lib/sg13g2_io_typ_1p2V_3p3V_25C.lib'… 
Reading OpenROAD database at                                                    
'/foss/designs/sar-adc/logic/runs/RUN_2026-08-16_00-21-01/37-openroad-resizertim
ingpostcts/sar_ctrl.odb'…                                                       
Reading design constraints file at '/foss/designs/sar-adc/logic/impl.sdc'…      
[00:21:20] WARNING  [STA-0441] set_input_delay relative to a     openroad.py:314
                    clock defined on the same port/pin not                      
                    allowed.                                                    
[INFO] No information on clock propagation in input SDC file-- propagating all  
clocks.                                                                         
──────────────────────────────── Global Routing ────────────────────────────────
[00:21:21] VERBOSE  Running 'OpenROAD.GlobalRouting' at             step.py:1138
                    'runs/RUN_2026-08-16_00-21-01/39-openroad-globa             
                    lrouting'…                                                  
[00:21:21] VERBOSE  Logging subprocess to                           step.py:1338
                    'runs/RUN_2026-08-16_00-21-01/39-openroad-globa             
                    lrouting/openroad-globalrouting.log'…                       
Reading timing models for corner nom_typ_1p20V_25C…                             
Reading timing library for the 'nom_typ_1p20V_25C' corner at                    
'/foss/pdks/ihp-sg13g2/libs.ref/sg13g2_stdcell/lib/sg13g2_stdcell_typ_1p20V_25C.
lib'…                                                                           
Reading timing library for the 'nom_typ_1p20V_25C' corner at                    
'/foss/pdks/ihp-sg13g2/libs.ref/sg13g2_io/lib/sg13g2_io_typ_1p2V_3p3V_25C.lib'… 
Reading OpenROAD database at                                                    
'/foss/designs/sar-adc/logic/runs/RUN_2026-08-16_00-21-01/37-openroad-resizertim
ingpostcts/sar_ctrl.odb'…                                                       
Reading design constraints file at '/foss/designs/sar-adc/logic/impl.sdc'…      
[00:21:21] WARNING  [STA-0441] set_input_delay relative to a     openroad.py:314
                    clock defined on the same port/pin not                      
                    allowed.                                                    
[INFO] No information on clock propagation in input SDC file-- propagating all  
clocks.                                                                         
[INFO] Setting signal min routing layer to: Metal2 and clock min routing layer  
to Metal2.                                                                      
[INFO] Setting signal max routing layer to: TopMetal2 and clock max routing     
layer to TopMetal2.                                                             
+ global_route -congestion_iterations 50 -verbose -allow_congestion             
[INFO GRT-0020] Min routing layer: Metal2                                       
[INFO GRT-0021] Max routing layer: TopMetal2                                    
[INFO GRT-0022] Global adjustment: 30%                                          
[INFO GRT-0023] Grid origin: (0, 0)                                             
[INFO GRT-0088] Layer Metal1  Track-Pitch = 0.4200  line-2-Via Pitch: 0.3650    
[INFO GRT-0088] Layer Metal2  Track-Pitch = 0.4800  line-2-Via Pitch: 0.4150    
[INFO GRT-0088] Layer Metal3  Track-Pitch = 0.4200  line-2-Via Pitch: 0.4150    
[INFO GRT-0088] Layer Metal4  Track-Pitch = 0.4800  line-2-Via Pitch: 0.4150    
[INFO GRT-0088] Layer Metal5  Track-Pitch = 0.4200  line-2-Via Pitch: 0.6200    
[INFO GRT-0088] Layer TopMetal1 Track-Pitch = 3.2800  line-2-Via Pitch: 3.4100  
[INFO GRT-0088] Layer TopMetal2 Track-Pitch = 4.0000  line-2-Via Pitch: 3.9500  
[INFO GRT-0003] Macros: 0                                                       
[INFO GRT-0004] Blockages: 0                                                    
[INFO GRT-0019] Found 9 clock nets.                                             
[INFO GRT-0001] Minimum degree: 2                                               
[INFO GRT-0002] Maximum degree: 9                                               
                                                                                
[INFO GRT-0053] Routing resources analysis:                                     
          Routing      Original      Derated      Resource                      
Layer     Direction    Resources     Resources    Reduction (%)                 
---------------------------------------------------------------                 
Metal1     Horizontal          0             0          0.00%                   
Metal2     Vertical         1152           765          33.59%                  
Metal3     Horizontal       1162           771          33.65%                  
Metal4     Vertical         1152           765          33.59%                  
Metal5     Horizontal       1137           751          33.95%                  
TopMetal1    Vertical          157            85          45.86%                
TopMetal2    Horizontal        125            70          44.00%                
---------------------------------------------------------------                 
                                                                                
[INFO GRT-0197] Via related to pin nodes: 1104                                  
[INFO GRT-0198] Via related Steiner nodes: 11                                   
[INFO GRT-0199] Via filling finished.                                           
[INFO GRT-0111] Final number of vias: 1344                                      
[INFO GRT-0112] Final usage 3D: 4735                                            
                                                                                
[INFO GRT-0096] Final congestion report:                                        
Layer         Resource        Demand        Usage (%)    Max H / Max V / Total  
Overflow                                                                        
--------------------------------------------------------------------------------
-------                                                                         
Metal1               0             0            0.00%             0 /  0 /  0   
Metal2             765           384           50.20%             0 /  0 /  0   
Metal3             771           249           32.30%             0 /  0 /  0   
Metal4             765            70            9.15%             0 /  0 /  0   
Metal5             751             0            0.00%             0 /  0 /  0   
TopMetal1             85             0            0.00%             0 /  0 /  0 
TopMetal2             70             0            0.00%             0 /  0 /  0 
--------------------------------------------------------------------------------
-------                                                                         
Total             3207           703           21.92%             0 /  0 /  0   
                                                                                
[INFO GRT-0018] Total wirelength: 8186 um                                       
[INFO GRT-0014] Routed nets: 209                                                
[INFO GRT-0303] Global routing runtime = 00:00:00                               
Setting global connections for newly added cells…                               
[INFO] Setting global connections...                                            
[INFO ODB-0403] 0 connections made, 0 conflicts skipped.                        
Updating metrics…                                                               
Cell type report:                       Count       Area                        
  Clock buffer                              6     234.06                        
  Timing Repair Buffer                     45     326.59                        
  Inverter                                 17      92.53                        
  Clock inverter                            5      27.22                        
  Sequential cell                          27    1322.70                        
  Multi-Input combinational cell          107     965.26                        
  Total                                   207    2968.36                        
Writing OpenROAD database to                                                    
'/foss/designs/sar-adc/logic/runs/RUN_2026-08-16_00-21-01/39-openroad-globalrout
ing/sar_ctrl.odb'…                                                              
Writing layout to                                                               
'/foss/designs/sar-adc/logic/runs/RUN_2026-08-16_00-21-01/39-openroad-globalrout
ing/sar_ctrl.def'…                                                              
──────────────────────────────── Check Antennas ────────────────────────────────
[00:21:21] VERBOSE  Running 'OpenROAD.CheckAntennas' at             step.py:1138
                    'runs/RUN_2026-08-16_00-21-01/40-openroad-check             
                    antennas'…                                                  
[00:21:21] VERBOSE  Logging subprocess to                           step.py:1338
                    'runs/RUN_2026-08-16_00-21-01/40-openroad-check             
                    antennas/openroad-checkantennas.log'…                       
Reading timing models for corner nom_typ_1p20V_25C…                             
Reading timing library for the 'nom_typ_1p20V_25C' corner at                    
'/foss/pdks/ihp-sg13g2/libs.ref/sg13g2_stdcell/lib/sg13g2_stdcell_typ_1p20V_25C.
lib'…                                                                           
Reading timing library for the 'nom_typ_1p20V_25C' corner at                    
'/foss/pdks/ihp-sg13g2/libs.ref/sg13g2_io/lib/sg13g2_io_typ_1p2V_3p3V_25C.lib'… 
Reading OpenROAD database at                                                    
'/foss/designs/sar-adc/logic/runs/RUN_2026-08-16_00-21-01/39-openroad-globalrout
ing/sar_ctrl.odb'…                                                              
Reading design constraints file at '/foss/designs/sar-adc/logic/impl.sdc'…      
[00:21:22] WARNING  [STA-0441] set_input_delay relative to a     openroad.py:314
                    clock defined on the same port/pin not                      
                    allowed.                                                    
[INFO] No information on clock propagation in input SDC file-- propagating all  
clocks.                                                                         
[00:21:22] INFO     Gating variable for step                   sequential.py:362
                    'OpenROAD.RepairDesignPostGRT' set to                       
                    'False'- the step will be skipped.                          
[00:21:22] INFO     Skipping step 'Repair Design (Post-Global  sequential.py:370
                    Routing)'…                                                  
────────────────────── Diodes on Ports Protection Routine ──────────────────────
[00:21:22] VERBOSE  Running 'Odb.DiodesOnPorts' at                  step.py:1138
                    'runs/RUN_2026-08-16_00-21-01/41-odb-diodesonpo             
                    rts'…                                                       
[00:21:22] INFO     'DIODE_ON_PORTS' is set to 'none': skipping       odb.py:820
                    'Odb.DiodesOnPorts'…                                        
[00:21:22] INFO     Gating variable for step                   sequential.py:362
                    'Odb.HeuristicDiodeInsertion' set to                        
                    'False'- the step will be skipped.                          
[00:21:22] INFO     Skipping step 'Heuristic Diode Insertion'… sequential.py:370
──────────────────────────────── Antenna Repair ────────────────────────────────
[00:21:22] VERBOSE  Running 'OpenROAD.RepairAntennas' at            step.py:1138
                    'runs/RUN_2026-08-16_00-21-01/42-openroad-repai             
                    rantennas'…                                                 
─────────────────────────────── Diode Insertion ────────────────────────────────
[00:21:22] VERBOSE  Running 'OpenROAD.DiodeInsertion' at            step.py:1138
                    'runs/RUN_2026-08-16_00-21-01/42-openroad-repai             
                    rantennas/1-openroad-diodeinsertion'…                       
[00:21:22] VERBOSE  Logging subprocess to                           step.py:1338
                    'runs/RUN_2026-08-16_00-21-01/42-openroad-repai             
                    rantennas/1-openroad-diodeinsertion/openroad-di             
                    odeinsertion.log'…                                          
Reading timing models for corner nom_typ_1p20V_25C…                             
Reading timing library for the 'nom_typ_1p20V_25C' corner at                    
'/foss/pdks/ihp-sg13g2/libs.ref/sg13g2_stdcell/lib/sg13g2_stdcell_typ_1p20V_25C.
lib'…                                                                           
Reading timing library for the 'nom_typ_1p20V_25C' corner at                    
'/foss/pdks/ihp-sg13g2/libs.ref/sg13g2_io/lib/sg13g2_io_typ_1p2V_3p3V_25C.lib'… 
Reading OpenROAD database at                                                    
'/foss/designs/sar-adc/logic/runs/RUN_2026-08-16_00-21-01/39-openroad-globalrout
ing/sar_ctrl.odb'…                                                              
Reading design constraints file at '/foss/designs/sar-adc/logic/impl.sdc'…      
[00:21:22] WARNING  [STA-0441] set_input_delay relative to a     openroad.py:314
                    clock defined on the same port/pin not                      
                    allowed.                                                    
[INFO] No information on clock propagation in input SDC file-- propagating all  
clocks.                                                                         
+ repair_antennas sg13g2_antennanp -iterations 3 -ratio_margin 10               
-allow_congestion                                                               
[INFO GRT-0012] Found 0 antenna violations.                                     
Setting global connections for newly added cells…                               
[INFO] Setting global connections...                                            
[INFO ODB-0403] 0 connections made, 0 conflicts skipped.                        
Updating metrics…                                                               
Cell type report:                       Count       Area                        
  Clock buffer                              6     234.06                        
  Timing Repair Buffer                     45     326.59                        
  Inverter                                 17      92.53                        
  Clock inverter                            5      27.22                        
  Sequential cell                          27    1322.70                        
  Multi-Input combinational cell          107     965.26                        
  Total                                   207    2968.36                        
Writing OpenROAD database to                                                    
'/foss/designs/sar-adc/logic/runs/RUN_2026-08-16_00-21-01/42-openroad-repairante
nnas/1-openroad-diodeinsertion/sar_ctrl.odb'…                                   
Writing layout to                                                               
'/foss/designs/sar-adc/logic/runs/RUN_2026-08-16_00-21-01/42-openroad-repairante
nnas/1-openroad-diodeinsertion/sar_ctrl.def'…                                   
──────────────────────────────── Check Antennas ────────────────────────────────
[00:21:23] VERBOSE  Running 'OpenROAD.CheckAntennas' at             step.py:1138
                    'runs/RUN_2026-08-16_00-21-01/42-openroad-repai             
                    rantennas/2-openroad-checkantennas'…                        
[00:21:23] VERBOSE  Logging subprocess to                           step.py:1338
                    'runs/RUN_2026-08-16_00-21-01/42-openroad-repai             
                    rantennas/2-openroad-checkantennas/openroad-che             
                    ckantennas.log'…                                            
Reading timing models for corner nom_typ_1p20V_25C…                             
Reading timing library for the 'nom_typ_1p20V_25C' corner at                    
'/foss/pdks/ihp-sg13g2/libs.ref/sg13g2_stdcell/lib/sg13g2_stdcell_typ_1p20V_25C.
lib'…                                                                           
Reading timing library for the 'nom_typ_1p20V_25C' corner at                    
'/foss/pdks/ihp-sg13g2/libs.ref/sg13g2_io/lib/sg13g2_io_typ_1p2V_3p3V_25C.lib'… 
Reading OpenROAD database at                                                    
'/foss/designs/sar-adc/logic/runs/RUN_2026-08-16_00-21-01/42-openroad-repairante
nnas/1-openroad-diodeinsertion/sar_ctrl.odb'…                                   
Reading design constraints file at '/foss/designs/sar-adc/logic/impl.sdc'…      
[00:21:23] WARNING  [STA-0441] set_input_delay relative to a     openroad.py:314
                    clock defined on the same port/pin not                      
                    allowed.                                                    
[INFO] No information on clock propagation in input SDC file-- propagating all  
clocks.                                                                         
[00:21:24] INFO     Gating variable for step                   sequential.py:362
                    'OpenROAD.ResizerTimingPostGRT' set to                      
                    'False'- the step will be skipped.                          
[00:21:24] INFO     Skipping step 'Resizer Timing              sequential.py:370
                    Optimizations (Post-Global Routing)'…                       
─────────────────────── Static Timing Analysis (Mid-PnR) ───────────────────────
[00:21:24] VERBOSE  Running 'OpenROAD.STAMidPNR-3' at               step.py:1138
                    'runs/RUN_2026-08-16_00-21-01/43-openroad-stami             
                    dpnr-3'…                                                    
[00:21:24] VERBOSE  Logging subprocess to                           step.py:1338
                    'runs/RUN_2026-08-16_00-21-01/43-openroad-stami             
                    dpnr-3/openroad-stamidpnr-3.log'…                           
Reading timing models for corner nom_typ_1p20V_25C…                             
Reading timing library for the 'nom_typ_1p20V_25C' corner at                    
'/foss/pdks/ihp-sg13g2/libs.ref/sg13g2_stdcell/lib/sg13g2_stdcell_typ_1p20V_25C.
lib'…                                                                           
Reading timing library for the 'nom_typ_1p20V_25C' corner at                    
'/foss/pdks/ihp-sg13g2/libs.ref/sg13g2_io/lib/sg13g2_io_typ_1p2V_3p3V_25C.lib'… 
Reading OpenROAD database at                                                    
'/foss/designs/sar-adc/logic/runs/RUN_2026-08-16_00-21-01/42-openroad-repairante
nnas/1-openroad-diodeinsertion/sar_ctrl.odb'…                                   
Reading design constraints file at '/foss/designs/sar-adc/logic/impl.sdc'…      
[00:21:24] WARNING  [STA-0441] set_input_delay relative to a     openroad.py:314
                    clock defined on the same port/pin not                      
                    allowed.                                                    
[INFO] No information on clock propagation in input SDC file-- propagating all  
clocks.                                                                         
─────────────────────────────── Detailed Routing ───────────────────────────────
[00:21:24] VERBOSE  Running 'OpenROAD.DetailedRouting' at           step.py:1138
                    'runs/RUN_2026-08-16_00-21-01/44-openroad-detai             
                    ledrouting'…                                                
[00:21:24] INFO     Running TritonRoute with 4 threads…         openroad.py:2016
[00:21:24] VERBOSE  Logging subprocess to                           step.py:1338
                    'runs/RUN_2026-08-16_00-21-01/44-openroad-detai             
                    ledrouting/openroad-detailedrouting.log'…                   
Reading timing models for corner nom_typ_1p20V_25C…                             
Reading timing library for the 'nom_typ_1p20V_25C' corner at                    
'/foss/pdks/ihp-sg13g2/libs.ref/sg13g2_stdcell/lib/sg13g2_stdcell_typ_1p20V_25C.
lib'…                                                                           
Reading timing library for the 'nom_typ_1p20V_25C' corner at                    
'/foss/pdks/ihp-sg13g2/libs.ref/sg13g2_io/lib/sg13g2_io_typ_1p2V_3p3V_25C.lib'… 
Reading OpenROAD database at                                                    
'/foss/designs/sar-adc/logic/runs/RUN_2026-08-16_00-21-01/42-openroad-repairante
nnas/1-openroad-diodeinsertion/sar_ctrl.odb'…                                   
Reading design constraints file at '/foss/designs/sar-adc/logic/impl.sdc'…      
[00:21:25] WARNING  [STA-0441] set_input_delay relative to a     openroad.py:314
                    clock defined on the same port/pin not                      
                    allowed.                                                    
[INFO] No information on clock propagation in input SDC file-- propagating all  
clocks.                                                                         
[INFO ORD-0030] Using 4 thread(s).                                              
+ detailed_route -droute_end_iter 64 -or_seed 42 -verbose 1 -output_drc         
/foss/designs/sar-adc/logic/runs/RUN_2026-08-16_00-21-01/44-openroad-detailedrou
ting/drt-run-0/sar_ctrl.drc                                                     
[INFO DRT-0149] Reading tech and libs.                                          
[00:21:25] WARNING  [DRT-0349] LEF58_ENCLOSURE with no CUTCLASS  openroad.py:314
                    is not supported. Skipping for layer Cont                   
[00:21:25] WARNING  [DRT-0349] LEF58_ENCLOSURE with no CUTCLASS  openroad.py:314
                    is not supported. Skipping for layer Via1                   
[00:21:25] WARNING  [DRT-0349] LEF58_ENCLOSURE with no CUTCLASS  openroad.py:314
                    is not supported. Skipping for layer Via1                   
[00:21:25] WARNING  [DRT-0349] LEF58_ENCLOSURE with no CUTCLASS  openroad.py:314
                    is not supported. Skipping for layer Via2                   
[00:21:25] WARNING  [DRT-0349] LEF58_ENCLOSURE with no CUTCLASS  openroad.py:314
                    is not supported. Skipping for layer Via3                   
[00:21:25] WARNING  [DRT-0349] LEF58_ENCLOSURE with no CUTCLASS  openroad.py:314
                    is not supported. Skipping for layer Via4                   
[00:21:25] WARNING  [DRT-0349] LEF58_ENCLOSURE with no CUTCLASS  openroad.py:314
                    is not supported. Skipping for layer TopVia1                
[00:21:25] WARNING  [DRT-0349] LEF58_ENCLOSURE with no CUTCLASS  openroad.py:314
                    is not supported. Skipping for layer TopVia1                
[00:21:25] WARNING  [DRT-0349] LEF58_ENCLOSURE with no CUTCLASS  openroad.py:314
                    is not supported. Skipping for layer TopVia2                
[00:21:25] WARNING  [DRT-0349] LEF58_ENCLOSURE with no CUTCLASS  openroad.py:314
                    is not supported. Skipping for layer TopVia2                
                                                                                
Units:                1000                                                      
Number of layers:     15                                                        
Number of macros:     106                                                       
Number of vias:       75                                                        
Number of viarulegen: 6                                                         
                                                                                
[INFO DRT-0150] Reading design.                                                 
                                                                                
Design:                   sar_ctrl                                              
Die area:                 ( 0 0 ) ( 50000 100000 )                              
Number of track patterns: 14                                                    
Number of DEF vias:       0                                                     
Number of components:     207                                                   
Number of terminals:      36                                                    
Number of snets:          2                                                     
Number of nets:           209                                                   
                                                                                
[INFO DRT-0167] List of default vias:                                           
  Layer Via2                                                                    
    default via: Via2_YX                                                        
  Layer Via3                                                                    
    default via: Via3_XY                                                        
  Layer Via4                                                                    
    default via: Via4_YX                                                        
  Layer TopVia1                                                                 
    default via: TopVia1EWNS                                                    
  Layer TopVia2                                                                 
    default via: TopVia2EWNS                                                    
[INFO DRT-0162] Library cell analysis.                                          
[INFO DRT-0163] Instance analysis.                                              
[INFO DRT-0164] Number of unique instances = 60.                                
[INFO DRT-0168] Init region query.                                              
[INFO DRT-0024]   Complete GatPoly.                                             
[INFO DRT-0024]   Complete Cont.                                                
[INFO DRT-0024]   Complete Metal1.                                              
[INFO DRT-0024]   Complete Via1.                                                
[INFO DRT-0024]   Complete Metal2.                                              
[INFO DRT-0024]   Complete Via2.                                                
[INFO DRT-0024]   Complete Metal3.                                              
[INFO DRT-0024]   Complete Via3.                                                
[INFO DRT-0024]   Complete Metal4.                                              
[INFO DRT-0024]   Complete Via4.                                                
[INFO DRT-0024]   Complete Metal5.                                              
[INFO DRT-0024]   Complete TopVia1.                                             
[INFO DRT-0024]   Complete TopMetal1.                                           
[INFO DRT-0024]   Complete TopVia2.                                             
[INFO DRT-0024]   Complete TopMetal2.                                           
[INFO DRT-0033] GatPoly shape region query size = 0.                            
[INFO DRT-0033] Cont shape region query size = 0.                               
[INFO DRT-0033] Metal1 shape region query size = 4962.                          
[INFO DRT-0033] Via1 shape region query size = 120.                             
[INFO DRT-0033] Metal2 shape region query size = 77.                            
[INFO DRT-0033] Via2 shape region query size = 120.                             
[INFO DRT-0033] Metal3 shape region query size = 53.                            
[INFO DRT-0033] Via3 shape region query size = 120.                             
[INFO DRT-0033] Metal4 shape region query size = 48.                            
[INFO DRT-0033] Via4 shape region query size = 120.                             
[INFO DRT-0033] Metal5 shape region query size = 72.                            
[INFO DRT-0033] TopVia1 shape region query size = 48.                           
[INFO DRT-0033] TopMetal1 shape region query size = 28.                         
[INFO DRT-0033] TopVia2 shape region query size = 0.                            
[INFO DRT-0033] TopMetal2 shape region query size = 0.                          
[INFO DRT-0165] Start pin access.                                               
[INFO DRT-0078]   Complete 325 pins.                                            
[INFO DRT-0081]   Complete 60 unique inst patterns.                             
[INFO DRT-0084]   Complete 75 groups.                                           
#scanned instances     = 207                                                    
#unique  instances     = 60                                                     
#stdCellGenAp          = 2968                                                   
#stdCellValidPlanarAp  = 0                                                      
#stdCellValidViaAp     = 2326                                                   
#stdCellPinNoAp        = 0                                                      
#stdCellPinCnt         = 638                                                    
#instTermValidViaApCnt = 0                                                      
#macroGenAp            = 0                                                      
#macroValidPlanarAp    = 0                                                      
#macroValidViaAp       = 0                                                      
#macroNoAp             = 0                                                      
[INFO DRT-0166] Complete pin access.                                            
[INFO DRT-0267] cpu time = 00:00:11, elapsed time = 00:00:06, memory = 100.13   
(MB), peak = 99.65 (MB)                                                         
                                                                                
[INFO DRT-0157] Number of guides:     1415                                      
                                                                                
[INFO DRT-0169] Post process guides.                                            
[INFO DRT-0176] GCELLGRID X 0 DO 6 STEP 7200 ;                                  
[INFO DRT-0177] GCELLGRID Y 0 DO 13 STEP 7200 ;                                 
[INFO DRT-0028]   Complete GatPoly.                                             
[INFO DRT-0028]   Complete Cont.                                                
[INFO DRT-0028]   Complete Metal1.                                              
[INFO DRT-0028]   Complete Via1.                                                
[INFO DRT-0028]   Complete Metal2.                                              
[INFO DRT-0028]   Complete Via2.                                                
[INFO DRT-0028]   Complete Metal3.                                              
[INFO DRT-0028]   Complete Via3.                                                
[INFO DRT-0028]   Complete Metal4.                                              
[INFO DRT-0028]   Complete Via4.                                                
[INFO DRT-0028]   Complete Metal5.                                              
[INFO DRT-0028]   Complete TopVia1.                                             
[INFO DRT-0028]   Complete TopMetal1.                                           
[INFO DRT-0028]   Complete TopVia2.                                             
[INFO DRT-0028]   Complete TopMetal2.                                           
[INFO DRT-0178] Init guide query.                                               
[INFO DRT-0035]   Complete GatPoly (guide).                                     
[INFO DRT-0035]   Complete Cont (guide).                                        
[INFO DRT-0035]   Complete Metal1 (guide).                                      
[INFO DRT-0035]   Complete Via1 (guide).                                        
[INFO DRT-0035]   Complete Metal2 (guide).                                      
[INFO DRT-0035]   Complete Via2 (guide).                                        
[INFO DRT-0035]   Complete Metal3 (guide).                                      
[INFO DRT-0035]   Complete Via3 (guide).                                        
[INFO DRT-0035]   Complete Metal4 (guide).                                      
[INFO DRT-0035]   Complete Via4 (guide).                                        
[INFO DRT-0035]   Complete Metal5 (guide).                                      
[INFO DRT-0035]   Complete TopVia1 (guide).                                     
[INFO DRT-0035]   Complete TopMetal1 (guide).                                   
[INFO DRT-0035]   Complete TopVia2 (guide).                                     
[INFO DRT-0035]   Complete TopMetal2 (guide).                                   
[INFO DRT-0036] GatPoly guide region query size = 0.                            
[INFO DRT-0036] Cont guide region query size = 0.                               
[INFO DRT-0036] Metal1 guide region query size = 530.                           
[INFO DRT-0036] Via1 guide region query size = 0.                               
[INFO DRT-0036] Metal2 guide region query size = 462.                           
[INFO DRT-0036] Via2 guide region query size = 0.                               
[INFO DRT-0036] Metal3 guide region query size = 212.                           
[INFO DRT-0036] Via3 guide region query size = 0.                               
[INFO DRT-0036] Metal4 guide region query size = 17.                            
[INFO DRT-0036] Via4 guide region query size = 0.                               
[INFO DRT-0036] Metal5 guide region query size = 0.                             
[INFO DRT-0036] TopVia1 guide region query size = 0.                            
[INFO DRT-0036] TopMetal1 guide region query size = 0.                          
[INFO DRT-0036] TopVia2 guide region query size = 0.                            
[INFO DRT-0036] TopMetal2 guide region query size = 0.                          
[INFO DRT-0179] Init gr pin query.                                              
[INFO DRT-0267] cpu time = 00:00:00, elapsed time = 00:00:00, memory = 100.61   
(MB), peak = 100.15 (MB)                                                        
[INFO DRT-0245] skipped writing guide updates to database.                      
[INFO DRT-0185] Post process initialize RPin region query.                      
[INFO DRT-0181] Start track assignment.                                         
[INFO DRT-0184] Done with 479 vertical wires in 1 frboxes and 742 horizontal    
wires in 1 frboxes.                                                             
[INFO DRT-0186] Done with 193 vertical wires in 1 frboxes and 93 horizontal     
wires in 1 frboxes.                                                             
[INFO DRT-0182] Complete track assignment.                                      
[INFO DRT-0267] cpu time = 00:00:00, elapsed time = 00:00:00, memory = 103.93   
(MB), peak = 103.40 (MB)                                                        
[INFO DRT-0187] Start routing data preparation.                                 
[INFO DRT-0267] cpu time = 00:00:00, elapsed time = 00:00:00, memory = 103.93   
(MB), peak = 103.40 (MB)                                                        
[INFO DRT-0194] Start detail routing.                                           
[INFO DRT-0195] Start 0th optimization iteration.                               
    Completing 50% with 0 violations.                                           
    elapsed time = 00:00:09, memory = 113.37 (MB).                              
    Completing 100% with 51 violations.                                         
    elapsed time = 00:00:14, memory = 144.75 (MB).                              
[INFO DRT-0199]   Number of violations = 65.                                    
Viol/Layer      Metal2 Metal3                                                   
Metal Spacing       23      0                                                   
Recheck              8      6                                                   
Short               26      2                                                   
[INFO DRT-0267] cpu time = 00:00:10, elapsed time = 00:00:15, memory = 555.05   
(MB), peak = 554.67 (MB)                                                        
Total wire length = 5552 um.                                                    
Total wire length on LAYER Metal1 = 0 um.                                       
Total wire length on LAYER Metal2 = 3043 um.                                    
Total wire length on LAYER Metal3 = 1980 um.                                    
Total wire length on LAYER Metal4 = 529 um.                                     
Total wire length on LAYER Metal5 = 0 um.                                       
Total wire length on LAYER TopMetal1 = 0 um.                                    
Total wire length on LAYER TopMetal2 = 0 um.                                    
Total number of vias = 1336.                                                    
Up-via summary (total 1336):                                                    
                                                                                
------------------                                                              
   GatPoly       0                                                              
    Metal1     644                                                              
    Metal2     631                                                              
    Metal3      61                                                              
    Metal4       0                                                              
    Metal5       0                                                              
 TopMetal1       0                                                              
------------------                                                              
          1336                                                                  
                                                                                
                                                                                
[INFO DRT-0195] Start 1st optimization iteration.                               
    Completing 10% with 65 violations.                                          
    elapsed time = 00:00:00, memory = 565.65 (MB).                              
    Completing 30% with 65 violations.                                          
    elapsed time = 00:00:02, memory = 577.94 (MB).                              
    Completing 50% with 112 violations.                                         
    elapsed time = 00:00:07, memory = 578.94 (MB).                              
    Completing 60% with 88 violations.                                          
    elapsed time = 00:00:07, memory = 578.94 (MB).                              
    Completing 80% with 88 violations.                                          
    elapsed time = 00:00:07, memory = 578.94 (MB).                              
    Completing 100% with 83 violations.                                         
    elapsed time = 00:00:07, memory = 578.94 (MB).                              
[INFO DRT-0199]   Number of violations = 83.                                    
Viol/Layer      Metal2                                                          
Metal Spacing       35                                                          
Short               48                                                          
[INFO DRT-0267] cpu time = 00:00:06, elapsed time = 00:00:07, memory = 581.94   
(MB), peak = 581.29 (MB)                                                        
Total wire length = 5533 um.                                                    
Total wire length on LAYER Metal1 = 0 um.                                       
Total wire length on LAYER Metal2 = 3075 um.                                    
Total wire length on LAYER Metal3 = 1939 um.                                    
Total wire length on LAYER Metal4 = 518 um.                                     
Total wire length on LAYER Metal5 = 0 um.                                       
Total wire length on LAYER TopMetal1 = 0 um.                                    
Total wire length on LAYER TopMetal2 = 0 um.                                    
Total number of vias = 1293.                                                    
Up-via summary (total 1293):                                                    
                                                                                
------------------                                                              
   GatPoly       0                                                              
    Metal1     645                                                              
    Metal2     591                                                              
    Metal3      57                                                              
    Metal4       0                                                              
    Metal5       0                                                              
 TopMetal1       0                                                              
------------------                                                              
          1293                                                                  
                                                                                
                                                                                
[INFO DRT-0195] Start 2nd optimization iteration.                               
    Completing 10% with 83 violations.                                          
    elapsed time = 00:00:00, memory = 581.94 (MB).                              
    Completing 30% with 83 violations.                                          
    elapsed time = 00:00:00, memory = 581.94 (MB).                              
    Completing 50% with 83 violations.                                          
    elapsed time = 00:00:01, memory = 581.94 (MB).                              
    Completing 60% with 99 violations.                                          
    elapsed time = 00:00:01, memory = 599.18 (MB).                              
    Completing 80% with 99 violations.                                          
    elapsed time = 00:00:02, memory = 609.65 (MB).                              
    Completing 100% with 86 violations.                                         
    elapsed time = 00:00:07, memory = 609.65 (MB).                              
[INFO DRT-0199]   Number of violations = 86.                                    
Viol/Layer      Metal2                                                          
Metal Spacing       28                                                          
Short               58                                                          
[INFO DRT-0267] cpu time = 00:00:06, elapsed time = 00:00:08, memory = 609.65   
(MB), peak = 637.17 (MB)                                                        
Total wire length = 5535 um.                                                    
Total wire length on LAYER Metal1 = 0 um.                                       
Total wire length on LAYER Metal2 = 3062 um.                                    
Total wire length on LAYER Metal3 = 1913 um.                                    
Total wire length on LAYER Metal4 = 559 um.                                     
Total wire length on LAYER Metal5 = 0 um.                                       
Total wire length on LAYER TopMetal1 = 0 um.                                    
Total wire length on LAYER TopMetal2 = 0 um.                                    
Total number of vias = 1277.                                                    
Up-via summary (total 1277):                                                    
                                                                                
------------------                                                              
   GatPoly       0                                                              
    Metal1     646                                                              
    Metal2     568                                                              
    Metal3      63                                                              
    Metal4       0                                                              
    Metal5       0                                                              
 TopMetal1       0                                                              
------------------                                                              
          1277                                                                  
                                                                                
                                                                                
[INFO DRT-0195] Start 3rd guides tiles iteration.                               
    Completing 10% with 0 violations.                                           
    elapsed time = 00:00:06, memory = 622.02 (MB).                              
    Completing 20% with 0 violations.                                           
    elapsed time = 00:00:06, memory = 622.02 (MB).                              
    Completing 30% with 0 violations.                                           
    elapsed time = 00:00:06, memory = 622.02 (MB).                              
    Completing 40% with 0 violations.                                           
    elapsed time = 00:00:06, memory = 622.02 (MB).                              
    Completing 50% with 0 violations.                                           
    elapsed time = 00:00:06, memory = 622.02 (MB).                              
    Completing 60% with 0 violations.                                           
    elapsed time = 00:00:06, memory = 622.02 (MB).                              
    Completing 70% with 0 violations.                                           
    elapsed time = 00:00:06, memory = 622.02 (MB).                              
    Completing 80% with 0 violations.                                           
    elapsed time = 00:00:06, memory = 622.02 (MB).                              
    Completing 90% with 0 violations.                                           
    elapsed time = 00:00:06, memory = 622.02 (MB).                              
    Completing 100% with 0 violations.                                          
    elapsed time = 00:00:06, memory = 622.08 (MB).                              
[INFO DRT-0199]   Number of violations = 0.                                     
[INFO DRT-0267] cpu time = 00:00:04, elapsed time = 00:00:06, memory = 622.08   
(MB), peak = 691.68 (MB)                                                        
Total wire length = 5468 um.                                                    
Total wire length on LAYER Metal1 = 0 um.                                       
Total wire length on LAYER Metal2 = 2645 um.                                    
Total wire length on LAYER Metal3 = 1904 um.                                    
Total wire length on LAYER Metal4 = 919 um.                                     
Total wire length on LAYER Metal5 = 0 um.                                       
Total wire length on LAYER TopMetal1 = 0 um.                                    
Total wire length on LAYER TopMetal2 = 0 um.                                    
Total number of vias = 1331.                                                    
Up-via summary (total 1331):                                                    
                                                                                
------------------                                                              
   GatPoly       0                                                              
    Metal1     647                                                              
    Metal2     573                                                              
    Metal3     111                                                              
    Metal4       0                                                              
    Metal5       0                                                              
 TopMetal1       0                                                              
------------------                                                              
          1331                                                                  
                                                                                
                                                                                
[INFO DRT-0198] Complete detail routing.                                        
Total wire length = 5468 um.                                                    
Total wire length on LAYER Metal1 = 0 um.                                       
Total wire length on LAYER Metal2 = 2645 um.                                    
Total wire length on LAYER Metal3 = 1904 um.                                    
Total wire length on LAYER Metal4 = 919 um.                                     
Total wire length on LAYER Metal5 = 0 um.                                       
Total wire length on LAYER TopMetal1 = 0 um.                                    
Total wire length on LAYER TopMetal2 = 0 um.                                    
Total number of vias = 1331.                                                    
Up-via summary (total 1331):                                                    
                                                                                
------------------                                                              
   GatPoly       0                                                              
    Metal1     647                                                              
    Metal2     573                                                              
    Metal3     111                                                              
    Metal4       0                                                              
    Metal5       0                                                              
 TopMetal1       0                                                              
------------------                                                              
          1331                                                                  
                                                                                
                                                                                
[INFO DRT-0267] cpu time = 00:00:28, elapsed time = 00:00:37, memory = 622.20   
(MB), peak = 691.68 (MB)                                                        
                                                                                
[INFO DRT-0180] Post processing.                                                
+ check_antennas                                                                
[INFO ANT-0002] Found 0 net violations.                                         
[INFO ANT-0001] Found 0 pin violations.                                         
Setting global connections for newly added cells…                               
[INFO] Setting global connections...                                            
[INFO ODB-0403] 0 connections made, 0 conflicts skipped.                        
Updating metrics…                                                               
Cell type report:                       Count       Area                        
  Clock buffer                              6     234.06                        
  Timing Repair Buffer                     45     326.59                        
  Inverter                                 17      92.53                        
  Clock inverter                            5      27.22                        
  Sequential cell                          27    1322.70                        
  Multi-Input combinational cell          107     965.26                        
  Total                                   207    2968.36                        
Writing OpenROAD database to                                                    
'/foss/designs/sar-adc/logic/runs/RUN_2026-08-16_00-21-01/44-openroad-detailedro
uting/sar_ctrl.odb'…                                                            
Writing netlist to                                                              
'/foss/designs/sar-adc/logic/runs/RUN_2026-08-16_00-21-01/44-openroad-detailedro
uting/sar_ctrl.nl.v'…                                                           
Writing powered netlist to                                                      
'/foss/designs/sar-adc/logic/runs/RUN_2026-08-16_00-21-01/44-openroad-detailedro
uting/sar_ctrl.pnl.v'…                                                          
Writing layout to                                                               
'/foss/designs/sar-adc/logic/runs/RUN_2026-08-16_00-21-01/44-openroad-detailedro
uting/sar_ctrl.def'…                                                            
Writing timing constraints to                                                   
'/foss/designs/sar-adc/logic/runs/RUN_2026-08-16_00-21-01/44-openroad-detailedro
uting/sar_ctrl.sdc'…                                                            
───────────────────────────── Remove Obstructions ──────────────────────────────
[00:22:10] VERBOSE  Running 'Odb.RemoveRoutingObstructions' at      step.py:1138
                    'runs/RUN_2026-08-16_00-21-01/45-odb-removerout             
                    ingobstructions'…                                           
[00:22:10] INFO     'ROUTING_OBSTRUCTIONS' is not defined. Skipping   odb.py:589
                    'Odb.RemoveRoutingObstructions'…                            
──────────────────────────────── Check Antennas ────────────────────────────────
[00:22:10] VERBOSE  Running 'OpenROAD.CheckAntennas-1' at           step.py:1138
                    'runs/RUN_2026-08-16_00-21-01/46-openroad-check             
                    antennas-1'…                                                
[00:22:10] VERBOSE  Logging subprocess to                           step.py:1338
                    'runs/RUN_2026-08-16_00-21-01/46-openroad-check             
                    antennas-1/openroad-checkantennas-1.log'…                   
Reading timing models for corner nom_typ_1p20V_25C…                             
Reading timing library for the 'nom_typ_1p20V_25C' corner at                    
'/foss/pdks/ihp-sg13g2/libs.ref/sg13g2_stdcell/lib/sg13g2_stdcell_typ_1p20V_25C.
lib'…                                                                           
Reading timing library for the 'nom_typ_1p20V_25C' corner at                    
'/foss/pdks/ihp-sg13g2/libs.ref/sg13g2_io/lib/sg13g2_io_typ_1p2V_3p3V_25C.lib'… 
Reading OpenROAD database at                                                    
'/foss/designs/sar-adc/logic/runs/RUN_2026-08-16_00-21-01/44-openroad-detailedro
uting/sar_ctrl.odb'…                                                            
Reading design constraints file at '/foss/designs/sar-adc/logic/impl.sdc'…      
[00:22:10] WARNING  [STA-0441] set_input_delay relative to a     openroad.py:314
                    clock defined on the same port/pin not                      
                    allowed.                                                    
[INFO] No information on clock propagation in input SDC file-- propagating all  
clocks.                                                                         
───────────────────────── Routing Design Rule Checker ──────────────────────────
[00:22:10] VERBOSE  Running 'Checker.TrDRC' at                      step.py:1138
                    'runs/RUN_2026-08-16_00-21-01/47-checker-trdrc'             
                    …                                                           
[00:22:10] INFO     Check for Routing DRC errors clear.           checker.py:131
─────────────────────────── Report Disconnected Pins ───────────────────────────
[00:22:10] VERBOSE  Running 'Odb.ReportDisconnectedPins' at         step.py:1138
                    'runs/RUN_2026-08-16_00-21-01/48-odb-reportdisc             
                    onnectedpins'…                                              
[00:22:10] VERBOSE  Logging subprocess to                           step.py:1338
                    'runs/RUN_2026-08-16_00-21-01/48-odb-reportdisc             
                    onnectedpins/odb-reportdisconnectedpins.log'…               
Found 0 disconnected pin(s), of which 0 are critical.                           
────────────────────────── Disconnected Pins Checker ───────────────────────────
[00:22:12] VERBOSE  Running 'Checker.DisconnectedPins' at           step.py:1138
                    'runs/RUN_2026-08-16_00-21-01/49-checker-discon             
                    nectedpins'…                                                
[00:22:12] INFO     Check for critical disconnected pins clear.   checker.py:131
────────────────────────────── Report Wire Length ──────────────────────────────
[00:22:12] VERBOSE  Running 'Odb.ReportWireLength' at               step.py:1138
                    'runs/RUN_2026-08-16_00-21-01/50-odb-reportwire             
                    length'…                                                    
[00:22:12] VERBOSE  Logging subprocess to                           step.py:1338
                    'runs/RUN_2026-08-16_00-21-01/50-odb-reportwire             
                    length/odb-reportwirelength.log'…                           
──────────────────────── Wire Length Threshold Checker ─────────────────────────
[00:22:13] VERBOSE  Running 'Checker.WireLength' at                 step.py:1138
                    'runs/RUN_2026-08-16_00-21-01/51-checker-wirele             
                    ngth'…                                                      
[00:22:13] WARNING  Threshold for Threshold-surpassing long wires checker.py:108
                    is not set. The checker will be skipped.                    
──────────────────────────────── Fill Insertion ────────────────────────────────
[00:22:13] VERBOSE  Running 'OpenROAD.FillInsertion' at             step.py:1138
                    'runs/RUN_2026-08-16_00-21-01/52-openroad-filli             
                    nsertion'…                                                  
[00:22:13] VERBOSE  Logging subprocess to                           step.py:1338
                    'runs/RUN_2026-08-16_00-21-01/52-openroad-filli             
                    nsertion/openroad-fillinsertion.log'…                       
Reading timing models for corner nom_typ_1p20V_25C…                             
Reading timing library for the 'nom_typ_1p20V_25C' corner at                    
'/foss/pdks/ihp-sg13g2/libs.ref/sg13g2_stdcell/lib/sg13g2_stdcell_typ_1p20V_25C.
lib'…                                                                           
Reading timing library for the 'nom_typ_1p20V_25C' corner at                    
'/foss/pdks/ihp-sg13g2/libs.ref/sg13g2_io/lib/sg13g2_io_typ_1p2V_3p3V_25C.lib'… 
Reading OpenROAD database at                                                    
'/foss/designs/sar-adc/logic/runs/RUN_2026-08-16_00-21-01/48-odb-reportdisconnec
tedpins/sar_ctrl.odb'…                                                          
Reading design constraints file at '/foss/designs/sar-adc/logic/impl.sdc'…      
[00:22:13] WARNING  [STA-0441] set_input_delay relative to a     openroad.py:314
                    clock defined on the same port/pin not                      
                    allowed.                                                    
[INFO] No information on clock propagation in input SDC file-- propagating all  
clocks.                                                                         
sg13g2_decap_* sg13g2_fill_1 sg13g2_fill_2                                      
[INFO DPL-0001] Placed 94 filler instances.                                     
Setting global connections for newly added cells…                               
[INFO] Setting global connections...                                            
[INFO ODB-0403] 188 connections made, 0 conflicts skipped.                      
Updating metrics…                                                               
Cell type report:                       Count       Area                        
  Fill cell                                94     453.60                        
  Clock buffer                              6     234.06                        
  Timing Repair Buffer                     45     326.59                        
  Inverter                                 17      92.53                        
  Clock inverter                            5      27.22                        
  Sequential cell                          27    1322.70                        
  Multi-Input combinational cell          107     965.26                        
  Total                                   301    3421.96                        
Writing OpenROAD database to                                                    
'/foss/designs/sar-adc/logic/runs/RUN_2026-08-16_00-21-01/52-openroad-fillinsert
ion/sar_ctrl.odb'…                                                              
Writing netlist to                                                              
'/foss/designs/sar-adc/logic/runs/RUN_2026-08-16_00-21-01/52-openroad-fillinsert
ion/sar_ctrl.nl.v'…                                                             
Writing powered netlist to                                                      
'/foss/designs/sar-adc/logic/runs/RUN_2026-08-16_00-21-01/52-openroad-fillinsert
ion/sar_ctrl.pnl.v'…                                                            
Writing layout to                                                               
'/foss/designs/sar-adc/logic/runs/RUN_2026-08-16_00-21-01/52-openroad-fillinsert
ion/sar_ctrl.def'…                                                              
Writing timing constraints to                                                   
'/foss/designs/sar-adc/logic/runs/RUN_2026-08-16_00-21-01/52-openroad-fillinsert
ion/sar_ctrl.sdc'…                                                              
──────────────────────── Generate Cell Frequency Tables ────────────────────────
[00:22:13] VERBOSE  Running 'Odb.CellFrequencyTables' at            step.py:1138
                    'runs/RUN_2026-08-16_00-21-01/53-odb-cellfreque             
                    ncytables'…                                                 
[00:22:13] VERBOSE  Logging subprocess to                           step.py:1338
                    'runs/RUN_2026-08-16_00-21-01/53-odb-cellfreque             
                    ncytables/buffer_list.txt'…                                 
sg13g2_buf_1                                                                    
sg13g2_buf_16                                                                   
sg13g2_buf_2                                                                    
sg13g2_buf_4                                                                    
sg13g2_buf_8                                                                    
sg13g2_dlygate4sd1_1                                                            
sg13g2_dlygate4sd2_1                                                            
sg13g2_dlygate4sd3_1                                                            
[00:22:14] VERBOSE  Logging subprocess to                           step.py:1338
                    'runs/RUN_2026-08-16_00-21-01/53-odb-cellfreque             
                    ncytables/odb-cellfrequencytables.log'…                     
                                Cells by Master                                 
┏━━━━━━━━━━━━━━━━━━━━━━━━━━━━━━━━━━━━━━━━━━━━━━━━━━━━━━━┳━━━━━━━━━━━━━━━━━━━━━━┓
┃ Cell                                                  ┃ Count                ┃
┡━━━━━━━━━━━━━━━━━━━━━━━━━━━━━━━━━━━━━━━━━━━━━━━━━━━━━━━╇━━━━━━━━━━━━━━━━━━━━━━┩
│ sg13g2_a21o_1                                         │ 1                    │
│ sg13g2_a21oi_1                                        │ 11                   │
│ sg13g2_a221oi_1                                       │ 2                    │
│ sg13g2_a22oi_1                                        │ 4                    │
│ sg13g2_and2_1                                         │ 3                    │
│ sg13g2_and3_1                                         │ 2                    │
│ sg13g2_buf_1                                          │ 46                   │
│ sg13g2_buf_16                                         │ 5                    │
│ sg13g2_decap_4                                        │ 8                    │
│ sg13g2_decap_8                                        │ 17                   │
│ sg13g2_dfrbpq_1                                       │ 27                   │
│ sg13g2_fill_1                                         │ 39                   │
│ sg13g2_fill_2                                         │ 30                   │
│ sg13g2_inv_1                                          │ 22                   │
│ sg13g2_mux2_1                                         │ 2                    │
│ sg13g2_nand2_1                                        │ 30                   │
│ sg13g2_nand2b_1                                       │ 2                    │
│ sg13g2_nand3_1                                        │ 3                    │
│ sg13g2_nand3b_1                                       │ 2                    │
│ sg13g2_nand4_1                                        │ 1                    │
│ sg13g2_nor2_1                                         │ 8                    │
│ sg13g2_nor2b_1                                        │ 4                    │
│ sg13g2_nor3_1                                         │ 4                    │
│ sg13g2_o21ai_1                                        │ 23                   │
│ sg13g2_or2_1                                          │ 3                    │
│ sg13g2_or3_1                                          │ 2                    │
└───────────────────────────────────────────────────────┴──────────────────────┘
                               Cells by Function                                
┏━━━━━━━━━━━━━━━━━━━━━━━━━━━━━━━━━━━━━━━━━━━━━━━━━━━━━┳━━━━━━━━━━━━━━━━━━━━━━━━┓
┃ Cell Function                                       ┃ Count                  ┃
┡━━━━━━━━━━━━━━━━━━━━━━━━━━━━━━━━━━━━━━━━━━━━━━━━━━━━━╇━━━━━━━━━━━━━━━━━━━━━━━━┩
└─────────────────────────────────────────────────────┴────────────────────────┘
                                  Cells by SCL                                  
┏━━━━━━━━━━━━━━━━━━━━━━━━━━━━━━━━━┳━━━━━━━━━━━━━━━━━━━━━━━━━━━━━━━━━━━━━━━━━━━━┓
┃ SCL                             ┃ Count                                      ┃
┡━━━━━━━━━━━━━━━━━━━━━━━━━━━━━━━━━╇━━━━━━━━━━━━━━━━━━━━━━━━━━━━━━━━━━━━━━━━━━━━┩
└─────────────────────────────────┴────────────────────────────────────────────┘
                             Buffers by Cell Master                             
┏━━━━━━━━━━━━━━━━━━━━━━━━━━━━━━━━━━━━━━━━━━━━━━━━━━━━━┳━━━━━━━━━━━━━━━━━━━━━━━━┓
┃ Buffer                                              ┃ Count                  ┃
┡━━━━━━━━━━━━━━━━━━━━━━━━━━━━━━━━━━━━━━━━━━━━━━━━━━━━━╇━━━━━━━━━━━━━━━━━━━━━━━━┩
│ sg13g2_buf_1                                        │ 46                     │
│ sg13g2_buf_16                                       │ 5                      │
└─────────────────────────────────────────────────────┴────────────────────────┘
───────────────── Parasitic Resistance/Capacitance Extraction ──────────────────
[00:22:15] VERBOSE  Running 'OpenROAD.RCX' at                       step.py:1138
                    'runs/RUN_2026-08-16_00-21-01/54-openroad-rcx'…             
[00:22:15] INFO     Running RCX for corners matching nom_*      openroad.py:2159
                    (/foss/designs/sar-adc/logic/runs/RUN_2026-                 
                    08-16_00-21-01/54-openroad-rcx/nom/rcx.log)                 
                    …                                                           
[00:22:15] VERBOSE  Logging subprocess to                           step.py:1338
                    'runs/RUN_2026-08-16_00-21-01/54-openroad-rcx/n             
                    om/rcx.log'…                                                
[00:22:15] INFO     Finished RCX for corners matching nom_*.    openroad.py:2168
────────────────────── Static Timing Analysis (Post-PnR) ───────────────────────
[00:22:15] VERBOSE  Running 'OpenROAD.STAPostPNR' at                step.py:1138
                    'runs/RUN_2026-08-16_00-21-01/55-openroad-stapo             
                    stpnr'…                                                     
[00:22:15] INFO     Starting STA for the nom_fast_1p32V_m40C     openroad.py:748
                    timing corner…                                              
[00:22:15] INFO     Starting STA for the nom_slow_1p08V_125C     openroad.py:748
                    timing corner…                                              
[00:22:15] INFO     Starting STA for the nom_typ_1p20V_25C       openroad.py:748
                    timing corner…                                              
[00:22:15] VERBOSE  Logging subprocess to                           step.py:1338
                    'runs/RUN_2026-08-16_00-21-01/55-openroad-stapo             
                    stpnr/nom_fast_1p32V_m40C/sta.log'…                         
[00:22:15] VERBOSE  Logging subprocess to                           step.py:1338
                    'runs/RUN_2026-08-16_00-21-01/55-openroad-stapo             
                    stpnr/nom_slow_1p08V_125C/sta.log'…                         
[00:22:15] VERBOSE  Logging subprocess to                           step.py:1338
                    'runs/RUN_2026-08-16_00-21-01/55-openroad-stapo             
                    stpnr/nom_typ_1p20V_25C/sta.log'…                           
[00:22:16] INFO     Finished STA for the nom_fast_1p32V_m40C     openroad.py:763
                    timing corner.                                              
[00:22:16] VERBOSE  Logging subprocess to                           step.py:1338
                    'runs/RUN_2026-08-16_00-21-01/55-openroad-stapo             
                    stpnr/nom_fast_1p32V_m40C/filter_unannotated.lo             
                    g'…                                                         
[00:22:16] INFO     Finished STA for the nom_slow_1p08V_125C     openroad.py:763
                    timing corner.                                              
[00:22:16] INFO     Finished STA for the nom_typ_1p20V_25C       openroad.py:763
                    timing corner.                                              
[00:22:16] VERBOSE  Logging subprocess to                           step.py:1338
                    'runs/RUN_2026-08-16_00-21-01/55-openroad-stapo             
                    stpnr/nom_slow_1p08V_125C/filter_unannotated.lo             
                    g'…                                                         
[00:22:16] VERBOSE  Logging subprocess to                           step.py:1338
                    'runs/RUN_2026-08-16_00-21-01/55-openroad-stapo             
                    stpnr/nom_typ_1p20V_25C/filter_unannotated.log'             
                    …                                                           
┏━━━━━━━━━━━━━━━━━━━━━━┳━━━━┳━━━━┳━━━━┳━━━━┳━━━━┳━━━┳━━━━┳━━━┳━━━━┳━━━┳━━━━┳━━━┓
┃                      ┃    ┃    ┃    ┃    ┃ of ┃   ┃    ┃   ┃    ┃ … ┃    ┃   ┃
┃                      ┃    ┃ R… ┃    ┃    ┃ w… ┃   ┃ R… ┃   ┃    ┃ … ┃    ┃   ┃
┃                      ┃ H… ┃ to ┃    ┃ H… ┃ r… ┃ … ┃ to ┃   ┃ S… ┃ … ┃ M… ┃ … ┃
┃                      ┃ W… ┃ R… ┃ H… ┃ V… ┃ to ┃ … ┃ R… ┃ … ┃ V… ┃ … ┃ C… ┃ … ┃
┃ Corner/Group         ┃ S… ┃ P… ┃ T… ┃ C… ┃ r… ┃ … ┃ P… ┃ … ┃ C… ┃ … ┃ V… ┃ … ┃
┡━━━━━━━━━━━━━━━━━━━━━━╇━━━━╇━━━━╇━━━━╇━━━━╇━━━━╇━━━╇━━━━╇━━━╇━━━━╇━━━╇━━━━╇━━━┩
│ Overall              │ 0… │ 0… │ 0… │ 0  │ 0  │ … │ 3… │ … │ 0  │ 0 │ 0  │ 0 │
│ nom_fast_1p32V_m40C  │ 0… │ 0… │ 0… │ 0  │ 0  │ … │ 4… │ … │ 0  │ 0 │ 0  │ 0 │
│ nom_slow_1p08V_125C  │ 0… │ 0… │ 0… │ 0  │ 0  │ … │ 3… │ … │ 0  │ 0 │ 0  │ 0 │
│ nom_typ_1p20V_25C    │ 0… │ 0… │ 0… │ 0  │ 0  │ … │ 4… │ … │ 0  │ 0 │ 0  │ 0 │
└──────────────────────┴────┴────┴────┴────┴────┴───┴────┴───┴────┴───┴────┴───┘
─────────────────────────── Generate IR Drop Report ────────────────────────────
[00:22:16] VERBOSE  Running 'OpenROAD.IRDropReport' at              step.py:1138
                    'runs/RUN_2026-08-16_00-21-01/56-openroad-irdro             
                    preport'…                                                   
[00:22:16] WARNING  'VSRC_LOC_FILES' was not given a value,     openroad.py:2260
                    which may make the results of IR drop                       
                    analysis inaccurate. If you are not                         
                    integrating a top-level chip for                            
                    manufacture, you may ignore this warning,                   
                    otherwise, see the documentation for                        
                    'VSRC_LOC_FILES'.                                           
[00:22:17] VERBOSE  Logging subprocess to                           step.py:1338
                    'runs/RUN_2026-08-16_00-21-01/56-openroad-irdro             
                    preport/openroad-irdropreport.log'…                         
Reading timing models for corner nom_typ_1p20V_25C…                             
Reading timing library for the 'nom_typ_1p20V_25C' corner at                    
'/foss/pdks/ihp-sg13g2/libs.ref/sg13g2_stdcell/lib/sg13g2_stdcell_typ_1p20V_25C.
lib'…                                                                           
Reading timing library for the 'nom_typ_1p20V_25C' corner at                    
'/foss/pdks/ihp-sg13g2/libs.ref/sg13g2_io/lib/sg13g2_io_typ_1p2V_3p3V_25C.lib'… 
Reading OpenROAD database at                                                    
'/foss/designs/sar-adc/logic/runs/RUN_2026-08-16_00-21-01/53-odb-cellfrequencyta
bles/sar_ctrl.odb'…                                                             
Reading design constraints file at '/foss/designs/sar-adc/logic/impl.sdc'…      
[00:22:17] WARNING  [STA-0441] set_input_delay relative to a     openroad.py:314
                    clock defined on the same port/pin not                      
                    allowed.                                                    
[INFO] No information on clock propagation in input SDC file-- propagating all  
clocks.                                                                         
[INFO] Using voltage extracted from lib (1.2V) for power nets and 0V for ground 
nets…                                                                           
[00:22:17] VERBOSE  + analyze_power_grid -net VDD -voltage_file openroad.py:2272
                    /foss/designs/sar-adc/logic/runs/RUN_2026-0                 
                    8-16_00-21-01/56-openroad-irdropreport/net-                 
                    VDD.csv                                                     
                    [INFO PSM-0040] All shapes on net VDD are                   
                    connected.                                                  
                    ########## IR report #################                      
                    Net              : VDD                                      
                    Corner           : nom_typ_1p20V_25C                        
                    Total power      : 4.76e-04 W                               
                    Supply voltage   : 1.20e+00 V                               
                    Worstcase voltage: 1.20e+00 V                               
                    Average voltage  : 1.20e+00 V                               
                    Average IR drop  : 3.61e-04 V                               
                    Worstcase IR drop: 2.58e-03 V                               
                    Percentage drop  : 0.21 %                                   
                    ######################################                      
                    + analyze_power_grid -net VSS -voltage_file                 
                    /foss/designs/sar-adc/logic/runs/RUN_2026-0                 
                    8-16_00-21-01/56-openroad-irdropreport/net-                 
                    VSS.csv                                                     
                    [INFO PSM-0040] All shapes on net VSS are                   
                    connected.                                                  
                    ########## IR report #################                      
                    Net              : VSS                                      
                    Corner           : nom_typ_1p20V_25C                        
                    Total power      : 4.76e-04 W                               
                    Supply voltage   : 0.00e+00 V                               
                    Worstcase voltage: 1.03e-03 V                               
                    Average voltage  : 2.19e-04 V                               
                    Average IR drop  : 2.19e-04 V                               
                    Worstcase IR drop: 1.03e-03 V                               
                    Percentage drop  : 0.09 %                                   
                    ######################################                      
                                                                                
─────────────────────────── GDSII Stream Out (Magic) ───────────────────────────
[00:22:17] VERBOSE  Running 'Magic.StreamOut' at                    step.py:1138
                    'runs/RUN_2026-08-16_00-21-01/57-magic-streamou             
                    t'…                                                         
[00:22:17] VERBOSE  Logging subprocess to                           step.py:1338
                    'runs/RUN_2026-08-16_00-21-01/57-magic-streamou             
                    t/magic-streamout.log'…                                     
                                                                                
Magic 8.3 revision 678 - Compiled on Mon Jul 27 09:07:23 PM CEST 2026.          
Starting magic under Tcl interpreter                                            
Using the terminal as the console.                                              
Using NULL graphics device.                                                     
Processing system .magicrc file                                                 
Switching to WIRING tool.                                                       
Switching to NETLIST tool.                                                      
Switching to PICK tool.                                                         
Switching to BOX tool.                                                          
Sourcing design .magicrc for technology ihp-sg13g2 ...                          
2 Magic internal units = 1 Lambda                                               
Input style sg13g2(): scaleFactor=2, multiplier=2                               
The following types are not handled by extraction and will be treated as        
non-electrical types:                                                           
    pblock sealcont difffill nemitter hvnemitter hvisodiffres sealvia1 sealvia2 
sealvia3 sealvia4 sealvia5 sealvia6 pillar solder seal glass thruvia inductor   
Scaled tech values by 2 / 1 to match internal grid scaling                      
Loading ihp-sg13g2 Device Generator Menu ...                                    
Loading                                                                         
"/usr/local/lib/python3.12/dist-packages/librelane/scripts/magic/wrapper.tcl"   
from command line.                                                              
> gds read /foss/pdks/ihp-sg13g2/libs.ref/sg13g2_stdcell/gds/sg13g2_stdcell.gds 
Warning: Calma reading is not undoable!  I hope that's OK.                      
Library written using GDS-II Release 5.0                                        
Library name: sg13g2_stdcell                                                    
Reading "sg13g2_a21o_1".                                                        
Reading "sg13g2_a21o_2".                                                        
Reading "sg13g2_a21oi_1".                                                       
CIF file read warning: CIF style sg13g2(): units rescaled by factor of 5 / 1    
Reading "sg13g2_a21oi_2".                                                       
Reading "sg13g2_a221oi_1".                                                      
Reading "sg13g2_a22oi_1".                                                       
Reading "sg13g2_and2_1".                                                        
Reading "sg13g2_and2_2".                                                        
Reading "sg13g2_and3_1".                                                        
Reading "sg13g2_and3_2".                                                        
Reading "sg13g2_and4_1".                                                        
Reading "sg13g2_and4_2".                                                        
Reading "sg13g2_antennanp".                                                     
Reading "sg13g2_buf_1".                                                         
Reading "sg13g2_buf_16".                                                        
Reading "sg13g2_buf_2".                                                         
Reading "sg13g2_buf_4".                                                         
Reading "sg13g2_buf_8".                                                         
Reading "sg13g2_decap_4".                                                       
Reading "sg13g2_decap_8".                                                       
Reading "sg13g2_dfrbp_1".                                                       
Reading "sg13g2_dfrbp_2".                                                       
Reading "sg13g2_dfrbpq_1".                                                      
Reading "sg13g2_dfrbpq_2".                                                      
Reading "sg13g2_dlhq_1".                                                        
Reading "sg13g2_dlhr_1".                                                        
Reading "sg13g2_dlhrq_1".                                                       
Reading "sg13g2_dllr_1".                                                        
Reading "sg13g2_dllrq_1".                                                       
Reading "sg13g2_dlygate4sd1_1".                                                 
Reading "sg13g2_dlygate4sd2_1".                                                 
Reading "sg13g2_dlygate4sd3_1".                                                 
Reading "sg13g2_ebufn_2".                                                       
Reading "sg13g2_ebufn_4".                                                       
Reading "sg13g2_ebufn_8".                                                       
Reading "sg13g2_einvn_2".                                                       
Reading "sg13g2_einvn_4".                                                       
Reading "sg13g2_einvn_8".                                                       
Reading "sg13g2_fill_1".                                                        
Reading "sg13g2_fill_2".                                                        
Reading "sg13g2_fill_4".                                                        
Reading "sg13g2_fill_8".                                                        
Reading "sg13g2_inv_1".                                                         
Reading "sg13g2_inv_16".                                                        
Reading "sg13g2_inv_2".                                                         
Reading "sg13g2_inv_4".                                                         
Reading "sg13g2_inv_8".                                                         
Reading "sg13g2_lgcp_1".                                                        
Reading "sg13g2_mux2_1".                                                        
Reading "sg13g2_mux2_2".                                                        
Reading "sg13g2_mux4_1".                                                        
Reading "sg13g2_nand2_1".                                                       
Reading "sg13g2_nand2_2".                                                       
Reading "sg13g2_nand2b_1".                                                      
Reading "sg13g2_nand2b_2".                                                      
Reading "sg13g2_nand3_1".                                                       
Reading "sg13g2_nand3b_1".                                                      
Reading "sg13g2_nand4_1".                                                       
Reading "sg13g2_nor2_1".                                                        
Reading "sg13g2_nor2_2".                                                        
Reading "sg13g2_nor2b_1".                                                       
Reading "sg13g2_nor2b_2".                                                       
Reading "sg13g2_nor3_1".                                                        
Reading "sg13g2_nor3_2".                                                        
Reading "sg13g2_nor4_1".                                                        
Reading "sg13g2_nor4_2".                                                        
Reading "sg13g2_o21ai_1".                                                       
Reading "sg13g2_or2_1".                                                         
Reading "sg13g2_or2_2".                                                         
Reading "sg13g2_or3_1".                                                         
Reading "sg13g2_or3_2".                                                         
Reading "sg13g2_or4_1".                                                         
Reading "sg13g2_or4_2".                                                         
Reading "sg13g2_sdfbbp_1".                                                      
Reading "sg13g2_sdfrbp_1".                                                      
Reading "sg13g2_sdfrbp_2".                                                      
Reading "sg13g2_sdfrbpq_1".                                                     
Reading "sg13g2_sdfrbpq_2".                                                     
Reading "sg13g2_sighold".                                                       
Reading "sg13g2_slgcp_1".                                                       
Reading "sg13g2_tiehi".                                                         
Reading "sg13g2_tielo".                                                         
Reading "sg13g2_xnor2_1".                                                       
Reading "sg13g2_xor2_1".                                                        
> lef read /foss/pdks/ihp-sg13g2/libs.ref/sg13g2_stdcell/lef/sg13g2_stdcell.lef 
Reading LEF data from file                                                      
/foss/pdks/ihp-sg13g2/libs.ref/sg13g2_stdcell/lef/sg13g2_stdcell.lef.           
This action cannot be undone.                                                   
LEF read, Line 6473 (Message): Unknown keyword "ANTENNAMAXCUTCAR" in LEF file;  
ignoring.                                                                       
LEF read: Processed 7927 lines.                                                 
> gds read /foss/pdks/ihp-sg13g2/libs.ref/sg13g2_io/gds/sg13g2_io.gds           
Warning: Calma reading is not undoable!  I hope that's OK.                      
Library written using GDS-II Release 5.0                                        
Library name: sg13g2_io                                                         
Reading "sg13g2_Corner".                                                        
Reading "sg13g2_Filler1000".                                                    
Reading "sg13g2_Filler10000".                                                   
Reading "sg13g2_Filler200".                                                     
Reading "sg13g2_Filler2000".                                                    
Reading "sg13g2_Filler400".                                                     
Reading "sg13g2_Filler4000".                                                    
Reading "sg13g2_Clamp_N20N0D".                                                  
Reading "sg13g2_Clamp_P20N0D".                                                  
Reading "sg13g2_DCNDiode".                                                      
Reading "sg13g2_DCPDiode".                                                      
Reading "sg13g2_SecondaryProtection".                                           
Reading "sg13g2_IOPadAnalog".                                                   
Reading "sg13g2_RCClampInverter".                                               
Reading "sg13g2_Clamp_N43N43D4R".                                               
Reading "sg13g2_RCClampResistor".                                               
Reading "sg13g2_IOPadIOVdd".                                                    
Reading "sg13g2_IOPadIOVss".                                                    
Reading "M2_M1_CDNS_777302434540".                                              
Saving contents of cell M2_M1_CDNS_777302434540                                 
Reading "M2_M1_CDNS_777302434541".                                              
Saving contents of cell M2_M1_CDNS_777302434541                                 
Reading "sg13g2_LevelDown".                                                     
Reading "sg13g2_IOPadIn".                                                       
Reading "sg13g2_Clamp_P15N15D".                                                 
Reading "sg13g2_io_inv_x1".                                                     
Reading "sg13g2_LevelUp".                                                       
Reading "sg13g2_io_nor2_x1".                                                    
Reading "sg13g2_io_tie".                                                        
Reading "sg13g2_io_nand2_x1".                                                   
Reading "sg13g2_GateDecode".                                                    
Reading "sg13g2_Clamp_N15N15D".                                                 
Reading "sg13g2_IOPadInOut30mA".                                                
Reading "sg13g2_Clamp_N8N8D".                                                   
Reading "sg13g2_Clamp_P8N8D".                                                   
Reading "sg13g2_IOPadInOut16mA".                                                
Reading "sg13g2_Clamp_N2N2D".                                                   
Reading "sg13g2_Clamp_P2N2D".                                                   
Reading "sg13g2_IOPadInOut4mA".                                                 
Reading "sg13g2_LevelUpInv".                                                    
Reading "sg13g2_GateLevelUpInv".                                                
Reading "sg13g2_IOPadOut16mA".                                                  
Reading "sg13g2_IOPadOut30mA".                                                  
Reading "sg13g2_IOPadOut4mA".                                                   
Reading "sg13g2_IOPadTriOut16mA".                                               
Reading "sg13g2_IOPadTriOut30mA".                                               
Reading "sg13g2_IOPadTriOut4mA".                                                
Reading "sg13g2_IOPadVdd".                                                      
Reading "sg13g2_IOPadVss".                                                      
> lef read /foss/pdks/ihp-sg13g2/libs.ref/sg13g2_io/lef/sg13g2_io.lef           
Reading LEF data from file                                                      
/foss/pdks/ihp-sg13g2/libs.ref/sg13g2_io/lef/sg13g2_io.lef.                     
This action cannot be undone.                                                   
LEF read: Processed 4552 lines.                                                 
Cell (NEWCELL) couldn't be read                                                 
No such file or directory                                                       
Creating new cell                                                               
> lef read /foss/pdks/ihp-sg13g2/libs.ref/sg13g2_stdcell/lef/sg13g2_tech.lef    
Reading LEF data from file                                                      
/foss/pdks/ihp-sg13g2/libs.ref/sg13g2_stdcell/lef/sg13g2_tech.lef.              
This action cannot be undone.                                                   
LEF read, Line 79 (Message): Unknown keyword "MAXIMUMDENSITY" in LEF file;      
ignoring.                                                                       
LEF read, Line 80 (Message): Unknown keyword "DENSITYCHECKSTEP" in LEF file;    
ignoring.                                                                       
LEF read, Line 81 (Message): Unknown keyword "DENSITYCHECKWINDOW" in LEF file;  
ignoring.                                                                       
LEF read, Line 87 (Message): Unknown keyword "MINIMUMCUT" in LEF file; ignoring.
LEF read, Line 91 (Message): Unknown keyword "ANTENNACUMAREARATIO" in LEF file; 
ignoring.                                                                       
LEF read, Line 92 (Message): Unknown keyword "ANTENNACUMDIFFAREARATIO" in LEF   
file; ignoring.                                                                 
LEF read, Line 121 (Message): Unknown keyword "MAXIMUMDENSITY" in LEF file;     
ignoring.                                                                       
LEF read, Line 122 (Message): Unknown keyword "DENSITYCHECKSTEP" in LEF file;   
ignoring.                                                                       
LEF read, Line 123 (Message): Unknown keyword "DENSITYCHECKWINDOW" in LEF file; 
ignoring.                                                                       
LEF read, Line 129 (Message): Unknown keyword "MINIMUMCUT" in LEF file;         
ignoring.                                                                       
LEF read, Line 134 (Message): Unknown keyword "ANTENNACUMAREARATIO" in LEF file;
ignoring.                                                                       
LEF read, Line 135 (Message): Unknown keyword "ANTENNACUMDIFFAREARATIO" in LEF  
file; ignoring.                                                                 
LEF read, Line 162 (Message): Unknown keyword "MAXIMUMDENSITY" in LEF file;     
ignoring.                                                                       
LEF read, Line 163 (Message): Unknown keyword "DENSITYCHECKSTEP" in LEF file;   
ignoring.                                                                       
LEF read, Line 164 (Message): Unknown keyword "DENSITYCHECKWINDOW" in LEF file; 
ignoring.                                                                       
LEF read, Line 170 (Message): Unknown keyword "MINIMUMCUT" in LEF file;         
ignoring.                                                                       
LEF read, Line 175 (Message): Unknown keyword "ANTENNACUMAREARATIO" in LEF file;
ignoring.                                                                       
LEF read, Line 176 (Message): Unknown keyword "ANTENNACUMDIFFAREARATIO" in LEF  
file; ignoring.                                                                 
LEF read, Line 204 (Message): Unknown keyword "MAXIMUMDENSITY" in LEF file;     
ignoring.                                                                       
LEF read, Line 205 (Message): Unknown keyword "DENSITYCHECKSTEP" in LEF file;   
ignoring.                                                                       
LEF read, Line 206 (Message): Unknown keyword "DENSITYCHECKWINDOW" in LEF file; 
ignoring.                                                                       
LEF read, Line 212 (Message): Unknown keyword "MINIMUMCUT" in LEF file;         
ignoring.                                                                       
LEF read, Line 217 (Message): Unknown keyword "ANTENNACUMAREARATIO" in LEF file;
ignoring.                                                                       
LEF read, Line 218 (Message): Unknown keyword "ANTENNACUMDIFFAREARATIO" in LEF  
file; ignoring.                                                                 
LEF read, Line 245 (Message): Unknown keyword "MAXIMUMDENSITY" in LEF file;     
ignoring.                                                                       
LEF read, Line 246 (Message): Unknown keyword "DENSITYCHECKSTEP" in LEF file;   
ignoring.                                                                       
LEF read, Line 247 (Message): Unknown keyword "DENSITYCHECKWINDOW" in LEF file; 
ignoring.                                                                       
LEF read, Line 253 (Message): Unknown keyword "MINIMUMCUT" in LEF file;         
ignoring.                                                                       
LEF read, Line 258 (Message): Unknown keyword "ANTENNACUMAREARATIO" in LEF file;
ignoring.                                                                       
LEF read, Line 259 (Message): Unknown keyword "ANTENNACUMDIFFAREARATIO" in LEF  
file; ignoring.                                                                 
LEF read, Line 285 (Message): Unknown keyword "MAXIMUMDENSITY" in LEF file;     
ignoring.                                                                       
LEF read, Line 286 (Message): Unknown keyword "DENSITYCHECKSTEP" in LEF file;   
ignoring.                                                                       
LEF read, Line 287 (Message): Unknown keyword "DENSITYCHECKWINDOW" in LEF file; 
ignoring.                                                                       
LEF read, Line 292 (Message): Unknown keyword "ANTENNACUMAREARATIO" in LEF file;
ignoring.                                                                       
LEF read, Line 293 (Message): Unknown keyword "ANTENNACUMDIFFAREARATIO" in LEF  
file; ignoring.                                                                 
LEF read, Line 319 (Message): Unknown keyword "MAXIMUMDENSITY" in LEF file;     
ignoring.                                                                       
LEF read, Line 320 (Message): Unknown keyword "DENSITYCHECKSTEP" in LEF file;   
ignoring.                                                                       
LEF read, Line 321 (Message): Unknown keyword "DENSITYCHECKWINDOW" in LEF file; 
ignoring.                                                                       
LEF read, Line 330 (Message): Unknown keyword "ANTENNACUMAREARATIO" in LEF file;
ignoring.                                                                       
LEF read, Line 331 (Message): Unknown keyword "ANTENNACUMDIFFAREARATIO" in LEF  
file; ignoring.                                                                 
LEF read: Processed 1200 lines.                                                 
> def read                                                                      
/foss/designs/sar-adc/logic/runs/RUN_2026-08-16_00-21-01/53-odb-cellfrequencytab
les/sar_ctrl.def -noblockage                                                    
Reading DEF data from file                                                      
/foss/designs/sar-adc/logic/runs/RUN_2026-08-16_00-21-01/53-odb-cellfrequencytab
les/sar_ctrl.def.                                                               
This action cannot be undone.                                                   
  Processed 5 vias total.                                                       
  Processed 1 non-default rules total.                                          
  Processed 301 subcell instances total.                                        
  Processed 36 pins total.                                                      
  Processed 2 special nets total.                                               
  Processed 209 nets total.                                                     
DEF read: Processed 3891 lines.                                                 
   Copying output for cell sg13g2_fill_2 from                                   
$PDKPATH/libs.ref/sg13g2_stdcell/gds/sg13g2_stdcell.gds                         
   Copying output for cell sg13g2_inv_1 from                                    
$PDKPATH/libs.ref/sg13g2_stdcell/gds/sg13g2_stdcell.gds                         
   Copying output for cell sg13g2_nand2_1 from                                  
$PDKPATH/libs.ref/sg13g2_stdcell/gds/sg13g2_stdcell.gds                         
   Copying output for cell sg13g2_dfrbpq_1 from                                 
$PDKPATH/libs.ref/sg13g2_stdcell/gds/sg13g2_stdcell.gds                         
   Copying output for cell sg13g2_buf_1 from                                    
$PDKPATH/libs.ref/sg13g2_stdcell/gds/sg13g2_stdcell.gds                         
   Copying output for cell sg13g2_fill_1 from                                   
$PDKPATH/libs.ref/sg13g2_stdcell/gds/sg13g2_stdcell.gds                         
   Copying output for cell sg13g2_o21ai_1 from                                  
$PDKPATH/libs.ref/sg13g2_stdcell/gds/sg13g2_stdcell.gds                         
   Copying output for cell sg13g2_buf_16 from                                   
$PDKPATH/libs.ref/sg13g2_stdcell/gds/sg13g2_stdcell.gds                         
   Copying output for cell sg13g2_a21oi_1 from                                  
$PDKPATH/libs.ref/sg13g2_stdcell/gds/sg13g2_stdcell.gds                         
   Copying output for cell sg13g2_nand2b_1 from                                 
$PDKPATH/libs.ref/sg13g2_stdcell/gds/sg13g2_stdcell.gds                         
   Copying output for cell sg13g2_a221oi_1 from                                 
$PDKPATH/libs.ref/sg13g2_stdcell/gds/sg13g2_stdcell.gds                         
   Copying output for cell sg13g2_mux2_1 from                                   
$PDKPATH/libs.ref/sg13g2_stdcell/gds/sg13g2_stdcell.gds                         
   Copying output for cell sg13g2_nor3_1 from                                   
$PDKPATH/libs.ref/sg13g2_stdcell/gds/sg13g2_stdcell.gds                         
   Copying output for cell sg13g2_nor2b_1 from                                  
$PDKPATH/libs.ref/sg13g2_stdcell/gds/sg13g2_stdcell.gds                         
   Copying output for cell sg13g2_nor2_1 from                                   
$PDKPATH/libs.ref/sg13g2_stdcell/gds/sg13g2_stdcell.gds                         
   Copying output for cell sg13g2_decap_8 from                                  
$PDKPATH/libs.ref/sg13g2_stdcell/gds/sg13g2_stdcell.gds                         
   Copying output for cell sg13g2_decap_4 from                                  
$PDKPATH/libs.ref/sg13g2_stdcell/gds/sg13g2_stdcell.gds                         
   Copying output for cell sg13g2_or2_1 from                                    
$PDKPATH/libs.ref/sg13g2_stdcell/gds/sg13g2_stdcell.gds                         
   Copying output for cell sg13g2_and3_1 from                                   
$PDKPATH/libs.ref/sg13g2_stdcell/gds/sg13g2_stdcell.gds                         
   Copying output for cell sg13g2_and2_1 from                                   
$PDKPATH/libs.ref/sg13g2_stdcell/gds/sg13g2_stdcell.gds                         
   Copying output for cell sg13g2_nand3_1 from                                  
$PDKPATH/libs.ref/sg13g2_stdcell/gds/sg13g2_stdcell.gds                         
   Copying output for cell sg13g2_or3_1 from                                    
$PDKPATH/libs.ref/sg13g2_stdcell/gds/sg13g2_stdcell.gds                         
   Copying output for cell sg13g2_a21o_1 from                                   
$PDKPATH/libs.ref/sg13g2_stdcell/gds/sg13g2_stdcell.gds                         
   Copying output for cell sg13g2_a22oi_1 from                                  
$PDKPATH/libs.ref/sg13g2_stdcell/gds/sg13g2_stdcell.gds                         
   Copying output for cell sg13g2_nand4_1 from                                  
$PDKPATH/libs.ref/sg13g2_stdcell/gds/sg13g2_stdcell.gds                         
   Copying output for cell sg13g2_nand3b_1 from                                 
$PDKPATH/libs.ref/sg13g2_stdcell/gds/sg13g2_stdcell.gds                         
   Generating output for cell sar_ctrl                                          
[INFO] GDS Write Complete                                                       
────────────────────────── GDSII Stream Out (KLayout) ──────────────────────────
[00:22:55] VERBOSE  Running 'KLayout.StreamOut' at                  step.py:1138
                    'runs/RUN_2026-08-16_00-21-01/58-klayout-stream             
                    out'…                                                       
[00:22:55] VERBOSE  Logging subprocess to                           step.py:1338
                    'runs/RUN_2026-08-16_00-21-01/58-klayout-stream             
                    out/klayout-streamout.log'…                                 
[INFO] Clearing cells…                                                          
[INFO] Merging GDS files…                                                       
[INFO] Copying top level cell 'sar_ctrl'…                                       
[INFO] Checking for missing GDS…                                                
[INFO] All LEF cells have matching GDS cells.                                   
[INFO] Writing out GDS                                                          
'/foss/designs/sar-adc/logic/runs/RUN_2026-08-16_00-21-01/58-klayout-streamout/s
ar_ctrl.klayout.gds'…                                                           
[INFO] Done.                                                                    
────────────────────────── Render Image (w/ KLayout) ───────────────────────────
[00:22:56] VERBOSE  Running 'KLayout.Render' at                     step.py:1138
                    'runs/RUN_2026-08-16_00-21-01/59-klayout-render             
                    '…                                                          
[00:22:56] VERBOSE  Logging subprocess to                           step.py:1338
                    'runs/RUN_2026-08-16_00-21-01/59-klayout-render             
                    /klayout-render.log'…                                       
────────────────────────────── Write LEF (Magic) ───────────────────────────────
[00:22:57] VERBOSE  Running 'Magic.WriteLEF' at                     step.py:1138
                    'runs/RUN_2026-08-16_00-21-01/60-magic-writelef             
                    '…                                                          
[00:22:57] VERBOSE  Logging subprocess to                           step.py:1338
                    'runs/RUN_2026-08-16_00-21-01/60-magic-writelef             
                    /magic-writelef.log'…                                       
                                                                                
Magic 8.3 revision 678 - Compiled on Mon Jul 27 09:07:23 PM CEST 2026.          
Starting magic under Tcl interpreter                                            
Using the terminal as the console.                                              
Using NULL graphics device.                                                     
Processing system .magicrc file                                                 
Switching to WIRING tool.                                                       
Switching to NETLIST tool.                                                      
Switching to PICK tool.                                                         
Switching to BOX tool.                                                          
Sourcing design .magicrc for technology ihp-sg13g2 ...                          
2 Magic internal units = 1 Lambda                                               
Input style sg13g2(): scaleFactor=2, multiplier=2                               
The following types are not handled by extraction and will be treated as        
non-electrical types:                                                           
    pblock sealcont difffill nemitter hvnemitter hvisodiffres sealvia1 sealvia2 
sealvia3 sealvia4 sealvia5 sealvia6 pillar solder seal glass thruvia inductor   
Scaled tech values by 2 / 1 to match internal grid scaling                      
Loading ihp-sg13g2 Device Generator Menu ...                                    
Loading                                                                         
"/usr/local/lib/python3.12/dist-packages/librelane/scripts/magic/wrapper.tcl"   
from command line.                                                              
> lef read /foss/pdks/ihp-sg13g2/libs.ref/sg13g2_stdcell/lef/sg13g2_tech.lef    
Reading LEF data from file                                                      
/foss/pdks/ihp-sg13g2/libs.ref/sg13g2_stdcell/lef/sg13g2_tech.lef.              
This action cannot be undone.                                                   
LEF read, Line 79 (Message): Unknown keyword "MAXIMUMDENSITY" in LEF file;      
ignoring.                                                                       
LEF read, Line 80 (Message): Unknown keyword "DENSITYCHECKSTEP" in LEF file;    
ignoring.                                                                       
LEF read, Line 81 (Message): Unknown keyword "DENSITYCHECKWINDOW" in LEF file;  
ignoring.                                                                       
LEF read, Line 87 (Message): Unknown keyword "MINIMUMCUT" in LEF file; ignoring.
LEF read, Line 91 (Message): Unknown keyword "ANTENNACUMAREARATIO" in LEF file; 
ignoring.                                                                       
LEF read, Line 92 (Message): Unknown keyword "ANTENNACUMDIFFAREARATIO" in LEF   
file; ignoring.                                                                 
LEF read, Line 121 (Message): Unknown keyword "MAXIMUMDENSITY" in LEF file;     
ignoring.                                                                       
LEF read, Line 122 (Message): Unknown keyword "DENSITYCHECKSTEP" in LEF file;   
ignoring.                                                                       
LEF read, Line 123 (Message): Unknown keyword "DENSITYCHECKWINDOW" in LEF file; 
ignoring.                                                                       
LEF read, Line 129 (Message): Unknown keyword "MINIMUMCUT" in LEF file;         
ignoring.                                                                       
LEF read, Line 134 (Message): Unknown keyword "ANTENNACUMAREARATIO" in LEF file;
ignoring.                                                                       
LEF read, Line 135 (Message): Unknown keyword "ANTENNACUMDIFFAREARATIO" in LEF  
file; ignoring.                                                                 
LEF read, Line 162 (Message): Unknown keyword "MAXIMUMDENSITY" in LEF file;     
ignoring.                                                                       
LEF read, Line 163 (Message): Unknown keyword "DENSITYCHECKSTEP" in LEF file;   
ignoring.                                                                       
LEF read, Line 164 (Message): Unknown keyword "DENSITYCHECKWINDOW" in LEF file; 
ignoring.                                                                       
LEF read, Line 170 (Message): Unknown keyword "MINIMUMCUT" in LEF file;         
ignoring.                                                                       
LEF read, Line 175 (Message): Unknown keyword "ANTENNACUMAREARATIO" in LEF file;
ignoring.                                                                       
LEF read, Line 176 (Message): Unknown keyword "ANTENNACUMDIFFAREARATIO" in LEF  
file; ignoring.                                                                 
LEF read, Line 204 (Message): Unknown keyword "MAXIMUMDENSITY" in LEF file;     
ignoring.                                                                       
LEF read, Line 205 (Message): Unknown keyword "DENSITYCHECKSTEP" in LEF file;   
ignoring.                                                                       
LEF read, Line 206 (Message): Unknown keyword "DENSITYCHECKWINDOW" in LEF file; 
ignoring.                                                                       
LEF read, Line 212 (Message): Unknown keyword "MINIMUMCUT" in LEF file;         
ignoring.                                                                       
LEF read, Line 217 (Message): Unknown keyword "ANTENNACUMAREARATIO" in LEF file;
ignoring.                                                                       
LEF read, Line 218 (Message): Unknown keyword "ANTENNACUMDIFFAREARATIO" in LEF  
file; ignoring.                                                                 
LEF read, Line 245 (Message): Unknown keyword "MAXIMUMDENSITY" in LEF file;     
ignoring.                                                                       
LEF read, Line 246 (Message): Unknown keyword "DENSITYCHECKSTEP" in LEF file;   
ignoring.                                                                       
LEF read, Line 247 (Message): Unknown keyword "DENSITYCHECKWINDOW" in LEF file; 
ignoring.                                                                       
LEF read, Line 253 (Message): Unknown keyword "MINIMUMCUT" in LEF file;         
ignoring.                                                                       
LEF read, Line 258 (Message): Unknown keyword "ANTENNACUMAREARATIO" in LEF file;
ignoring.                                                                       
LEF read, Line 259 (Message): Unknown keyword "ANTENNACUMDIFFAREARATIO" in LEF  
file; ignoring.                                                                 
LEF read, Line 285 (Message): Unknown keyword "MAXIMUMDENSITY" in LEF file;     
ignoring.                                                                       
LEF read, Line 286 (Message): Unknown keyword "DENSITYCHECKSTEP" in LEF file;   
ignoring.                                                                       
LEF read, Line 287 (Message): Unknown keyword "DENSITYCHECKWINDOW" in LEF file; 
ignoring.                                                                       
LEF read, Line 292 (Message): Unknown keyword "ANTENNACUMAREARATIO" in LEF file;
ignoring.                                                                       
LEF read, Line 293 (Message): Unknown keyword "ANTENNACUMDIFFAREARATIO" in LEF  
file; ignoring.                                                                 
LEF read, Line 319 (Message): Unknown keyword "MAXIMUMDENSITY" in LEF file;     
ignoring.                                                                       
LEF read, Line 320 (Message): Unknown keyword "DENSITYCHECKSTEP" in LEF file;   
ignoring.                                                                       
LEF read, Line 321 (Message): Unknown keyword "DENSITYCHECKWINDOW" in LEF file; 
ignoring.                                                                       
LEF read, Line 330 (Message): Unknown keyword "ANTENNACUMAREARATIO" in LEF file;
ignoring.                                                                       
LEF read, Line 331 (Message): Unknown keyword "ANTENNACUMDIFFAREARATIO" in LEF  
file; ignoring.                                                                 
LEF read: Processed 1200 lines.                                                 
> gds read /foss/pdks/ihp-sg13g2/libs.ref/sg13g2_stdcell/gds/sg13g2_stdcell.gds 
Warning: Calma reading is not undoable!  I hope that's OK.                      
Library written using GDS-II Release 5.0                                        
Library name: sg13g2_stdcell                                                    
Reading "sg13g2_a21o_1".                                                        
Reading "sg13g2_a21o_2".                                                        
Reading "sg13g2_a21oi_1".                                                       
CIF file read warning: CIF style sg13g2(): units rescaled by factor of 5 / 1    
Reading "sg13g2_a21oi_2".                                                       
Reading "sg13g2_a221oi_1".                                                      
Reading "sg13g2_a22oi_1".                                                       
Reading "sg13g2_and2_1".                                                        
Reading "sg13g2_and2_2".                                                        
Reading "sg13g2_and3_1".                                                        
Reading "sg13g2_and3_2".                                                        
Reading "sg13g2_and4_1".                                                        
Reading "sg13g2_and4_2".                                                        
Reading "sg13g2_antennanp".                                                     
Reading "sg13g2_buf_1".                                                         
Reading "sg13g2_buf_16".                                                        
Reading "sg13g2_buf_2".                                                         
Reading "sg13g2_buf_4".                                                         
Reading "sg13g2_buf_8".                                                         
Reading "sg13g2_decap_4".                                                       
Reading "sg13g2_decap_8".                                                       
Reading "sg13g2_dfrbp_1".                                                       
Reading "sg13g2_dfrbp_2".                                                       
Reading "sg13g2_dfrbpq_1".                                                      
Reading "sg13g2_dfrbpq_2".                                                      
Reading "sg13g2_dlhq_1".                                                        
Reading "sg13g2_dlhr_1".                                                        
Reading "sg13g2_dlhrq_1".                                                       
Reading "sg13g2_dllr_1".                                                        
Reading "sg13g2_dllrq_1".                                                       
Reading "sg13g2_dlygate4sd1_1".                                                 
Reading "sg13g2_dlygate4sd2_1".                                                 
Reading "sg13g2_dlygate4sd3_1".                                                 
Reading "sg13g2_ebufn_2".                                                       
Reading "sg13g2_ebufn_4".                                                       
Reading "sg13g2_ebufn_8".                                                       
Reading "sg13g2_einvn_2".                                                       
Reading "sg13g2_einvn_4".                                                       
Reading "sg13g2_einvn_8".                                                       
Reading "sg13g2_fill_1".                                                        
Reading "sg13g2_fill_2".                                                        
Reading "sg13g2_fill_4".                                                        
Reading "sg13g2_fill_8".                                                        
Reading "sg13g2_inv_1".                                                         
Reading "sg13g2_inv_16".                                                        
Reading "sg13g2_inv_2".                                                         
Reading "sg13g2_inv_4".                                                         
Reading "sg13g2_inv_8".                                                         
Reading "sg13g2_lgcp_1".                                                        
Reading "sg13g2_mux2_1".                                                        
Reading "sg13g2_mux2_2".                                                        
Reading "sg13g2_mux4_1".                                                        
Reading "sg13g2_nand2_1".                                                       
Reading "sg13g2_nand2_2".                                                       
Reading "sg13g2_nand2b_1".                                                      
Reading "sg13g2_nand2b_2".                                                      
Reading "sg13g2_nand3_1".                                                       
Reading "sg13g2_nand3b_1".                                                      
Reading "sg13g2_nand4_1".                                                       
Reading "sg13g2_nor2_1".                                                        
Reading "sg13g2_nor2_2".                                                        
Reading "sg13g2_nor2b_1".                                                       
Reading "sg13g2_nor2b_2".                                                       
Reading "sg13g2_nor3_1".                                                        
Reading "sg13g2_nor3_2".                                                        
Reading "sg13g2_nor4_1".                                                        
Reading "sg13g2_nor4_2".                                                        
Reading "sg13g2_o21ai_1".                                                       
Reading "sg13g2_or2_1".                                                         
Reading "sg13g2_or2_2".                                                         
Reading "sg13g2_or3_1".                                                         
Reading "sg13g2_or3_2".                                                         
Reading "sg13g2_or4_1".                                                         
Reading "sg13g2_or4_2".                                                         
Reading "sg13g2_sdfbbp_1".                                                      
Reading "sg13g2_sdfrbp_1".                                                      
Reading "sg13g2_sdfrbp_2".                                                      
Reading "sg13g2_sdfrbpq_1".                                                     
Reading "sg13g2_sdfrbpq_2".                                                     
Reading "sg13g2_sighold".                                                       
Reading "sg13g2_slgcp_1".                                                       
Reading "sg13g2_tiehi".                                                         
Reading "sg13g2_tielo".                                                         
Reading "sg13g2_xnor2_1".                                                       
Reading "sg13g2_xor2_1".                                                        
> gds read /foss/pdks/ihp-sg13g2/libs.ref/sg13g2_io/gds/sg13g2_io.gds           
Warning: Calma reading is not undoable!  I hope that's OK.                      
Library written using GDS-II Release 5.0                                        
Library name: sg13g2_io                                                         
Reading "sg13g2_Corner".                                                        
Reading "sg13g2_Filler1000".                                                    
Reading "sg13g2_Filler10000".                                                   
Reading "sg13g2_Filler200".                                                     
Reading "sg13g2_Filler2000".                                                    
Reading "sg13g2_Filler400".                                                     
Reading "sg13g2_Filler4000".                                                    
Reading "sg13g2_Clamp_N20N0D".                                                  
Reading "sg13g2_Clamp_P20N0D".                                                  
Reading "sg13g2_DCNDiode".                                                      
Reading "sg13g2_DCPDiode".                                                      
Reading "sg13g2_SecondaryProtection".                                           
Reading "sg13g2_IOPadAnalog".                                                   
Reading "sg13g2_RCClampInverter".                                               
Reading "sg13g2_Clamp_N43N43D4R".                                               
Reading "sg13g2_RCClampResistor".                                               
Reading "sg13g2_IOPadIOVdd".                                                    
Reading "sg13g2_IOPadIOVss".                                                    
Reading "M2_M1_CDNS_777302434540".                                              
Saving contents of cell M2_M1_CDNS_777302434540                                 
Reading "M2_M1_CDNS_777302434541".                                              
Saving contents of cell M2_M1_CDNS_777302434541                                 
Reading "sg13g2_LevelDown".                                                     
Reading "sg13g2_IOPadIn".                                                       
Reading "sg13g2_Clamp_P15N15D".                                                 
Reading "sg13g2_io_inv_x1".                                                     
Reading "sg13g2_LevelUp".                                                       
Reading "sg13g2_io_nor2_x1".                                                    
Reading "sg13g2_io_tie".                                                        
Reading "sg13g2_io_nand2_x1".                                                   
Reading "sg13g2_GateDecode".                                                    
Reading "sg13g2_Clamp_N15N15D".                                                 
Reading "sg13g2_IOPadInOut30mA".                                                
Reading "sg13g2_Clamp_N8N8D".                                                   
Reading "sg13g2_Clamp_P8N8D".                                                   
Reading "sg13g2_IOPadInOut16mA".                                                
Reading "sg13g2_Clamp_N2N2D".                                                   
Reading "sg13g2_Clamp_P2N2D".                                                   
Reading "sg13g2_IOPadInOut4mA".                                                 
Reading "sg13g2_LevelUpInv".                                                    
Reading "sg13g2_GateLevelUpInv".                                                
Reading "sg13g2_IOPadOut16mA".                                                  
Reading "sg13g2_IOPadOut30mA".                                                  
Reading "sg13g2_IOPadOut4mA".                                                   
Reading "sg13g2_IOPadTriOut16mA".                                               
Reading "sg13g2_IOPadTriOut30mA".                                               
Reading "sg13g2_IOPadTriOut4mA".                                                
Reading "sg13g2_IOPadVdd".                                                      
Reading "sg13g2_IOPadVss".                                                      
Cell (REFRESHLAYOUT?) couldn't be read                                          
No such file or directory                                                       
Creating new cell                                                               
> def read                                                                      
/foss/designs/sar-adc/logic/runs/RUN_2026-08-16_00-21-01/53-odb-cellfrequencytab
les/sar_ctrl.def -noblockage                                                    
Reading DEF data from file                                                      
/foss/designs/sar-adc/logic/runs/RUN_2026-08-16_00-21-01/53-odb-cellfrequencytab
les/sar_ctrl.def.                                                               
This action cannot be undone.                                                   
  Processed 5 vias total.                                                       
  Processed 1 non-default rules total.                                          
  Processed 301 subcell instances total.                                        
  Processed 36 pins total.                                                      
  Processed 2 special nets total.                                               
  Processed 209 nets total.                                                     
DEF read: Processed 3891 lines.                                                 
[INFO] Ignoring 'VDD VSS'                                                       
[INFO] Writing abstract LEF…                                                    
[INFO] Not specifiying -pinonly (nets connected to pins on the same layer are   
declared as part of the pin)…                                                   
Generating LEF output                                                           
/foss/designs/sar-adc/logic/runs/RUN_2026-08-16_00-21-01/60-magic-writelef/sar_c
trl.lef for cell sar_ctrl:                                                      
Diagnostic:  Write LEF header for cell sar_ctrl                                 
Diagnostic:  Writing LEF output for cell sar_ctrl                               
Diagnostic:  Scale value is 0.005000                                            
[INFO] LEF Write Complete.                                                      
────── Check Antenna Properties of Pins in The Generated Design LEF view ───────
[00:23:29] VERBOSE  Running 'Odb.CheckDesignAntennaProperties' at   step.py:1138
                    'runs/RUN_2026-08-16_00-21-01/61-odb-checkdesig             
                    nantennaproperties'…                                        
[00:23:29] VERBOSE  Logging subprocess to                           step.py:1338
                    'runs/RUN_2026-08-16_00-21-01/61-odb-checkdesig             
                    nantennaproperties/odb-checkdesignantennaproper             
                    ties.log'…                                                  
[INFO ODB-0227] LEF file:                                                       
/foss/pdks/ihp-sg13g2/libs.ref/sg13g2_stdcell/lef/sg13g2_tech.lef, created 19   
layers, 70 vias                                                                 
[INFO ODB-0227] LEF file:                                                       
/foss/pdks/ihp-sg13g2/libs.ref/sg13g2_stdcell/lef/sg13g2_stdcell.lef, created 84
library cells                                                                   
[INFO ODB-0227] LEF file:                                                       
/foss/pdks/ihp-sg13g2/libs.ref/sg13g2_io/lef/sg13g2_io.lef, created 22 library  
cells                                                                           
The NOWIREEXTENSIONATPIN statement will be ignored. See file                    
/foss/designs/sar-adc/logic/runs/RUN_2026-08-16_00-21-01/60-magic-writelef/sar_c
trl.lef at line 2.                                                              
                                                                                
[INFO ODB-0227] LEF file:                                                       
/foss/designs/sar-adc/logic/runs/RUN_2026-08-16_00-21-01/60-magic-writelef/sar_c
trl.lef, created 1 library cells                                                
[INFO ODB-0127] Reading DEF file: /tmp/tmpqdfz_sl6                              
[INFO ODB-0128] Design: empty                                                   
[INFO ODB-0134] Finished DEF file: /tmp/tmpqdfz_sl6                             
──────────────────────────── KLayout vs. Magic XOR ─────────────────────────────
[00:23:30] VERBOSE  Running 'KLayout.XOR' at                        step.py:1138
                    'runs/RUN_2026-08-16_00-21-01/62-klayout-xor'…              
[00:23:30] INFO     Running XOR with 4 threads…                   klayout.py:405
[00:23:30] VERBOSE  Logging subprocess to                           step.py:1338
                    'runs/RUN_2026-08-16_00-21-01/62-klayout-xor/kl             
                    ayout-xor.log'…                                             
Using 4 threads…                                                                
Using a tile size of (500 µm)²…                                                 
Reading                                                                         
/foss/designs/sar-adc/logic/runs/RUN_2026-08-16_00-21-01/57-magic-streamout/sar_
ctrl.magic.gds ..                                                               
Reading                                                                         
/foss/designs/sar-adc/logic/runs/RUN_2026-08-16_00-21-01/58-klayout-streamout/sa
r_ctrl.klayout.gds ..                                                           
--- Running XOR for layer 1/0 ---                                               
"input" in: xor.drc:109                                                         
    Polygons (raw): 1383 (flat)  114 (hierarchical)                             
    Elapsed: 0.000s  Memory: 432.00M                                            
"input" in: xor.drc:109                                                         
    Polygons (raw): 1383 (flat)  114 (hierarchical)                             
    Elapsed: 0.000s  Memory: 432.00M                                            
"^" in: xor.drc:109                                                             
    Polygons (raw): 0 (flat)  0 (hierarchical)                                  
    Elapsed: 0.010s  Memory: 435.00M                                            
XOR differences: 0                                                              
"output" in: xor.drc:86                                                         
    Polygons (raw): 0 (flat)  0 (hierarchical)                                  
    Elapsed: 0.000s  Memory: 435.00M                                            
--- Running XOR for layer 10/0 ---                                              
"input" in: xor.drc:109                                                         
    Polygons (raw): 576 (flat)  576 (hierarchical)                              
    Elapsed: 0.000s  Memory: 435.00M                                            
"input" in: xor.drc:109                                                         
    Polygons (raw): 2423 (flat)  1160 (hierarchical)                            
    Elapsed: 0.000s  Memory: 435.00M                                            
"^" in: xor.drc:109                                                             
    Polygons (raw): 0 (flat)  0 (hierarchical)                                  
    Elapsed: 0.020s  Memory: 437.00M                                            
XOR differences: 0                                                              
"output" in: xor.drc:86                                                         
    Polygons (raw): 0 (flat)  0 (hierarchical)                                  
    Elapsed: 0.000s  Memory: 437.00M                                            
--- Running XOR for layer 10/2 ---                                              
"input" in: xor.drc:109                                                         
    Polygons (raw): 29 (flat)  29 (hierarchical)                                
    Elapsed: 0.000s  Memory: 437.00M                                            
"input" in: xor.drc:109                                                         
    Polygons (raw): 29 (flat)  29 (hierarchical)                                
    Elapsed: 0.000s  Memory: 438.00M                                            
"^" in: xor.drc:109                                                             
    Polygons (raw): 0 (flat)  0 (hierarchical)                                  
    Elapsed: 0.000s  Memory: 438.00M                                            
XOR differences: 0                                                              
"output" in: xor.drc:86                                                         
    Polygons (raw): 0 (flat)  0 (hierarchical)                                  
    Elapsed: 0.000s  Memory: 438.00M                                            
--- Running XOR for layer 10/25 ---                                             
"input" in: xor.drc:109                                                         
    Polygons (raw): 0 (flat)  0 (hierarchical)                                  
    Elapsed: 0.000s  Memory: 438.00M                                            
"input" in: xor.drc:109                                                         
    Polygons (raw): 0 (flat)  0 (hierarchical)                                  
    Elapsed: 0.000s  Memory: 438.00M                                            
"^" in: xor.drc:109                                                             
    Polygons (raw): 0 (flat)  0 (hierarchical)                                  
    Elapsed: 0.000s  Memory: 438.00M                                            
XOR differences: 0                                                              
"output" in: xor.drc:86                                                         
    Polygons (raw): 0 (flat)  0 (hierarchical)                                  
    Elapsed: 0.000s  Memory: 438.00M                                            
--- Running XOR for layer 125/0 ---                                             
"input" in: xor.drc:109                                                         
    Polygons (raw): 48 (flat)  48 (hierarchical)                                
    Elapsed: 0.000s  Memory: 438.00M                                            
"input" in: xor.drc:109                                                         
    Polygons (raw): 48 (flat)  2 (hierarchical)                                 
    Elapsed: 0.000s  Memory: 438.00M                                            
"^" in: xor.drc:109                                                             
    Polygons (raw): 0 (flat)  0 (hierarchical)                                  
    Elapsed: 0.000s  Memory: 438.00M                                            
XOR differences: 0                                                              
"output" in: xor.drc:86                                                         
    Polygons (raw): 0 (flat)  0 (hierarchical)                                  
    Elapsed: 0.000s  Memory: 438.00M                                            
--- Running XOR for layer 126/0 ---                                             
"input" in: xor.drc:109                                                         
    Polygons (raw): 2 (flat)  2 (hierarchical)                                  
    Elapsed: 0.010s  Memory: 439.00M                                            
"input" in: xor.drc:109                                                         
    Polygons (raw): 28 (flat)  5 (hierarchical)                                 
    Elapsed: 0.000s  Memory: 439.00M                                            
"^" in: xor.drc:109                                                             
    Polygons (raw): 0 (flat)  0 (hierarchical)                                  
    Elapsed: 0.000s  Memory: 439.00M                                            
XOR differences: 0                                                              
"output" in: xor.drc:86                                                         
    Polygons (raw): 0 (flat)  0 (hierarchical)                                  
    Elapsed: 0.000s  Memory: 439.00M                                            
--- Running XOR for layer 126/2 ---                                             
"input" in: xor.drc:109                                                         
    Polygons (raw): 2 (flat)  2 (hierarchical)                                  
    Elapsed: 0.000s  Memory: 439.00M                                            
"input" in: xor.drc:109                                                         
    Polygons (raw): 2 (flat)  2 (hierarchical)                                  
    Elapsed: 0.000s  Memory: 439.00M                                            
"^" in: xor.drc:109                                                             
    Polygons (raw): 0 (flat)  0 (hierarchical)                                  
    Elapsed: 0.000s  Memory: 439.00M                                            
XOR differences: 0                                                              
"output" in: xor.drc:86                                                         
    Polygons (raw): 0 (flat)  0 (hierarchical)                                  
    Elapsed: 0.000s  Memory: 439.00M                                            
--- Running XOR for layer 126/25 ---                                            
"input" in: xor.drc:109                                                         
    Polygons (raw): 0 (flat)  0 (hierarchical)                                  
    Elapsed: 0.000s  Memory: 439.00M                                            
"input" in: xor.drc:109                                                         
    Polygons (raw): 0 (flat)  0 (hierarchical)                                  
    Elapsed: 0.000s  Memory: 439.00M                                            
"^" in: xor.drc:109                                                             
    Polygons (raw): 0 (flat)  0 (hierarchical)                                  
    Elapsed: 0.000s  Memory: 440.00M                                            
XOR differences: 0                                                              
"output" in: xor.drc:86                                                         
    Polygons (raw): 0 (flat)  0 (hierarchical)                                  
    Elapsed: 0.000s  Memory: 440.00M                                            
--- Running XOR for layer 14/0 ---                                              
"input" in: xor.drc:109                                                         
    Polygons (raw): 605 (flat)  53 (hierarchical)                               
    Elapsed: 0.000s  Memory: 440.00M                                            
"input" in: xor.drc:109                                                         
    Polygons (raw): 605 (flat)  53 (hierarchical)                               
    Elapsed: 0.000s  Memory: 440.00M                                            
"^" in: xor.drc:109                                                             
    Polygons (raw): 0 (flat)  0 (hierarchical)                                  
    Elapsed: 0.010s  Memory: 440.00M                                            
XOR differences: 0                                                              
"output" in: xor.drc:86                                                         
    Polygons (raw): 0 (flat)  0 (hierarchical)                                  
    Elapsed: 0.000s  Memory: 440.00M                                            
--- Running XOR for layer 189/4 ---                                             
"input" in: xor.drc:109                                                         
    Polygons (raw): 302 (flat)  27 (hierarchical)                               
    Elapsed: 0.000s  Memory: 441.00M                                            
"input" in: xor.drc:109                                                         
    Polygons (raw): 302 (flat)  27 (hierarchical)                               
    Elapsed: 0.000s  Memory: 441.00M                                            
"^" in: xor.drc:109                                                             
    Polygons (raw): 0 (flat)  0 (hierarchical)                                  
    Elapsed: 0.000s  Memory: 441.00M                                            
XOR differences: 0                                                              
"output" in: xor.drc:86                                                         
    Polygons (raw): 0 (flat)  0 (hierarchical)                                  
    Elapsed: 0.000s  Memory: 441.00M                                            
--- Running XOR for layer 19/0 ---                                              
"input" in: xor.drc:109                                                         
    Polygons (raw): 767 (flat)  767 (hierarchical)                              
    Elapsed: 0.000s  Memory: 441.00M                                            
"input" in: xor.drc:109                                                         
    Polygons (raw): 767 (flat)  7 (hierarchical)                                
    Elapsed: 0.000s  Memory: 441.00M                                            
"^" in: xor.drc:109                                                             
    Polygons (raw): 0 (flat)  0 (hierarchical)                                  
    Elapsed: 0.010s  Memory: 441.00M                                            
XOR differences: 0                                                              
"output" in: xor.drc:86                                                         
    Polygons (raw): 0 (flat)  0 (hierarchical)                                  
    Elapsed: 0.000s  Memory: 441.00M                                            
--- Running XOR for layer 29/0 ---                                              
"input" in: xor.drc:109                                                         
    Polygons (raw): 693 (flat)  693 (hierarchical)                              
    Elapsed: 0.000s  Memory: 441.00M                                            
"input" in: xor.drc:109                                                         
    Polygons (raw): 693 (flat)  6 (hierarchical)                                
    Elapsed: 0.000s  Memory: 441.00M                                            
"^" in: xor.drc:109                                                             
    Polygons (raw): 0 (flat)  0 (hierarchical)                                  
    Elapsed: 0.010s  Memory: 441.00M                                            
XOR differences: 0                                                              
"output" in: xor.drc:86                                                         
    Polygons (raw): 0 (flat)  0 (hierarchical)                                  
    Elapsed: 0.000s  Memory: 441.00M                                            
--- Running XOR for layer 30/0 ---                                              
"input" in: xor.drc:109                                                         
    Polygons (raw): 322 (flat)  322 (hierarchical)                              
    Elapsed: 0.000s  Memory: 442.00M                                            
"input" in: xor.drc:109                                                         
    Polygons (raw): 1191 (flat)  463 (hierarchical)                             
    Elapsed: 0.000s  Memory: 442.00M                                            
"^" in: xor.drc:109                                                             
    Polygons (raw): 0 (flat)  0 (hierarchical)                                  
    Elapsed: 0.010s  Memory: 442.00M                                            
XOR differences: 0                                                              
"output" in: xor.drc:86                                                         
    Polygons (raw): 0 (flat)  0 (hierarchical)                                  
    Elapsed: 0.000s  Memory: 442.00M                                            
--- Running XOR for layer 30/2 ---                                              
"input" in: xor.drc:109                                                         
    Polygons (raw): 5 (flat)  5 (hierarchical)                                  
    Elapsed: 0.000s  Memory: 442.00M                                            
"input" in: xor.drc:109                                                         
    Polygons (raw): 5 (flat)  5 (hierarchical)                                  
    Elapsed: 0.000s  Memory: 442.00M                                            
"^" in: xor.drc:109                                                             
    Polygons (raw): 0 (flat)  0 (hierarchical)                                  
    Elapsed: 0.000s  Memory: 442.00M                                            
XOR differences: 0                                                              
"output" in: xor.drc:86                                                         
    Polygons (raw): 0 (flat)  0 (hierarchical)                                  
    Elapsed: 0.000s  Memory: 442.00M                                            
--- Running XOR for layer 30/25 ---                                             
"input" in: xor.drc:109                                                         
    Polygons (raw): 0 (flat)  0 (hierarchical)                                  
    Elapsed: 0.000s  Memory: 442.00M                                            
"input" in: xor.drc:109                                                         
    Polygons (raw): 0 (flat)  0 (hierarchical)                                  
    Elapsed: 0.000s  Memory: 442.00M                                            
"^" in: xor.drc:109                                                             
    Polygons (raw): 0 (flat)  0 (hierarchical)                                  
    Elapsed: 0.000s  Memory: 442.00M                                            
XOR differences: 0                                                              
"output" in: xor.drc:86                                                         
    Polygons (raw): 0 (flat)  0 (hierarchical)                                  
    Elapsed: 0.000s  Memory: 443.00M                                            
--- Running XOR for layer 31/0 ---                                              
"input" in: xor.drc:109                                                         
    Polygons (raw): 301 (flat)  26 (hierarchical)                               
    Elapsed: 0.000s  Memory: 443.00M                                            
"input" in: xor.drc:109                                                         
    Polygons (raw): 301 (flat)  26 (hierarchical)                               
    Elapsed: 0.000s  Memory: 443.00M                                            
"^" in: xor.drc:109                                                             
    Polygons (raw): 0 (flat)  0 (hierarchical)                                  
    Elapsed: 0.000s  Memory: 443.00M                                            
XOR differences: 0                                                              
"output" in: xor.drc:86                                                         
    Polygons (raw): 0 (flat)  0 (hierarchical)                                  
    Elapsed: 0.000s  Memory: 443.00M                                            
--- Running XOR for layer 49/0 ---                                              
"input" in: xor.drc:109                                                         
    Polygons (raw): 231 (flat)  231 (hierarchical)                              
    Elapsed: 0.000s  Memory: 443.00M                                            
"input" in: xor.drc:109                                                         
    Polygons (raw): 231 (flat)  6 (hierarchical)                                
    Elapsed: 0.000s  Memory: 443.00M                                            
"^" in: xor.drc:109                                                             
    Polygons (raw): 0 (flat)  0 (hierarchical)                                  
    Elapsed: 0.000s  Memory: 443.00M                                            
XOR differences: 0                                                              
"output" in: xor.drc:86                                                         
    Polygons (raw): 0 (flat)  0 (hierarchical)                                  
    Elapsed: 0.010s  Memory: 443.00M                                            
--- Running XOR for layer 5/0 ---                                               
"input" in: xor.drc:109                                                         
    Polygons (raw): 979 (flat)  94 (hierarchical)                               
    Elapsed: 0.000s  Memory: 443.00M                                            
"input" in: xor.drc:109                                                         
    Polygons (raw): 979 (flat)  94 (hierarchical)                               
    Elapsed: 0.000s  Memory: 443.00M                                            
"^" in: xor.drc:109                                                             
    Polygons (raw): 0 (flat)  0 (hierarchical)                                  
    Elapsed: 0.020s  Memory: 444.00M                                            
XOR differences: 0                                                              
"output" in: xor.drc:86                                                         
    Polygons (raw): 0 (flat)  0 (hierarchical)                                  
    Elapsed: 0.000s  Memory: 444.00M                                            
--- Running XOR for layer 50/0 ---                                              
"input" in: xor.drc:109                                                         
    Polygons (raw): 76 (flat)  76 (hierarchical)                                
    Elapsed: 0.000s  Memory: 444.00M                                            
"input" in: xor.drc:109                                                         
    Polygons (raw): 223 (flat)  67 (hierarchical)                               
    Elapsed: 0.000s  Memory: 444.00M                                            
"^" in: xor.drc:109                                                             
    Polygons (raw): 0 (flat)  0 (hierarchical)                                  
    Elapsed: 0.000s  Memory: 444.00M                                            
XOR differences: 0                                                              
"output" in: xor.drc:86                                                         
    Polygons (raw): 0 (flat)  0 (hierarchical)                                  
    Elapsed: 0.000s  Memory: 444.00M                                            
--- Running XOR for layer 6/0 ---                                               
"input" in: xor.drc:109                                                         
    Polygons (raw): 10100 (flat)  1100 (hierarchical)                           
    Elapsed: 0.000s  Memory: 444.00M                                            
"input" in: xor.drc:109                                                         
    Polygons (raw): 10100 (flat)  1100 (hierarchical)                           
    Elapsed: 0.000s  Memory: 444.00M                                            
"^" in: xor.drc:109                                                             
    Polygons (raw): 0 (flat)  0 (hierarchical)                                  
    Elapsed: 0.040s  Memory: 445.00M                                            
XOR differences: 0                                                              
"output" in: xor.drc:86                                                         
    Polygons (raw): 0 (flat)  0 (hierarchical)                                  
    Elapsed: 0.010s  Memory: 445.00M                                            
--- Running XOR for layer 66/0 ---                                              
"input" in: xor.drc:109                                                         
    Polygons (raw): 120 (flat)  120 (hierarchical)                              
    Elapsed: 0.000s  Memory: 445.00M                                            
"input" in: xor.drc:109                                                         
    Polygons (raw): 120 (flat)  5 (hierarchical)                                
    Elapsed: 0.000s  Memory: 445.00M                                            
"^" in: xor.drc:109                                                             
    Polygons (raw): 0 (flat)  0 (hierarchical)                                  
    Elapsed: 0.010s  Memory: 445.00M                                            
XOR differences: 0                                                              
"output" in: xor.drc:86                                                         
    Polygons (raw): 0 (flat)  0 (hierarchical)                                  
    Elapsed: 0.000s  Memory: 445.00M                                            
--- Running XOR for layer 67/0 ---                                              
"input" in: xor.drc:109                                                         
    Polygons (raw): 24 (flat)  24 (hierarchical)                                
    Elapsed: 0.000s  Memory: 445.00M                                            
"input" in: xor.drc:109                                                         
    Polygons (raw): 72 (flat)  26 (hierarchical)                                
    Elapsed: 0.000s  Memory: 445.00M                                            
"^" in: xor.drc:109                                                             
    Polygons (raw): 0 (flat)  0 (hierarchical)                                  
    Elapsed: 0.000s  Memory: 445.00M                                            
XOR differences: 0                                                              
"output" in: xor.drc:86                                                         
    Polygons (raw): 0 (flat)  0 (hierarchical)                                  
    Elapsed: 0.000s  Memory: 445.00M                                            
--- Running XOR for layer 8/0 ---                                               
"input" in: xor.drc:109                                                         
    Polygons (raw): 2351 (flat)  833 (hierarchical)                             
    Elapsed: 0.000s  Memory: 445.00M                                            
"input" in: xor.drc:109                                                         
    Polygons (raw): 2375 (flat)  189 (hierarchical)                             
    Elapsed: 0.000s  Memory: 445.00M                                            
"^" in: xor.drc:109                                                             
    Polygons (raw): 0 (flat)  0 (hierarchical)                                  
    Elapsed: 0.040s  Memory: 447.00M                                            
XOR differences: 0                                                              
"output" in: xor.drc:86                                                         
    Polygons (raw): 0 (flat)  0 (hierarchical)                                  
    Elapsed: 0.000s  Memory: 447.00M                                            
--- Running XOR for layer 8/2 ---                                               
"input" in: xor.drc:109                                                         
    Polygons (raw): 1289 (flat)  133 (hierarchical)                             
    Elapsed: 0.000s  Memory: 447.00M                                            
"input" in: xor.drc:109                                                         
    Polygons (raw): 1289 (flat)  133 (hierarchical)                             
    Elapsed: 0.000s  Memory: 447.00M                                            
"^" in: xor.drc:109                                                             
    Polygons (raw): 0 (flat)  0 (hierarchical)                                  
    Elapsed: 0.010s  Memory: 447.00M                                            
XOR differences: 0                                                              
"output" in: xor.drc:86                                                         
    Polygons (raw): 0 (flat)  0 (hierarchical)                                  
    Elapsed: 0.000s  Memory: 447.00M                                            
--- Running XOR for layer 8/25 ---                                              
"input" in: xor.drc:109                                                         
    Polygons (raw): 0 (flat)  0 (hierarchical)                                  
    Elapsed: 0.000s  Memory: 447.00M                                            
"input" in: xor.drc:109                                                         
    Polygons (raw): 0 (flat)  0 (hierarchical)                                  
    Elapsed: 0.000s  Memory: 447.00M                                            
"^" in: xor.drc:109                                                             
    Polygons (raw): 0 (flat)  0 (hierarchical)                                  
    Elapsed: 0.000s  Memory: 447.00M                                            
XOR differences: 0                                                              
"output" in: xor.drc:86                                                         
    Polygons (raw): 0 (flat)  0 (hierarchical)                                  
    Elapsed: 0.000s  Memory: 447.00M                                            
---                                                                             
Total XOR differences: 0                                                        
Writing report database:                                                        
/foss/designs/sar-adc/logic/runs/RUN_2026-08-16_00-21-01/62-klayout-xor/xor.xml 
..                                                                              
Total elapsed: 0.320s  Memory: 447.00M                                          
/foss/designs/sar-adc/logic/runs/RUN_2026-08-16_00-21-01/57-magic-streamout/sar_
ctrl.magic.gds                                                                  
/foss/designs/sar-adc/logic/runs/RUN_2026-08-16_00-21-01/58-klayout-streamout/sa
r_ctrl.klayout.gds                                                              
─────────────────── Magic vs. KLayout XOR Difference Checker ───────────────────
[00:23:36] VERBOSE  Running 'Checker.XOR' at                        step.py:1138
                    'runs/RUN_2026-08-16_00-21-01/63-checker-xor'…              
[00:23:36] INFO     Check for XOR differences clear.              checker.py:131
────────────────────────────── Design Rule Checks ──────────────────────────────
[00:23:36] VERBOSE  Running 'Magic.DRC' at                          step.py:1138
                    'runs/RUN_2026-08-16_00-21-01/64-magic-drc'…                
[00:23:36] VERBOSE  Logging subprocess to                           step.py:1338
                    'runs/RUN_2026-08-16_00-21-01/64-magic-drc/magi             
                    c-drc.log'…                                                 
                                                                                
Magic 8.3 revision 678 - Compiled on Mon Jul 27 09:07:23 PM CEST 2026.          
Starting magic under Tcl interpreter                                            
Using the terminal as the console.                                              
Using NULL graphics device.                                                     
Processing system .magicrc file                                                 
Switching to WIRING tool.                                                       
Switching to NETLIST tool.                                                      
Switching to PICK tool.                                                         
Switching to BOX tool.                                                          
Sourcing design .magicrc for technology ihp-sg13g2 ...                          
2 Magic internal units = 1 Lambda                                               
Input style sg13g2(): scaleFactor=2, multiplier=2                               
The following types are not handled by extraction and will be treated as        
non-electrical types:                                                           
    pblock sealcont difffill nemitter hvnemitter hvisodiffres sealvia1 sealvia2 
sealvia3 sealvia4 sealvia5 sealvia6 pillar solder seal glass thruvia inductor   
Scaled tech values by 2 / 1 to match internal grid scaling                      
Loading ihp-sg13g2 Device Generator Menu ...                                    
Loading                                                                         
"/usr/local/lib/python3.12/dist-packages/librelane/scripts/magic/wrapper.tcl"   
from command line.                                                              
Warning: Calma reading is not undoable!  I hope that's OK.                      
Library written using GDS-II Release 6.0                                        
Library name: LIB                                                               
Reading "VIA_Via3_XY".                                                          
Reading "VIA_Via1_XY".                                                          
Reading "VIA_Via2_YX".                                                          
Reading "VIA_Via1_YY".                                                          
Reading "VIA_via1_2_2200_440_1_5_410_410".                                      
Reading "VIA_via2_3_2200_440_1_5_410_410".                                      
Reading "VIA_via3_4_2200_440_1_5_410_410".                                      
Reading "VIA_via4_5_2200_440_1_5_410_410".                                      
Reading "VIA_via5_6_2200_440_1_2_840_840".                                      
Reading "sg13g2_buf_1".                                                         
Reading "sg13g2_buf_16".                                                        
Reading "sg13g2_dfrbpq_1".                                                      
Reading "sg13g2_a221oi_1".                                                      
Reading "sg13g2_a21o_1".                                                        
Reading "sg13g2_nand4_1".                                                       
Reading "sg13g2_mux2_1".                                                        
Reading "sg13g2_a22oi_1".                                                       
Reading "sg13g2_and2_1".                                                        
Reading "sg13g2_and3_1".                                                        
Reading "sg13g2_a21oi_1".                                                       
CIF file read warning: CIF style sg13g2(): units rescaled by factor of 5 / 1    
Reading "sg13g2_nand2b_1".                                                      
Reading "sg13g2_nor3_1".                                                        
Reading "sg13g2_nand3_1".                                                       
Reading "sg13g2_o21ai_1".                                                       
Reading "sg13g2_or3_1".                                                         
Reading "sg13g2_or2_1".                                                         
Reading "sg13g2_nand3b_1".                                                      
Reading "sg13g2_nor2b_1".                                                       
Reading "sg13g2_nor2_1".                                                        
Reading "sg13g2_nand2_1".                                                       
Reading "sg13g2_inv_1".                                                         
Reading "sg13g2_decap_4".                                                       
Reading "sg13g2_decap_8".                                                       
Reading "sg13g2_fill_1".                                                        
Reading "sg13g2_fill_2".                                                        
Reading "sar_ctrl".                                                             
[INFO] Loading sar_ctrl                                                         
                                                                                
DRC style is now "drc(full)"                                                    
Loading DRC CIF style.                                                          
No errors found.                                                                
[INFO] COUNT: 0                                                                 
[INFO] Should be divided by 3 or 4                                              
[INFO] DRC Checking DONE                                                        
(/foss/designs/sar-adc/logic/runs/RUN_2026-08-16_00-21-01/64-magic-drc/reports/d
rc.magic.rpt)                                                                   
[INFO] Saving mag view with DRC errors                                          
(/foss/designs/sar-adc/logic/runs/RUN_2026-08-16_00-21-01/64-magic-drc/views/sar
_ctrl.drc.mag)                                                                  
[INFO] Saved                                                                    
───────────────────────── Design Rule Check (KLayout) ──────────────────────────
[00:23:43] VERBOSE  Running 'KLayout.DRC' at                        step.py:1138
                    'runs/RUN_2026-08-16_00-21-01/65-klayout-drc'…              
[00:23:43] INFO     Running KLayout DRC with 4 threads…           klayout.py:737
[00:23:43] VERBOSE  Logging subprocess to                           step.py:1338
                    'runs/RUN_2026-08-16_00-21-01/65-klayout-drc/kl             
                    ayout-drc.log'…                                             
2026-08-16 00:23:47 +0200: Memory Usage (444144K) : Starting running IHP-SG13G2 
KLayout DRC runset on                                                           
/foss/designs/sar-adc/logic/runs/RUN_2026-08-16_00-21-01/58-klayout-streamout/sa
r_ctrl.gds                                                                      
2026-08-16 00:23:47 +0200: Memory Usage (444144K) : Ruby Version for klayout:   
3.2.3                                                                           
2026-08-16 00:23:47 +0200: Memory Usage (445296K) : Loading database to memory  
is complete.                                                                    
2026-08-16 00:23:47 +0200: Memory Usage (445296K) : IHP-SG13G2 KLayout DRC      
runset output at:                                                               
/foss/designs/sar-adc/logic/runs/RUN_2026-08-16_00-21-01/65-klayout-drc/reports/
drc.klayout.lyrdb                                                               
2026-08-16 00:23:47 +0200: Memory Usage (445296K) : Evaluate switches.          
2026-08-16 00:23:47 +0200: Memory Usage (445296K) : tables selected: main       
2026-08-16 00:23:47 +0200: Memory Usage (445296K) : KLayout will use 4 thread(s)
in tiling mode.                                                                 
2026-08-16 00:23:47 +0200: Memory Usage (445296K) : deep mode is enabled.       
2026-08-16 00:23:47 +0200: Memory Usage (445296K) : FEOL enabled: true          
2026-08-16 00:23:47 +0200: Memory Usage (445296K) : BEOL enabled: true          
2026-08-16 00:23:47 +0200: Memory Usage (445296K) : OFFGRID enabled: true       
2026-08-16 00:23:47 +0200: Memory Usage (445296K) : ANGLE enabled: true         
2026-08-16 00:23:47 +0200: Memory Usage (445296K) : PIN enabled: true           
2026-08-16 00:23:47 +0200: Memory Usage (445296K) : FORBIDDEN enabled: true     
2026-08-16 00:23:47 +0200: Memory Usage (445296K) : RECOMMENDED enabled: true   
2026-08-16 00:23:47 +0200: Memory Usage (445296K) : PreCheck DRC enabled: false 
2026-08-16 00:23:47 +0200: Memory Usage (445296K) : CONNECTIVITY_RULES enabled: 
true.                                                                           
2026-08-16 00:23:47 +0200: Memory Usage (445296K) : Read in polygons from       
layers.                                                                         
2026-08-16 00:23:47 +0200: Memory Usage (446448K) : activ_drw has 1464 polygons 
2026-08-16 00:23:47 +0200: Memory Usage (446448K) : activ_pin has 0 polygons    
2026-08-16 00:23:47 +0200: Memory Usage (446448K) : activ_mask has 0 polygons   
2026-08-16 00:23:47 +0200: Memory Usage (446448K) : activ_filler has 0 polygons 
2026-08-16 00:23:47 +0200: Memory Usage (446448K) : activ_nofill has 0 polygons 
2026-08-16 00:23:47 +0200: Memory Usage (446448K) : activ_opc has 0 polygons    
2026-08-16 00:23:47 +0200: Memory Usage (446448K) : activ_iopc has 0 polygons   
2026-08-16 00:23:47 +0200: Memory Usage (446448K) : activ_noqrc has 0 polygons  
2026-08-16 00:23:47 +0200: Memory Usage (446448K) : biwind_drw has 0 polygons   
2026-08-16 00:23:47 +0200: Memory Usage (446448K) : biwind_opc has 0 polygons   
2026-08-16 00:23:47 +0200: Memory Usage (446448K) : pemwind_drw has 0 polygons  
2026-08-16 00:23:47 +0200: Memory Usage (446576K) : gatpoly_drw has 1500        
polygons                                                                        
2026-08-16 00:23:47 +0200: Memory Usage (446576K) : gatpoly_pin has 0 polygons  
2026-08-16 00:23:47 +0200: Memory Usage (446576K) : gatpoly_filler has 0        
polygons                                                                        
2026-08-16 00:23:47 +0200: Memory Usage (446704K) : gatpoly_nofill has 0        
polygons                                                                        
2026-08-16 00:23:47 +0200: Memory Usage (446704K) : gatpoly_opc has 0 polygons  
2026-08-16 00:23:47 +0200: Memory Usage (446704K) : gatpoly_iopc has 0 polygons 
2026-08-16 00:23:47 +0200: Memory Usage (446704K) : gatpoly_noqrc has 0 polygons
2026-08-16 00:23:47 +0200: Memory Usage (446832K) : cont_drw has 10100 polygons 
2026-08-16 00:23:47 +0200: Memory Usage (446960K) : cont_opc has 0 polygons     
2026-08-16 00:23:47 +0200: Memory Usage (447088K) : nsd_drw has 0 polygons      
2026-08-16 00:23:47 +0200: Memory Usage (447088K) : nsd_block has 0 polygons    
2026-08-16 00:23:47 +0200: Memory Usage (447216K) : metal1_drw has 3386 polygons
2026-08-16 00:23:47 +0200: Memory Usage (447344K) : metal1_pin has 1289 polygons
2026-08-16 00:23:47 +0200: Memory Usage (447472K) : metal1_mask has 0 polygons  
2026-08-16 00:23:47 +0200: Memory Usage (447472K) : metal1_filler has 0 polygons
2026-08-16 00:23:47 +0200: Memory Usage (447600K) : metal1_nofill has 0 polygons
2026-08-16 00:23:47 +0200: Memory Usage (447600K) : metal1_slit has 0 polygons  
2026-08-16 00:23:47 +0200: Memory Usage (447856K) : metal1_text has 1243        
polygons                                                                        
2026-08-16 00:23:47 +0200: Memory Usage (447856K) : metal1_opc has 0 polygons   
2026-08-16 00:23:47 +0200: Memory Usage (447856K) : metal1_noqrc has 0 polygons 
2026-08-16 00:23:47 +0200: Memory Usage (447856K) : metal1_res has 0 polygons   
2026-08-16 00:23:47 +0200: Memory Usage (447856K) : metal1_iprobe has 0 polygons
2026-08-16 00:23:47 +0200: Memory Usage (447856K) : metal1_diffprb has 0        
polygons                                                                        
2026-08-16 00:23:47 +0200: Memory Usage (447856K) : passiv_drw has 0 polygons   
2026-08-16 00:23:47 +0200: Memory Usage (447856K) : passiv_pin has 0 polygons   
2026-08-16 00:23:47 +0200: Memory Usage (448112K) : passiv_sbump has 0 polygons 
2026-08-16 00:23:47 +0200: Memory Usage (448112K) : passiv_pillar has 0 polygons
2026-08-16 00:23:47 +0200: Memory Usage (448112K) : passiv_pdl has 0 polygons   
2026-08-16 00:23:47 +0200: Memory Usage (448112K) : metal2_drw has 2423 polygons
2026-08-16 00:23:47 +0200: Memory Usage (448112K) : metal2_pin has 29 polygons  
2026-08-16 00:23:47 +0200: Memory Usage (448240K) : metal2_mask has 0 polygons  
2026-08-16 00:23:47 +0200: Memory Usage (448240K) : metal2_filler has 0 polygons
2026-08-16 00:23:47 +0200: Memory Usage (448240K) : metal2_nofill has 0 polygons
2026-08-16 00:23:47 +0200: Memory Usage (448368K) : metal2_slit has 0 polygons  
2026-08-16 00:23:47 +0200: Memory Usage (448368K) : metal2_text has 29 polygons 
2026-08-16 00:23:47 +0200: Memory Usage (448496K) : metal2_opc has 0 polygons   
2026-08-16 00:23:47 +0200: Memory Usage (448624K) : metal2_noqrc has 0 polygons 
2026-08-16 00:23:47 +0200: Memory Usage (448624K) : metal2_res has 0 polygons   
2026-08-16 00:23:47 +0200: Memory Usage (448752K) : metal2_iprobe has 0 polygons
2026-08-16 00:23:47 +0200: Memory Usage (448752K) : metal2_diffprb has 0        
polygons                                                                        
2026-08-16 00:23:47 +0200: Memory Usage (448752K) : baspoly_drw has 0 polygons  
2026-08-16 00:23:47 +0200: Memory Usage (448880K) : baspoly_pin has 0 polygons  
2026-08-16 00:23:47 +0200: Memory Usage (448880K) : psd_drw has 605 polygons    
2026-08-16 00:23:47 +0200: Memory Usage (449008K) : nldb_drw has 0 polygons     
2026-08-16 00:23:47 +0200: Memory Usage (449008K) : digibnd_drw has 0 polygons  
2026-08-16 00:23:47 +0200: Memory Usage (449136K) : via1_drw has 767 polygons   
2026-08-16 00:23:47 +0200: Memory Usage (449136K) : backmetal1_drw has 0        
polygons                                                                        
2026-08-16 00:23:47 +0200: Memory Usage (449136K) : backmetal1_pin has 0        
polygons                                                                        
2026-08-16 00:23:47 +0200: Memory Usage (449264K) : backmetal1_mask has 0       
polygons                                                                        
2026-08-16 00:23:47 +0200: Memory Usage (449264K) : backmetal1_filler has 0     
polygons                                                                        
2026-08-16 00:23:47 +0200: Memory Usage (449392K) : backmetal1_nofill has 0     
polygons                                                                        
2026-08-16 00:23:47 +0200: Memory Usage (449392K) : backmetal1_slit has 0       
polygons                                                                        
2026-08-16 00:23:47 +0200: Memory Usage (449520K) : backmetal1_text has 0       
polygons                                                                        
2026-08-16 00:23:47 +0200: Memory Usage (449520K) : backmetal1_opc has 0        
polygons                                                                        
2026-08-16 00:23:47 +0200: Memory Usage (449520K) : backmetal1_noqrc has 0      
polygons                                                                        
2026-08-16 00:23:47 +0200: Memory Usage (449648K) : backmetal1_res has 0        
polygons                                                                        
2026-08-16 00:23:47 +0200: Memory Usage (449648K) : backmetal1_iprobe has 0     
polygons                                                                        
2026-08-16 00:23:47 +0200: Memory Usage (449776K) : backmetal1_diffprb has 0    
polygons                                                                        
2026-08-16 00:23:47 +0200: Memory Usage (449776K) : backpassiv_drw has 0        
polygons                                                                        
2026-08-16 00:23:47 +0200: Memory Usage (449904K) : res_drw has 0 polygons      
2026-08-16 00:23:47 +0200: Memory Usage (449904K) : sram_drw has 0 polygons     
2026-08-16 00:23:47 +0200: Memory Usage (449904K) : trans_drw has 0 polygons    
2026-08-16 00:23:47 +0200: Memory Usage (450032K) : ind_drw has 0 polygons      
2026-08-16 00:23:47 +0200: Memory Usage (450160K) : ind_pin has 0 polygons      
2026-08-16 00:23:47 +0200: Memory Usage (450160K) : ind_text has 0 polygons     
2026-08-16 00:23:47 +0200: Memory Usage (450288K) : salblock_drw has 0 polygons 
2026-08-16 00:23:47 +0200: Memory Usage (450416K) : via2_drw has 693 polygons   
2026-08-16 00:23:47 +0200: Memory Usage (450416K) : metal3_drw has 1191 polygons
2026-08-16 00:23:47 +0200: Memory Usage (450416K) : metal3_pin has 5 polygons   
2026-08-16 00:23:47 +0200: Memory Usage (450544K) : metal3_mask has 0 polygons  
2026-08-16 00:23:47 +0200: Memory Usage (450544K) : metal3_filler has 0 polygons
2026-08-16 00:23:47 +0200: Memory Usage (450672K) : metal3_nofill has 0 polygons
2026-08-16 00:23:47 +0200: Memory Usage (450672K) : metal3_slit has 0 polygons  
2026-08-16 00:23:47 +0200: Memory Usage (450800K) : metal3_text has 5 polygons  
2026-08-16 00:23:47 +0200: Memory Usage (450800K) : metal3_opc has 0 polygons   
2026-08-16 00:23:47 +0200: Memory Usage (450928K) : metal3_noqrc has 0 polygons 
2026-08-16 00:23:47 +0200: Memory Usage (450928K) : metal3_res has 0 polygons   
2026-08-16 00:23:47 +0200: Memory Usage (450928K) : metal3_iprobe has 0 polygons
2026-08-16 00:23:47 +0200: Memory Usage (451056K) : metal3_diffprb has 0        
polygons                                                                        
2026-08-16 00:23:47 +0200: Memory Usage (451056K) : nwell_drw has 301 polygons  
2026-08-16 00:23:47 +0200: Memory Usage (451056K) : nwell_pin has 0 polygons    
2026-08-16 00:23:47 +0200: Memory Usage (451184K) : nbulay_drw has 0 polygons   
2026-08-16 00:23:47 +0200: Memory Usage (451184K) : nbulay_pin has 0 polygons   
2026-08-16 00:23:47 +0200: Memory Usage (451184K) : nbulay_block has 0 polygons 
2026-08-16 00:23:47 +0200: Memory Usage (451312K) : emwind_drw has 0 polygons   
2026-08-16 00:23:47 +0200: Memory Usage (451312K) : emwind_opc has 0 polygons   
2026-08-16 00:23:47 +0200: Memory Usage (451312K) : deepco_drw has 0 polygons   
2026-08-16 00:23:47 +0200: Memory Usage (451312K) : deepco_drw has 0 polygons   
2026-08-16 00:23:47 +0200: Memory Usage (451440K) : mim_drw has 0 polygons      
2026-08-16 00:23:47 +0200: Memory Usage (451440K) : edgeseal_drw has 0 polygons 
2026-08-16 00:23:47 +0200: Memory Usage (451440K) : edgeseal_bound has 0        
polygons                                                                        
2026-08-16 00:23:47 +0200: Memory Usage (451568K) : substrate_drw has 0 polygons
2026-08-16 00:23:47 +0200: Memory Usage (451568K) : substrate_text has 0        
polygons                                                                        
2026-08-16 00:23:47 +0200: Memory Usage (451568K) : dfpad_drw has 0 polygons    
2026-08-16 00:23:47 +0200: Memory Usage (451696K) : dfpad_pillar has 0 polygons 
2026-08-16 00:23:47 +0200: Memory Usage (451696K) : dfpad_sbump has 0 polygons  
2026-08-16 00:23:47 +0200: Memory Usage (451696K) : thickgateox_drw has 0       
polygons                                                                        
2026-08-16 00:23:47 +0200: Memory Usage (451696K) : pldb_drw has 0 polygons     
2026-08-16 00:23:47 +0200: Memory Usage (451824K) : pwell_drw has 0 polygons    
2026-08-16 00:23:47 +0200: Memory Usage (451824K) : pwell_pin has 0 polygons    
2026-08-16 00:23:47 +0200: Memory Usage (451952K) : pwell_block has 0 polygons  
2026-08-16 00:23:47 +0200: Memory Usage (451952K) : ic_drw has 0 polygons       
2026-08-16 00:23:47 +0200: Memory Usage (452080K) : via3_drw has 231 polygons   
2026-08-16 00:23:47 +0200: Memory Usage (452080K) : metal4_drw has 223 polygons 
2026-08-16 00:23:47 +0200: Memory Usage (452080K) : metal4_pin has 0 polygons   
2026-08-16 00:23:47 +0200: Memory Usage (452208K) : metal4_mask has 0 polygons  
2026-08-16 00:23:47 +0200: Memory Usage (452208K) : metal4_filler has 0 polygons
2026-08-16 00:23:47 +0200: Memory Usage (452336K) : metal4_nofill has 0 polygons
2026-08-16 00:23:47 +0200: Memory Usage (452336K) : metal4_slit has 0 polygons  
2026-08-16 00:23:47 +0200: Memory Usage (452464K) : metal4_text has 0 polygons  
2026-08-16 00:23:47 +0200: Memory Usage (452464K) : metal4_opc has 0 polygons   
2026-08-16 00:23:47 +0200: Memory Usage (452464K) : metal4_noqrc has 0 polygons 
2026-08-16 00:23:47 +0200: Memory Usage (452592K) : metal4_res has 0 polygons   
2026-08-16 00:23:47 +0200: Memory Usage (452592K) : metal4_iprobe has 0 polygons
2026-08-16 00:23:47 +0200: Memory Usage (452720K) : metal4_diffprb has 0        
polygons                                                                        
2026-08-16 00:23:47 +0200: Memory Usage (452720K) : heattrans_drw has 0 polygons
2026-08-16 00:23:47 +0200: Memory Usage (452848K) : heatres_drw has 0 polygons  
2026-08-16 00:23:47 +0200: Memory Usage (452848K) : pempoly_drw has 0 polygons  
2026-08-16 00:23:47 +0200: Memory Usage (452848K) : fbe_drw has 0 polygons      
2026-08-16 00:23:47 +0200: Memory Usage (452976K) : empoly_drw has 0 polygons   
2026-08-16 00:23:47 +0200: Memory Usage (452976K) : ldmos_drw has 0 polygons    
2026-08-16 00:23:47 +0200: Memory Usage (453104K) : pbiwind_drw has 0 polygons  
2026-08-16 00:23:47 +0200: Memory Usage (453104K) : digisub_drw has 0 polygons  
2026-08-16 00:23:47 +0200: Memory Usage (453232K) : nodrc_drw has 0 polygons    
2026-08-16 00:23:47 +0200: Memory Usage (453232K) : text_drw has 0 polygons     
2026-08-16 00:23:47 +0200: Memory Usage (453232K) : via4_drw has 120 polygons   
2026-08-16 00:23:47 +0200: Memory Usage (453360K) : metal5_drw has 72 polygons  
2026-08-16 00:23:47 +0200: Memory Usage (453360K) : metal5_pin has 0 polygons   
2026-08-16 00:23:47 +0200: Memory Usage (453360K) : metal5_mask has 0 polygons  
2026-08-16 00:23:47 +0200: Memory Usage (453488K) : metal5_filler has 0 polygons
2026-08-16 00:23:47 +0200: Memory Usage (453488K) : metal5_nofill has 0 polygons
2026-08-16 00:23:47 +0200: Memory Usage (453488K) : metal5_slit has 0 polygons  
2026-08-16 00:23:47 +0200: Memory Usage (453488K) : metal5_text has 0 polygons  
2026-08-16 00:23:47 +0200: Memory Usage (453616K) : metal5_opc has 0 polygons   
2026-08-16 00:23:47 +0200: Memory Usage (453616K) : metal5_noqrc has 0 polygons 
2026-08-16 00:23:47 +0200: Memory Usage (453744K) : metal5_res has 0 polygons   
2026-08-16 00:23:47 +0200: Memory Usage (453744K) : metal5_iprobe has 0 polygons
2026-08-16 00:23:47 +0200: Memory Usage (453744K) : metal5_diffprb has 0        
polygons                                                                        
2026-08-16 00:23:47 +0200: Memory Usage (453872K) : radhard_drw has 0 polygons  
2026-08-16 00:23:47 +0200: Memory Usage (453872K) : memcap_drw has 0 polygons   
2026-08-16 00:23:47 +0200: Memory Usage (454000K) : varicap_drw has 0 polygons  
2026-08-16 00:23:47 +0200: Memory Usage (454000K) : flash_drw has 0 polygons    
2026-08-16 00:23:47 +0200: Memory Usage (454000K) : intbondvia_drw has 0        
polygons                                                                        
2026-08-16 00:23:47 +0200: Memory Usage (454128K) : intbondmet_drw has 0        
polygons                                                                        
2026-08-16 00:23:47 +0200: Memory Usage (454128K) : devbondvia_drw has 0        
polygons                                                                        
2026-08-16 00:23:47 +0200: Memory Usage (454256K) : devbondmet_drw has 0        
polygons                                                                        
2026-08-16 00:23:47 +0200: Memory Usage (454256K) : devtrench_drw has 0 polygons
2026-08-16 00:23:47 +0200: Memory Usage (454384K) : redist_drw has 0 polygons   
2026-08-16 00:23:47 +0200: Memory Usage (454384K) : graphbot_drw has 0 polygons 
2026-08-16 00:23:47 +0200: Memory Usage (454384K) : graphtop_drw has 0 polygons 
2026-08-16 00:23:47 +0200: Memory Usage (454512K) : antvia1_drw has 0 polygons  
2026-08-16 00:23:47 +0200: Memory Usage (454512K) : antmetal2_drw has 0 polygons
2026-08-16 00:23:47 +0200: Memory Usage (454640K) : graphcont_drw has 0 polygons
2026-08-16 00:23:47 +0200: Memory Usage (454640K) : siwg_drw has 0 polygons     
2026-08-16 00:23:47 +0200: Memory Usage (454768K) : siwg_filler has 0 polygons  
2026-08-16 00:23:47 +0200: Memory Usage (454768K) : siwg_nofill has 0 polygons  
2026-08-16 00:23:47 +0200: Memory Usage (454768K) : sigrating_drw has 0 polygons
2026-08-16 00:23:47 +0200: Memory Usage (454896K) : singrating_drw has 0        
polygons                                                                        
2026-08-16 00:23:47 +0200: Memory Usage (454896K) : graphpas_drw has 0 polygons 
2026-08-16 00:23:47 +0200: Memory Usage (455024K) : emwind3_drw has 0 polygons  
2026-08-16 00:23:47 +0200: Memory Usage (455024K) : emwihv3_drw has 0 polygons  
2026-08-16 00:23:47 +0200: Memory Usage (455152K) : redbulay_drw has 0 polygons 
2026-08-16 00:23:47 +0200: Memory Usage (455152K) : smos_drw has 0 polygons     
2026-08-16 00:23:47 +0200: Memory Usage (455152K) : graphpad_drw has 0 polygons 
2026-08-16 00:23:47 +0200: Memory Usage (455280K) : polimide_drw has 0 polygons 
2026-08-16 00:23:47 +0200: Memory Usage (455280K) : polimide_pin has 0 polygons 
2026-08-16 00:23:47 +0200: Memory Usage (455280K) : recog_drw has 0 polygons    
2026-08-16 00:23:47 +0200: Memory Usage (455408K) : recog_pin has 0 polygons    
2026-08-16 00:23:47 +0200: Memory Usage (455408K) : recog_esd has 0 polygons    
2026-08-16 00:23:47 +0200: Memory Usage (455408K) : recog_diode has 0 polygons  
2026-08-16 00:23:47 +0200: Memory Usage (455536K) : recog_tsv has 0 polygons    
2026-08-16 00:23:47 +0200: Memory Usage (455536K) : recog_iprobe has 0 polygons 
2026-08-16 00:23:47 +0200: Memory Usage (455536K) : recog_diffprb has 0 polygons
2026-08-16 00:23:47 +0200: Memory Usage (455664K) : recog_pillar has 0 polygons 
2026-08-16 00:23:47 +0200: Memory Usage (455664K) : recog_sbump has 0 polygons  
2026-08-16 00:23:47 +0200: Memory Usage (455792K) : recog_otp has 0 polygons    
2026-08-16 00:23:47 +0200: Memory Usage (455792K) : recog_pdiode has 0 polygons 
2026-08-16 00:23:47 +0200: Memory Usage (455792K) : recog_mom has 0 polygons    
2026-08-16 00:23:47 +0200: Memory Usage (455920K) : recog_pcm has 0 polygons    
2026-08-16 00:23:47 +0200: Memory Usage (455920K) : colopen_drw has 0 polygons  
2026-08-16 00:23:47 +0200: Memory Usage (456048K) : graphmetal1_drw has 0       
polygons                                                                        
2026-08-16 00:23:47 +0200: Memory Usage (456048K) : graphmetal1_filler has 0    
polygons                                                                        
2026-08-16 00:23:47 +0200: Memory Usage (456048K) : graphmetal1_nofill has 0    
polygons                                                                        
2026-08-16 00:23:47 +0200: Memory Usage (456176K) : graphmetal1_slit has 0      
polygons                                                                        
2026-08-16 00:23:47 +0200: Memory Usage (456176K) : graphmetal1_opc has 0       
polygons                                                                        
2026-08-16 00:23:47 +0200: Memory Usage (456304K) : graphmet1l_drw has 0        
polygons                                                                        
2026-08-16 00:23:47 +0200: Memory Usage (456304K) : graphmet1l_filler has 0     
polygons                                                                        
2026-08-16 00:23:47 +0200: Memory Usage (456432K) : graphmet1l_nofill has 0     
polygons                                                                        
2026-08-16 00:23:47 +0200: Memory Usage (456432K) : graphmet1l_slit has 0       
polygons                                                                        
2026-08-16 00:23:47 +0200: Memory Usage (456432K) : graphmet1l_opc has 0        
polygons                                                                        
2026-08-16 00:23:47 +0200: Memory Usage (456560K) : extblock_drw has 0 polygons 
2026-08-16 00:23:47 +0200: Memory Usage (456560K) : nldd_drw has 0 polygons     
2026-08-16 00:23:47 +0200: Memory Usage (456688K) : pldd_drw has 0 polygons     
2026-08-16 00:23:47 +0200: Memory Usage (456688K) : next_drw has 0 polygons     
2026-08-16 00:23:47 +0200: Memory Usage (456816K) : pext_drw has 0 polygons     
2026-08-16 00:23:47 +0200: Memory Usage (456816K) : nexthv_drw has 0 polygons   
2026-08-16 00:23:47 +0200: Memory Usage (456816K) : pexthv_drw has 0 polygons   
2026-08-16 00:23:47 +0200: Memory Usage (456944K) : graphgate_drw has 0 polygons
2026-08-16 00:23:47 +0200: Memory Usage (456944K) : sinwg_drw has 0 polygons    
2026-08-16 00:23:47 +0200: Memory Usage (457072K) : sinwg_filler has 0 polygons 
2026-08-16 00:23:47 +0200: Memory Usage (457072K) : sinwg_nofill has 0 polygons 
2026-08-16 00:23:47 +0200: Memory Usage (457072K) : mempad_drw has 0 polygons   
2026-08-16 00:23:47 +0200: Memory Usage (457200K) : topvia1_drw has 48 polygons 
2026-08-16 00:23:47 +0200: Memory Usage (457200K) : topmetal1_drw has 28        
polygons                                                                        
2026-08-16 00:23:47 +0200: Memory Usage (457328K) : topmetal1_pin has 2 polygons
2026-08-16 00:23:47 +0200: Memory Usage (457328K) : topmetal1_mask has 0        
polygons                                                                        
2026-08-16 00:23:47 +0200: Memory Usage (457456K) : topmetal1_filler has 0      
polygons                                                                        
2026-08-16 00:23:47 +0200: Memory Usage (457456K) : topmetal1_nofill has 0      
polygons                                                                        
2026-08-16 00:23:47 +0200: Memory Usage (457456K) : topmetal1_slit has 0        
polygons                                                                        
2026-08-16 00:23:47 +0200: Memory Usage (457584K) : topmetal1_text has 2        
polygons                                                                        
2026-08-16 00:23:47 +0200: Memory Usage (457584K) : topmetal1_noqrc has 0       
polygons                                                                        
2026-08-16 00:23:47 +0200: Memory Usage (457712K) : topmetal1_res has 0 polygons
2026-08-16 00:23:47 +0200: Memory Usage (457712K) : topmetal1_iprobe has 0      
polygons                                                                        
2026-08-16 00:23:47 +0200: Memory Usage (457840K) : topmetal1_diffprb has 0     
polygons                                                                        
2026-08-16 00:23:47 +0200: Memory Usage (457840K) : inldpwl_drw has 0 polygons  
2026-08-16 00:23:47 +0200: Memory Usage (457840K) : polyres_drw has 0 polygons  
2026-08-16 00:23:47 +0200: Memory Usage (457840K) : polyres_pin has 0 polygons  
2026-08-16 00:23:47 +0200: Memory Usage (457840K) : vmim_drw has 0 polygons     
2026-08-16 00:23:47 +0200: Memory Usage (457840K) : nbulaycut_drw has 0 polygons
2026-08-16 00:23:47 +0200: Memory Usage (457840K) : antmetal1_drw has 0 polygons
2026-08-16 00:23:47 +0200: Memory Usage (457840K) : topvia2_drw has 0 polygons  
2026-08-16 00:23:47 +0200: Memory Usage (457840K) : topmetal2_drw has 0 polygons
2026-08-16 00:23:47 +0200: Memory Usage (457840K) : topmetal2_pin has 0 polygons
2026-08-16 00:23:47 +0200: Memory Usage (457968K) : topmetal2_mask has 0        
polygons                                                                        
2026-08-16 00:23:47 +0200: Memory Usage (457968K) : topmetal2_filler has 0      
polygons                                                                        
2026-08-16 00:23:47 +0200: Memory Usage (458096K) : topmetal2_nofill has 0      
polygons                                                                        
2026-08-16 00:23:47 +0200: Memory Usage (458096K) : topmetal2_slit has 0        
polygons                                                                        
2026-08-16 00:23:47 +0200: Memory Usage (458096K) : topmetal2_text has 0        
polygons                                                                        
2026-08-16 00:23:47 +0200: Memory Usage (458224K) : topmetal2_noqrc has 0       
polygons                                                                        
2026-08-16 00:23:47 +0200: Memory Usage (458224K) : topmetal2_res has 0 polygons
2026-08-16 00:23:47 +0200: Memory Usage (458352K) : topmetal2_iprobe has 0      
polygons                                                                        
2026-08-16 00:23:47 +0200: Memory Usage (458352K) : topmetal2_diffprb has 0     
polygons                                                                        
2026-08-16 00:23:47 +0200: Memory Usage (458480K) : snsring_drw has 0 polygons  
2026-08-16 00:23:47 +0200: Memory Usage (458480K) : sensor_drw has 0 polygons   
2026-08-16 00:23:47 +0200: Memory Usage (458480K) : snsarms_drw has 0 polygons  
2026-08-16 00:23:47 +0200: Memory Usage (458608K) : snscmosvia_drw has 0        
polygons                                                                        
2026-08-16 00:23:47 +0200: Memory Usage (458608K) : colwind_drw has 0 polygons  
2026-08-16 00:23:47 +0200: Memory Usage (458736K) : flm_drw has 0 polygons      
2026-08-16 00:23:47 +0200: Memory Usage (458736K) : hafniumox_drw has 0 polygons
2026-08-16 00:23:47 +0200: Memory Usage (458864K) : memvia_drw has 0 polygons   
2026-08-16 00:23:47 +0200: Memory Usage (458864K) : thinfilmres_drw has 0       
polygons                                                                        
2026-08-16 00:23:47 +0200: Memory Usage (458864K) : rfmem_drw has 0 polygons    
2026-08-16 00:23:47 +0200: Memory Usage (458992K) : norcx_drw has 0 polygons    
2026-08-16 00:23:47 +0200: Memory Usage (458992K) : norcx_m2m3 has 0 polygons   
2026-08-16 00:23:47 +0200: Memory Usage (459120K) : norcx_m2m4 has 0 polygons   
2026-08-16 00:23:47 +0200: Memory Usage (459120K) : norcx_m2m5 has 0 polygons   
2026-08-16 00:23:47 +0200: Memory Usage (459248K) : norcx_m2tm1 has 0 polygons  
2026-08-16 00:23:47 +0200: Memory Usage (459248K) : norcx_m2tm2 has 0 polygons  
2026-08-16 00:23:47 +0200: Memory Usage (459248K) : norcx_m3m4 has 0 polygons   
2026-08-16 00:23:47 +0200: Memory Usage (459376K) : norcx_m3m5 has 0 polygons   
2026-08-16 00:23:47 +0200: Memory Usage (459376K) : norcx_m3tm1 has 0 polygons  
2026-08-16 00:23:47 +0200: Memory Usage (459504K) : norcx_m3tm2 has 0 polygons  
2026-08-16 00:23:47 +0200: Memory Usage (459504K) : norcx_m4m5 has 0 polygons   
2026-08-16 00:23:47 +0200: Memory Usage (459504K) : norcx_m4tm1 has 0 polygons  
2026-08-16 00:23:47 +0200: Memory Usage (459632K) : norcx_m4tm2 has 0 polygons  
2026-08-16 00:23:47 +0200: Memory Usage (459632K) : norcx_m5tm1 has 0 polygons  
2026-08-16 00:23:47 +0200: Memory Usage (459760K) : norcx_m5tm2 has 0 polygons  
2026-08-16 00:23:47 +0200: Memory Usage (459760K) : norcx_tm1tm2 has 0 polygons 
2026-08-16 00:23:47 +0200: Memory Usage (459760K) : norcx_m1sub has 0 polygons  
2026-08-16 00:23:47 +0200: Memory Usage (459888K) : norcx_m2sub has 0 polygons  
2026-08-16 00:23:47 +0200: Memory Usage (459888K) : norcx_m3sub has 0 polygons  
2026-08-16 00:23:47 +0200: Memory Usage (460016K) : norcx_m4sub has 0 polygons  
2026-08-16 00:23:47 +0200: Memory Usage (460016K) : norcx_m5sub has 0 polygons  
2026-08-16 00:23:47 +0200: Memory Usage (460144K) : norcx_tm1sub has 0 polygons 
2026-08-16 00:23:47 +0200: Memory Usage (460144K) : norcx_tm2sub has 0 polygons 
2026-08-16 00:23:47 +0200: Memory Usage (460144K) : snsbotvia_drw has 0 polygons
2026-08-16 00:23:47 +0200: Memory Usage (460272K) : snstopvia_drw has 0 polygons
2026-08-16 00:23:47 +0200: Memory Usage (460272K) : deepvia_drw has 0 polygons  
2026-08-16 00:23:47 +0200: Memory Usage (460400K) : fgetch_drw has 0 polygons   
2026-08-16 00:23:47 +0200: Memory Usage (460400K) : ctrgat_drw has 0 polygons   
2026-08-16 00:23:47 +0200: Memory Usage (460528K) : fgimp_drw has 0 polygons    
2026-08-16 00:23:47 +0200: Memory Usage (460528K) : emwihv_drw has 0 polygons   
2026-08-16 00:23:47 +0200: Memory Usage (460528K) : lbe_drw has 0 polygons      
2026-08-16 00:23:47 +0200: Memory Usage (460656K) : alcustop_drw has 0 polygons 
2026-08-16 00:23:47 +0200: Memory Usage (460656K) : nometfiller_drw has 0       
polygons                                                                        
2026-08-16 00:23:47 +0200: Memory Usage (460784K) : prboundary_drw has 0        
polygons                                                                        
2026-08-16 00:23:47 +0200: Memory Usage (460784K) : exchange0_drw has 0 polygons
2026-08-16 00:23:47 +0200: Memory Usage (460784K) : exchange0_pin has 0 polygons
2026-08-16 00:23:47 +0200: Memory Usage (460912K) : exchange0_text has 0        
polygons                                                                        
2026-08-16 00:23:47 +0200: Memory Usage (460912K) : exchange1_drw has 0 polygons
2026-08-16 00:23:47 +0200: Memory Usage (461040K) : exchange1_pin has 0 polygons
2026-08-16 00:23:47 +0200: Memory Usage (461040K) : exchange1_text has 0        
polygons                                                                        
2026-08-16 00:23:47 +0200: Memory Usage (461040K) : exchange2_drw has 0 polygons
2026-08-16 00:23:47 +0200: Memory Usage (461168K) : exchange2_pin has 0 polygons
2026-08-16 00:23:47 +0200: Memory Usage (461168K) : exchange2_text has 0        
polygons                                                                        
2026-08-16 00:23:47 +0200: Memory Usage (461168K) : exchange3_drw has 0 polygons
2026-08-16 00:23:47 +0200: Memory Usage (461168K) : exchange3_pin has 0 polygons
2026-08-16 00:23:47 +0200: Memory Usage (461168K) : exchange3_text has 0        
polygons                                                                        
2026-08-16 00:23:47 +0200: Memory Usage (461168K) : exchange4_drw has 0 polygons
2026-08-16 00:23:47 +0200: Memory Usage (461168K) : exchange4_pin has 0 polygons
2026-08-16 00:23:47 +0200: Memory Usage (461168K) : exchange4_text has 0        
polygons                                                                        
2026-08-16 00:23:47 +0200: Memory Usage (461168K) : isonwell_drw has 0 polygons 
2026-08-16 00:23:47 +0200: Memory Usage (461168K) : Total no. of polygons in the
design is 25756                                                                 
2026-08-16 00:23:47 +0200: Memory Usage (461168K) : Loaded TECH DRC rules values
from                                                                            
/foss/pdks/ihp-sg13g2/libs.tech/klayout/python/sg13g2_pycell_lib/sg13g2_tech_mod
.json                                                                           
2026-08-16 00:23:47 +0200: Memory Usage (461168K) : Loaded default DRC rules    
values from                                                                     
/foss/pdks/ihp-sg13g2/libs.tech/klayout/tech/drc/rule_decks/sg13g2_tech_default.
json                                                                            
2026-08-16 00:23:47 +0200: Memory Usage (461168K) : The following rules values  
were missing in tech json and default values were used:                         
2026-08-16 00:23:47 +0200: Memory Usage (461168K) :   - NW_f1_digibnd           
2026-08-16 00:23:47 +0200: Memory Usage (461168K) :   - Cnt_c_digibnd           
2026-08-16 00:23:47 +0200: Memory Usage (461168K) :   - Cnt_c_sram              
2026-08-16 00:23:47 +0200: Memory Usage (461168K) :   - Sdiod_b                 
2026-08-16 00:23:47 +0200: Memory Usage (461168K) :   - Sdiod_c                 
2026-08-16 00:23:47 +0200: Memory Usage (462064K) : Total area of the design is 
5000.0 um^2.                                                                    
2026-08-16 00:23:47 +0200: Memory Usage (462064K) : The design dimensions are   
50.0 µm * 100.0 µm.                                                             
2026-08-16 00:23:47 +0200: Memory Usage (462064K) : Starting general IHP-SG13G2 
derivations.                                                                    
2026-08-16 00:23:47 +0200: Memory Usage (462064K) : Starting Pwell derivations  
2026-08-16 00:23:47 +0200: Memory Usage (464112K) : Starting n-Activ derivations
2026-08-16 00:23:47 +0200: Memory Usage (464880K) : Starting p-Activ derivations
2026-08-16 00:23:47 +0200: Memory Usage (464880K) : Starting ptap derivations   
2026-08-16 00:23:47 +0200: Memory Usage (465008K) : Starting ntap derivations   
2026-08-16 00:23:47 +0200: Memory Usage (465392K) : Starting pact FET           
derivations                                                                     
2026-08-16 00:23:47 +0200: Memory Usage (465520K) : Starting nact FET           
derivations                                                                     
2026-08-16 00:23:47 +0200: Memory Usage (465520K) : Starting Gate derivations   
2026-08-16 00:23:47 +0200: Memory Usage (465648K) : Starting cont/contbar       
general derivations                                                             
2026-08-16 00:23:47 +0200: Memory Usage (465776K) : Starting pad general        
derivations                                                                     
2026-08-16 00:23:47 +0200: Memory Usage (465776K) : Starting schottky_nbl       
general derivations                                                             
2026-08-16 00:23:48 +0200: Memory Usage (465776K) : Starting SVaricap general   
derivations                                                                     
2026-08-16 00:23:48 +0200: Memory Usage (465776K) : Starting HBT general        
derivations                                                                     
2026-08-16 00:23:48 +0200: Memory Usage (465776K) : Starting IHP-SG13G2 DRC     
connectivity related derivations.                                               
2026-08-16 00:23:48 +0200: Memory Usage (465776K) : Starting IHP-SG13G2 DRC     
connectivity setup                                                              
2026-08-16 00:23:48 +0200: Memory Usage (465904K) : Starting IHP-SG13G2 DRC     
rules.                                                                          
2026-08-16 00:23:48 +0200: Memory Usage (465904K) : Running all FEOL rules      
2026-08-16 00:23:48 +0200: Memory Usage (465904K) : Running all BEOL rules      
2026-08-16 00:23:48 +0200: Memory Usage (465904K) : Running all PIN rules       
2026-08-16 00:23:48 +0200: Memory Usage (465904K) : Running all FORBIDDEN rules 
2026-08-16 00:23:48 +0200: Memory Usage (465904K) : Starting 5.1 NWell table    
2026-08-16 00:23:48 +0200: Memory Usage (465904K) : Executing rule NW.b         
2026-08-16 00:23:48 +0200: Memory Usage (466544K) : Executing rule NW.b1        
2026-08-16 00:23:48 +0200: Memory Usage (466672K) : Executing rule NW.f1        
2026-08-16 00:23:48 +0200: Memory Usage (466672K) : Executing rule NW.f1.digibnd
2026-08-16 00:23:48 +0200: Memory Usage (466672K) : Starting 5.2 PWell:block    
2026-08-16 00:23:48 +0200: Memory Usage (466672K) : Executing rule PWB.e        
2026-08-16 00:23:48 +0200: Memory Usage (466672K) : Executing rule PWB.e1       
2026-08-16 00:23:48 +0200: Memory Usage (466672K) : Executing rule PWB.f        
2026-08-16 00:23:48 +0200: Memory Usage (466672K) : Executing rule PWB.f1       
2026-08-16 00:23:48 +0200: Memory Usage (466672K) : Starting 5.3 nBuLay table   
2026-08-16 00:23:48 +0200: Memory Usage (466672K) : Executing rule NBL.b        
2026-08-16 00:23:48 +0200: Memory Usage (466672K) : Executing rule NBL.c        
2026-08-16 00:23:48 +0200: Memory Usage (466672K) : Executing rule NBL.d        
2026-08-16 00:23:48 +0200: Memory Usage (466672K) : Executing rule NBL.e        
2026-08-16 00:23:48 +0200: Memory Usage (466800K) : Executing rule NBL.f        
2026-08-16 00:23:48 +0200: Memory Usage (466800K) : Starting 5.5. Activ table   
2026-08-16 00:23:48 +0200: Memory Usage (466800K) : Executing rule Act.a        
2026-08-16 00:23:48 +0200: Memory Usage (466800K) : Executing rule Act.b        
2026-08-16 00:23:48 +0200: Memory Usage (466928K) : Starting 5.6 Activ:filler   
table                                                                           
2026-08-16 00:23:48 +0200: Memory Usage (466928K) : Executing rule AFil.c1      
2026-08-16 00:23:48 +0200: Memory Usage (466928K) : Executing rule AFil.c       
2026-08-16 00:23:48 +0200: Memory Usage (466928K) : Executing rule AFil.d       
2026-08-16 00:23:48 +0200: Memory Usage (466928K) : Executing rule AFil.e       
2026-08-16 00:23:48 +0200: Memory Usage (466928K) : Executing rule AFil.j       
2026-08-16 00:23:48 +0200: Memory Usage (466928K) : Starting 5.7. ThickGateOx   
table                                                                           
2026-08-16 00:23:48 +0200: Memory Usage (466928K) : Executing rule TGO.f        
2026-08-16 00:23:48 +0200: Memory Usage (466928K) : Starting 5.8. GatPoly table 
2026-08-16 00:23:48 +0200: Memory Usage (466928K) : Executing rule Gat.a        
2026-08-16 00:23:48 +0200: Memory Usage (466928K) : Executing rule Gat.b        
2026-08-16 00:23:48 +0200: Memory Usage (466928K) : Executing rule Gat.d        
2026-08-16 00:23:48 +0200: Memory Usage (466928K) : Executing rule Gat.a1       
2026-08-16 00:23:48 +0200: Memory Usage (467568K) : Executing rule Gat.a2       
2026-08-16 00:23:48 +0200: Memory Usage (467440K) : Executing rule Gat.g        
2026-08-16 00:23:48 +0200: Memory Usage (467440K) : Starting 5.9 GatPoly:filler 
2026-08-16 00:23:48 +0200: Memory Usage (467440K) : Executing rule GFil.d       
2026-08-16 00:23:48 +0200: Memory Usage (467440K) : Executing rule GFil.e       
2026-08-16 00:23:48 +0200: Memory Usage (467440K) : Executing rule GFil.i       
2026-08-16 00:23:48 +0200: Memory Usage (467440K) : Starting 5.10 pSD table     
2026-08-16 00:23:48 +0200: Memory Usage (467440K) : Executing rule pSD.c1       
2026-08-16 00:23:48 +0200: Memory Usage (467952K) : Starting 5.14. Cont table   
2026-08-16 00:23:48 +0200: Memory Usage (467952K) : Executing rule Cnt.a        
2026-08-16 00:23:48 +0200: Memory Usage (467952K) : Executing rule Cnt.b        
2026-08-16 00:23:48 +0200: Memory Usage (467952K) : Executing rule Cnt.c        
2026-08-16 00:23:49 +0200: Memory Usage (468464K) : Executing rule Cnt.c.digibnd
2026-08-16 00:23:49 +0200: Memory Usage (468464K) : Executing rule Cnt.c.SRAM   
2026-08-16 00:23:49 +0200: Memory Usage (468464K) : Executing rule Cnt.d        
2026-08-16 00:23:49 +0200: Memory Usage (468464K) : Executing rule Cnt.e        
2026-08-16 00:23:49 +0200: Memory Usage (468592K) : Executing rule Cnt.g1       
2026-08-16 00:23:49 +0200: Memory Usage (468592K) : Executing rule Cnt.g2       
2026-08-16 00:23:49 +0200: Memory Usage (468720K) : Starting 5.15. ContBar table
2026-08-16 00:23:49 +0200: Memory Usage (468720K) : Executing rule CntB.a       
2026-08-16 00:23:49 +0200: Memory Usage (468720K) : Executing rule CntB.a1      
2026-08-16 00:23:49 +0200: Memory Usage (468720K) : Executing rule CntB.b1      
2026-08-16 00:23:49 +0200: Memory Usage (468720K) : Executing rule CntB.h1      
2026-08-16 00:23:49 +0200: Memory Usage (468720K) : Starting 6.1.3 NPN          
Substrate-Tie table                                                             
2026-08-16 00:23:49 +0200: Memory Usage (468720K) : Executing rule npn13G2.bR   
2026-08-16 00:23:49 +0200: Memory Usage (468720K) : Executing rule npn13G2L.cR  
2026-08-16 00:23:49 +0200: Memory Usage (468720K) : Executing rule npn13G2V.cR  
2026-08-16 00:23:49 +0200: Memory Usage (468720K) : Starting 6.7 Schottky diode 
table                                                                           
2026-08-16 00:23:49 +0200: Memory Usage (468720K) : Executing rule Sdiod.b      
2026-08-16 00:23:49 +0200: Memory Usage (468720K) : Executing rule Sdiod.c      
2026-08-16 00:23:49 +0200: Memory Usage (468720K) : Executing rule Sdiod.d      
2026-08-16 00:23:49 +0200: Memory Usage (468720K) : Executing rule Sdiod.e      
2026-08-16 00:23:49 +0200: Memory Usage (468720K) : Starting 7.2 Latch-up table 
2026-08-16 00:23:49 +0200: Memory Usage (468720K) : Executing rule LU.b         
2026-08-16 00:23:49 +0200: Memory Usage (468588K) : Starting 5.16. Metal1 table 
2026-08-16 00:23:49 +0200: Memory Usage (468588K) : Executing rule M1.a         
2026-08-16 00:23:50 +0200: Memory Usage (468588K) : Executing rule M1.b         
2026-08-16 00:23:50 +0200: Memory Usage (469228K) : Executing rule M1.e         
2026-08-16 00:23:50 +0200: Memory Usage (469356K) : Executing rule M1.f         
2026-08-16 00:23:50 +0200: Memory Usage (469356K) : Executing rule M1.g         
2026-08-16 00:23:50 +0200: Memory Usage (469356K) : Executing rule M1.i         
2026-08-16 00:23:50 +0200: Memory Usage (469484K) : Starting 5.17 Metaln table  
2026-08-16 00:23:50 +0200: Memory Usage (469484K) : Executing rule M2.a         
2026-08-16 00:23:50 +0200: Memory Usage (469484K) : Executing rule M2.b         
2026-08-16 00:23:50 +0200: Memory Usage (470124K) : Executing rule M2.e         
2026-08-16 00:23:50 +0200: Memory Usage (470124K) : Executing rule M2.f         
2026-08-16 00:23:50 +0200: Memory Usage (470124K) : Executing rule M2.g         
2026-08-16 00:23:50 +0200: Memory Usage (470252K) : Executing rule M2.i         
2026-08-16 00:23:50 +0200: Memory Usage (470380K) : Executing rule M3.a         
2026-08-16 00:23:50 +0200: Memory Usage (470380K) : Executing rule M3.b         
2026-08-16 00:23:50 +0200: Memory Usage (470252K) : Executing rule M3.e         
2026-08-16 00:23:50 +0200: Memory Usage (470252K) : Executing rule M3.f         
2026-08-16 00:23:50 +0200: Memory Usage (470252K) : Executing rule M3.g         
2026-08-16 00:23:50 +0200: Memory Usage (470120K) : Executing rule M3.i         
2026-08-16 00:23:50 +0200: Memory Usage (470120K) : Executing rule M4.a         
2026-08-16 00:23:50 +0200: Memory Usage (470120K) : Executing rule M4.b         
2026-08-16 00:23:50 +0200: Memory Usage (470248K) : Executing rule M4.e         
2026-08-16 00:23:50 +0200: Memory Usage (470248K) : Executing rule M4.f         
2026-08-16 00:23:50 +0200: Memory Usage (470248K) : Executing rule M4.g         
2026-08-16 00:23:50 +0200: Memory Usage (470248K) : Executing rule M4.i         
2026-08-16 00:23:50 +0200: Memory Usage (470248K) : Executing rule M5.a         
2026-08-16 00:23:50 +0200: Memory Usage (470248K) : Executing rule M5.b         
2026-08-16 00:23:51 +0200: Memory Usage (470248K) : Executing rule M5.e         
2026-08-16 00:23:51 +0200: Memory Usage (470376K) : Executing rule M5.f         
2026-08-16 00:23:51 +0200: Memory Usage (470376K) : Executing rule M5.g         
2026-08-16 00:23:51 +0200: Memory Usage (470240K) : Executing rule M5.i         
2026-08-16 00:23:51 +0200: Memory Usage (470240K) : Starting 5.18 Metaln:filler 
table                                                                           
2026-08-16 00:23:51 +0200: Memory Usage (470240K) : Executing rule M1Fil.c      
2026-08-16 00:23:51 +0200: Memory Usage (470240K) : Executing rule M1Fil.a2     
2026-08-16 00:23:51 +0200: Memory Usage (470240K) : Executing rule M2Fil.c      
2026-08-16 00:23:51 +0200: Memory Usage (470240K) : Executing rule M2Fil.a2     
2026-08-16 00:23:51 +0200: Memory Usage (470240K) : Executing rule M3Fil.c      
2026-08-16 00:23:51 +0200: Memory Usage (470240K) : Executing rule M3Fil.a2     
2026-08-16 00:23:51 +0200: Memory Usage (470240K) : Executing rule M4Fil.c      
2026-08-16 00:23:51 +0200: Memory Usage (470240K) : Executing rule M4Fil.a2     
2026-08-16 00:23:51 +0200: Memory Usage (470240K) : Executing rule M5Fil.c      
2026-08-16 00:23:51 +0200: Memory Usage (470240K) : Executing rule M5Fil.a2     
2026-08-16 00:23:51 +0200: Memory Usage (470240K) : Starting 5.19. Via1 table   
2026-08-16 00:23:51 +0200: Memory Usage (470240K) : Starting 5.19. Via1 table   
derivations                                                                     
2026-08-16 00:23:51 +0200: Memory Usage (470240K) : Executing rule V1.a         
2026-08-16 00:23:51 +0200: Memory Usage (470240K) : Executing rule V1.b         
2026-08-16 00:23:51 +0200: Memory Usage (470240K) : Executing rule V1.c         
2026-08-16 00:23:51 +0200: Memory Usage (470240K) : Starting 5.20. Vian table   
2026-08-16 00:23:51 +0200: Memory Usage (470240K) : Executing rule V2.a         
2026-08-16 00:23:51 +0200: Memory Usage (470240K) : Executing rule V2.b         
2026-08-16 00:23:51 +0200: Memory Usage (470240K) : Executing rule V2.c         
2026-08-16 00:23:51 +0200: Memory Usage (470240K) : Executing rule V3.a         
2026-08-16 00:23:51 +0200: Memory Usage (470240K) : Executing rule V3.b         
2026-08-16 00:23:51 +0200: Memory Usage (470240K) : Executing rule V3.c         
2026-08-16 00:23:51 +0200: Memory Usage (470240K) : Executing rule V4.a         
2026-08-16 00:23:51 +0200: Memory Usage (470240K) : Executing rule V4.b         
2026-08-16 00:23:51 +0200: Memory Usage (470240K) : Executing rule V4.c         
2026-08-16 00:23:51 +0200: Memory Usage (470240K) : Starting 5.21. TopVia1 table
2026-08-16 00:23:51 +0200: Memory Usage (470240K) : Executing rule TV1.a        
2026-08-16 00:23:51 +0200: Memory Usage (470240K) : Executing rule TV1.b        
2026-08-16 00:23:51 +0200: Memory Usage (470240K) : Executing rule TV1.c        
2026-08-16 00:23:51 +0200: Memory Usage (470240K) : Executing rule TV1.d        
2026-08-16 00:23:51 +0200: Memory Usage (470240K) : Starting 5.22. TopMetal1    
table                                                                           
2026-08-16 00:23:51 +0200: Memory Usage (470240K) : Executing rule TM1.a        
2026-08-16 00:23:51 +0200: Memory Usage (470240K) : Executing rule TM1.b        
2026-08-16 00:23:51 +0200: Memory Usage (470368K) : Starting 5.23               
TopMetal1:filler table                                                          
2026-08-16 00:23:51 +0200: Memory Usage (470368K) : Executing rule TM1Fil.c     
2026-08-16 00:23:51 +0200: Memory Usage (470368K) : Executing rule TM1Fil.a1    
2026-08-16 00:23:51 +0200: Memory Usage (470368K) : Starting 5.24. TopVia2 table
2026-08-16 00:23:51 +0200: Memory Usage (470368K) : Executing rule TV2.a        
2026-08-16 00:23:51 +0200: Memory Usage (470368K) : Executing rule TV2.b        
2026-08-16 00:23:51 +0200: Memory Usage (470368K) : Executing rule TV2.c        
2026-08-16 00:23:51 +0200: Memory Usage (470368K) : Executing rule TV2.d        
2026-08-16 00:23:51 +0200: Memory Usage (470368K) : Starting 5.25. TopMetal2    
table                                                                           
2026-08-16 00:23:51 +0200: Memory Usage (470368K) : Executing rule TM2.a        
2026-08-16 00:23:51 +0200: Memory Usage (470368K) : Executing rule TM2.b        
2026-08-16 00:23:51 +0200: Memory Usage (470368K) : Executing rule TM2.bR       
2026-08-16 00:23:51 +0200: Memory Usage (470368K) : Starting 5.26               
TopMetal2:filler table                                                          
2026-08-16 00:23:51 +0200: Memory Usage (470368K) : Executing rule TM2Fil.c     
2026-08-16 00:23:51 +0200: Memory Usage (470368K) : Executing rule TM2Fil.a1    
2026-08-16 00:23:51 +0200: Memory Usage (470368K) : Starting 5.27. Passiv table 
2026-08-16 00:23:51 +0200: Memory Usage (470368K) : Executing rule Pas.a        
2026-08-16 00:23:51 +0200: Memory Usage (470368K) : Executing rule Pas.b        
2026-08-16 00:23:51 +0200: Memory Usage (470368K) : Executing rule Pas.c        
2026-08-16 00:23:51 +0200: Memory Usage (470368K) : Starting 6.9.2 Copper Pillar
table                                                                           
2026-08-16 00:23:51 +0200: Memory Usage (470368K) : Executing rule Padc.a       
2026-08-16 00:23:51 +0200: Memory Usage (470368K) : Executing rule Padc.b       
2026-08-16 00:23:51 +0200: Memory Usage (470368K) : Executing rule Padc.c       
2026-08-16 00:23:51 +0200: Memory Usage (470368K) : Executing rule Padb.f       
2026-08-16 00:23:51 +0200: Memory Usage (470368K) : Starting 6.9 Pad table      
2026-08-16 00:23:51 +0200: Memory Usage (470368K) : Executing rule Pad.m        
2026-08-16 00:23:51 +0200: Memory Usage (470368K) : Executing rule Pad.fR_M1    
2026-08-16 00:23:51 +0200: Memory Usage (470368K) : Executing rule Pad.fR_M2    
2026-08-16 00:23:51 +0200: Memory Usage (470368K) : Executing rule Pad.fR_M3    
2026-08-16 00:23:51 +0200: Memory Usage (470368K) : Executing rule Pad.fR_M4    
2026-08-16 00:23:51 +0200: Memory Usage (470368K) : Executing rule Pad.fR_M5    
2026-08-16 00:23:51 +0200: Memory Usage (470368K) : Executing rule Pad.fR_TM1   
2026-08-16 00:23:51 +0200: Memory Usage (470368K) : Executing rule Pad.fR_TM2   
2026-08-16 00:23:51 +0200: Memory Usage (470368K) : Executing rule Pad.i        
2026-08-16 00:23:51 +0200: Memory Usage (470368K) : Starting 6.9.1 Solder Bump  
2026-08-16 00:23:51 +0200: Memory Usage (470368K) : Executing rule Padb.a       
2026-08-16 00:23:51 +0200: Memory Usage (470368K) : Executing rule Padb.b       
2026-08-16 00:23:51 +0200: Memory Usage (470368K) : Executing rule Padb.c       
2026-08-16 00:23:51 +0200: Memory Usage (470368K) : Executing rule Padb.f       
2026-08-16 00:23:51 +0200: Memory Usage (470368K) : Executing rule Padb.d       
2026-08-16 00:23:51 +0200: Memory Usage (470368K) : Starting 6.10 Sealring table
2026-08-16 00:23:51 +0200: Memory Usage (470368K) : Executing rule Seal.l       
2026-08-16 00:23:51 +0200: Memory Usage (470368K) : Executing rule Seal.n       
2026-08-16 00:23:51 +0200: Memory Usage (470368K) : Executing rule seal.b_metal1
2026-08-16 00:23:51 +0200: Memory Usage (470368K) : Executing rule seal.b_metal2
2026-08-16 00:23:51 +0200: Memory Usage (470368K) : Executing rule seal.b_metal3
2026-08-16 00:23:51 +0200: Memory Usage (470368K) : Executing rule seal.b_metal4
2026-08-16 00:23:51 +0200: Memory Usage (470368K) : Executing rule seal.b_metal5
2026-08-16 00:23:51 +0200: Memory Usage (470368K) : Executing rule              
seal.b_topmetal1                                                                
2026-08-16 00:23:51 +0200: Memory Usage (470368K) : Executing rule              
seal.b_topmetal2                                                                
2026-08-16 00:23:51 +0200: Memory Usage (470368K) : Executing rule seal.b_activ 
2026-08-16 00:23:51 +0200: Memory Usage (470368K) : Executing rule seal.b_psd   
2026-08-16 00:23:51 +0200: Memory Usage (470368K) : Executing rule Seal.k       
2026-08-16 00:23:51 +0200: Memory Usage (470368K) : Executing rule Seal.m       
2026-08-16 00:23:51 +0200: Memory Usage (470368K) : Starting 6.11 MIM table     
2026-08-16 00:23:51 +0200: Memory Usage (470368K) : Executing rule MIM.c        
2026-08-16 00:23:51 +0200: Memory Usage (470368K) : Executing rule MIM.d        
2026-08-16 00:23:51 +0200: Memory Usage (470368K) : Executing rule MIM.gR       
2026-08-16 00:23:51 +0200: Memory Usage (470368K) : Starting 7.3 Metal Slits    
table                                                                           
2026-08-16 00:23:51 +0200: Memory Usage (470368K) : Executing rule Slt.e1_M1    
2026-08-16 00:23:51 +0200: Memory Usage (470368K) : Executing rule Slt.e1_M2    
2026-08-16 00:23:51 +0200: Memory Usage (470368K) : Executing rule Slt.e1_M3    
2026-08-16 00:23:51 +0200: Memory Usage (470368K) : Executing rule Slt.e1_M4    
2026-08-16 00:23:51 +0200: Memory Usage (470368K) : Executing rule Slt.e1_M5    
2026-08-16 00:23:51 +0200: Memory Usage (470368K) : Executing rule Slt.e1_TM1   
2026-08-16 00:23:51 +0200: Memory Usage (470368K) : Executing rule Slt.e1_TM2   
2026-08-16 00:23:51 +0200: Memory Usage (470368K) : Starting 9.1. LBE table     
2026-08-16 00:23:51 +0200: Memory Usage (470368K) : Executing rule LBE.a        
2026-08-16 00:23:51 +0200: Memory Usage (470368K) : Executing rule LBE.b        
2026-08-16 00:23:51 +0200: Memory Usage (470368K) : Executing rule LBE.b1       
2026-08-16 00:23:51 +0200: Memory Usage (470368K) : Executing rule LBE.c        
2026-08-16 00:23:51 +0200: Memory Usage (470368K) : Executing rule LBE.d        
2026-08-16 00:23:51 +0200: Memory Usage (470368K) : Executing rule LBE.h        
2026-08-16 00:23:51 +0200: Memory Usage (470368K) : Starting 7.4. PIN table     
2026-08-16 00:23:51 +0200: Memory Usage (470368K) : Executing rule Pin.a        
2026-08-16 00:23:51 +0200: Memory Usage (470368K) : Executing rule Pin.b        
2026-08-16 00:23:51 +0200: Memory Usage (470368K) : Executing rule Pin.e        
2026-08-16 00:23:51 +0200: Memory Usage (470368K) : Executing rule Pin.f_M2     
2026-08-16 00:23:51 +0200: Memory Usage (470368K) : Executing rule Pin.f_M3     
2026-08-16 00:23:51 +0200: Memory Usage (470368K) : Executing rule Pin.f_M4     
2026-08-16 00:23:51 +0200: Memory Usage (470368K) : Executing rule Pin.f_M5     
2026-08-16 00:23:51 +0200: Memory Usage (470368K) : Executing rule Pin.g        
2026-08-16 00:23:51 +0200: Memory Usage (470368K) : Executing rule Pin.h        
2026-08-16 00:23:51 +0200: Memory Usage (470368K) : Starting 3.1. offgrid table 
2026-08-16 00:23:51 +0200: Memory Usage (470368K) : Executing rule              
activ_drw_Offgrid                                                               
2026-08-16 00:23:51 +0200: Memory Usage (470496K) : Executing rule              
activ_mask_Offgrid                                                              
2026-08-16 00:23:51 +0200: Memory Usage (470496K) : Executing rule              
activ_filler_Offgrid                                                            
2026-08-16 00:23:51 +0200: Memory Usage (470496K) : Executing rule              
activ_opc_Offgrid                                                               
2026-08-16 00:23:51 +0200: Memory Usage (470496K) : Executing rule              
activ_iopc_Offgrid                                                              
2026-08-16 00:23:51 +0200: Memory Usage (470496K) : Executing rule              
biwind_drw_Offgrid                                                              
2026-08-16 00:23:51 +0200: Memory Usage (470496K) : Executing rule              
biwind_opc_Offgrid                                                              
2026-08-16 00:23:51 +0200: Memory Usage (470880K) : Executing rule              
pemwind_drw_Offgrid                                                             
2026-08-16 00:23:51 +0200: Memory Usage (471392K) : Executing rule              
gatpoly_drw_Offgrid                                                             
2026-08-16 00:23:51 +0200: Memory Usage (471904K) : Executing rule              
gatpoly_filler_Offgrid                                                          
2026-08-16 00:23:51 +0200: Memory Usage (472288K) : Executing rule              
gatpoly_opc_Offgrid                                                             
2026-08-16 00:23:51 +0200: Memory Usage (472800K) : Executing rule              
gatpoly_iopc_Offgrid                                                            
2026-08-16 00:23:51 +0200: Memory Usage (473312K) : Executing rule              
gatpoly_noqrc_Offgrid                                                           
2026-08-16 00:23:51 +0200: Memory Usage (473824K) : Executing rule              
cont_drw_Offgrid                                                                
2026-08-16 00:23:52 +0200: Memory Usage (476640K) : Executing rule              
cont_opc_Offgrid                                                                
2026-08-16 00:23:52 +0200: Memory Usage (476640K) : Executing rule              
nsd_drw_Offgrid                                                                 
2026-08-16 00:23:52 +0200: Memory Usage (476640K) : Executing rule              
nsd_block_Offgrid                                                               
2026-08-16 00:23:52 +0200: Memory Usage (476640K) : Executing rule              
metal1_drw_Offgrid                                                              
2026-08-16 00:23:52 +0200: Memory Usage (476640K) : Executing rule              
metal1_mask_Offgrid                                                             
2026-08-16 00:23:52 +0200: Memory Usage (476640K) : Executing rule              
metal1_filler_Offgrid                                                           
2026-08-16 00:23:52 +0200: Memory Usage (476640K) : Executing rule              
metal1_slit_Offgrid                                                             
2026-08-16 00:23:52 +0200: Memory Usage (476640K) : Executing rule              
metal1_opc_Offgrid                                                              
2026-08-16 00:23:52 +0200: Memory Usage (476640K) : Executing rule              
metal1_noqrc_Offgrid                                                            
2026-08-16 00:23:52 +0200: Memory Usage (476640K) : Executing rule              
metal1_res_Offgrid                                                              
2026-08-16 00:23:52 +0200: Memory Usage (476640K) : Executing rule              
metal1_iprobe_Offgrid                                                           
2026-08-16 00:23:52 +0200: Memory Usage (476640K) : Executing rule              
metal1_diffprb_Offgrid                                                          
2026-08-16 00:23:52 +0200: Memory Usage (476640K) : Executing rule              
passiv_drw_Offgrid                                                              
2026-08-16 00:23:52 +0200: Memory Usage (476640K) : Executing rule              
passiv_pillar_Offgrid                                                           
2026-08-16 00:23:52 +0200: Memory Usage (476640K) : Executing rule              
passiv_sbump_Offgrid                                                            
2026-08-16 00:23:52 +0200: Memory Usage (476640K) : Executing rule              
passiv_pdl_Offgrid                                                              
2026-08-16 00:23:52 +0200: Memory Usage (476640K) : Executing rule              
metal2_drw_Offgrid                                                              
2026-08-16 00:23:52 +0200: Memory Usage (476640K) : Executing rule              
metal2_mask_Offgrid                                                             
2026-08-16 00:23:52 +0200: Memory Usage (476640K) : Executing rule              
metal2_filler_Offgrid                                                           
2026-08-16 00:23:52 +0200: Memory Usage (476640K) : Executing rule              
metal2_slit_Offgrid                                                             
2026-08-16 00:23:52 +0200: Memory Usage (476640K) : Executing rule              
metal2_opc_Offgrid                                                              
2026-08-16 00:23:52 +0200: Memory Usage (476640K) : Executing rule              
metal2_noqrc_Offgrid                                                            
2026-08-16 00:23:52 +0200: Memory Usage (476640K) : Executing rule              
metal2_res_Offgrid                                                              
2026-08-16 00:23:52 +0200: Memory Usage (476640K) : Executing rule              
metal2_iprobe_Offgrid                                                           
2026-08-16 00:23:52 +0200: Memory Usage (476768K) : Executing rule              
metal2_diffprb_Offgrid                                                          
2026-08-16 00:23:52 +0200: Memory Usage (476768K) : Executing rule              
baspoly_drw_Offgrid                                                             
2026-08-16 00:23:52 +0200: Memory Usage (476768K) : Executing rule              
psd_drw_Offgrid                                                                 
2026-08-16 00:23:52 +0200: Memory Usage (477408K) : Executing rule              
nldb_drw_Offgrid                                                                
2026-08-16 00:23:52 +0200: Memory Usage (477408K) : Executing rule              
via1_drw_Offgrid                                                                
2026-08-16 00:23:52 +0200: Memory Usage (477408K) : Executing rule              
backmetal1_drw_Offgrid                                                          
2026-08-16 00:23:52 +0200: Memory Usage (477408K) : Executing rule              
backmetal1_mask_Offgrid                                                         
2026-08-16 00:23:52 +0200: Memory Usage (477408K) : Executing rule              
backmetal1_filler_Offgrid                                                       
2026-08-16 00:23:52 +0200: Memory Usage (477408K) : Executing rule              
backmetal1_slit_Offgrid                                                         
2026-08-16 00:23:52 +0200: Memory Usage (477408K) : Executing rule              
backmetal1_opc_Offgrid                                                          
2026-08-16 00:23:52 +0200: Memory Usage (477408K) : Executing rule              
backmetal1_noqrc_Offgrid                                                        
2026-08-16 00:23:52 +0200: Memory Usage (477408K) : Executing rule              
backmetal1_res_Offgrid                                                          
2026-08-16 00:23:52 +0200: Memory Usage (477408K) : Executing rule              
backmetal1_iprobe_Offgrid                                                       
2026-08-16 00:23:52 +0200: Memory Usage (477408K) : Executing rule              
backmetal1_diffprb_Offgrid                                                      
2026-08-16 00:23:52 +0200: Memory Usage (477408K) : Executing rule              
backpassiv_drw_Offgrid                                                          
2026-08-16 00:23:52 +0200: Memory Usage (477408K) : Executing rule              
salblock_drw_Offgrid                                                            
2026-08-16 00:23:52 +0200: Memory Usage (477408K) : Executing rule              
via2_drw_Offgrid                                                                
2026-08-16 00:23:52 +0200: Memory Usage (477408K) : Executing rule              
metal3_drw_Offgrid                                                              
2026-08-16 00:23:52 +0200: Memory Usage (477408K) : Executing rule              
metal3_mask_Offgrid                                                             
2026-08-16 00:23:52 +0200: Memory Usage (477408K) : Executing rule              
metal3_filler_Offgrid                                                           
2026-08-16 00:23:52 +0200: Memory Usage (477408K) : Executing rule              
metal3_slit_Offgrid                                                             
2026-08-16 00:23:52 +0200: Memory Usage (477408K) : Executing rule              
metal3_opc_Offgrid                                                              
2026-08-16 00:23:52 +0200: Memory Usage (477408K) : Executing rule              
metal3_noqrc_Offgrid                                                            
2026-08-16 00:23:52 +0200: Memory Usage (477408K) : Executing rule              
metal3_res_Offgrid                                                              
2026-08-16 00:23:52 +0200: Memory Usage (477408K) : Executing rule              
metal3_iprobe_Offgrid                                                           
2026-08-16 00:23:52 +0200: Memory Usage (477408K) : Executing rule              
metal3_diffprb_Offgrid                                                          
2026-08-16 00:23:52 +0200: Memory Usage (477408K) : Executing rule              
nwell_drw_Offgrid                                                               
2026-08-16 00:23:52 +0200: Memory Usage (477408K) : Executing rule              
nbulay_drw_Offgrid                                                              
2026-08-16 00:23:52 +0200: Memory Usage (477408K) : Executing rule              
nbulay_block_Offgrid                                                            
2026-08-16 00:23:52 +0200: Memory Usage (477408K) : Executing rule              
pwell_drw_Offgrid                                                               
2026-08-16 00:23:52 +0200: Memory Usage (477408K) : Executing rule              
pwell_block_Offgrid                                                             
2026-08-16 00:23:52 +0200: Memory Usage (477408K) : Executing rule              
emwind_drw_Offgrid                                                              
2026-08-16 00:23:52 +0200: Memory Usage (477408K) : Executing rule              
emwind_opc_Offgrid                                                              
2026-08-16 00:23:52 +0200: Memory Usage (477536K) : Executing rule              
deepco_drw_Offgrid                                                              
2026-08-16 00:23:52 +0200: Memory Usage (477536K) : Executing rule              
mim_drw_Offgrid                                                                 
2026-08-16 00:23:52 +0200: Memory Usage (477536K) : Executing rule              
substrate_drw_Offgrid                                                           
2026-08-16 00:23:52 +0200: Memory Usage (477536K) : Executing rule              
ic_drw_Offgrid                                                                  
2026-08-16 00:23:52 +0200: Memory Usage (477664K) : Executing rule              
via3_drw_Offgrid                                                                
2026-08-16 00:23:52 +0200: Memory Usage (477664K) : Executing rule              
pldb_drw_Offgrid                                                                
2026-08-16 00:23:52 +0200: Memory Usage (477920K) : Executing rule              
metal4_drw_Offgrid                                                              
2026-08-16 00:23:53 +0200: Memory Usage (478560K) : Executing rule              
metal4_mask_Offgrid                                                             
2026-08-16 00:23:53 +0200: Memory Usage (478816K) : Executing rule              
metal4_filler_Offgrid                                                           
2026-08-16 00:23:53 +0200: Memory Usage (478816K) : Executing rule              
metal4_slit_Offgrid                                                             
2026-08-16 00:23:53 +0200: Memory Usage (478816K) : Executing rule              
metal4_opc_Offgrid                                                              
2026-08-16 00:23:53 +0200: Memory Usage (478816K) : Executing rule              
metal4_noqrc_Offgrid                                                            
2026-08-16 00:23:53 +0200: Memory Usage (478816K) : Executing rule              
metal4_res_Offgrid                                                              
2026-08-16 00:23:53 +0200: Memory Usage (478816K) : Executing rule              
metal4_iprobe_Offgrid                                                           
2026-08-16 00:23:53 +0200: Memory Usage (478816K) : Executing rule              
metal4_diffprb_Offgrid                                                          
2026-08-16 00:23:53 +0200: Memory Usage (478816K) : Executing rule              
via4_drw_Offgrid                                                                
2026-08-16 00:23:53 +0200: Memory Usage (478816K) : Executing rule              
metal5_drw_Offgrid                                                              
2026-08-16 00:23:53 +0200: Memory Usage (478816K) : Executing rule              
metal5_mask_Offgrid                                                             
2026-08-16 00:23:53 +0200: Memory Usage (478816K) : Executing rule              
metal5_filler_Offgrid                                                           
2026-08-16 00:23:53 +0200: Memory Usage (478816K) : Executing rule              
metal5_slit_Offgrid                                                             
2026-08-16 00:23:53 +0200: Memory Usage (478816K) : Executing rule              
metal5_opc_Offgrid                                                              
2026-08-16 00:23:53 +0200: Memory Usage (478816K) : Executing rule              
metal5_noqrc_Offgrid                                                            
2026-08-16 00:23:53 +0200: Memory Usage (478816K) : Executing rule              
metal5_res_Offgrid                                                              
2026-08-16 00:23:53 +0200: Memory Usage (478816K) : Executing rule              
metal5_iprobe_Offgrid                                                           
2026-08-16 00:23:53 +0200: Memory Usage (478816K) : Executing rule              
metal5_diffprb_Offgrid                                                          
2026-08-16 00:23:53 +0200: Memory Usage (478816K) : Executing rule              
prboundary_drw_Offgrid                                                          
2026-08-16 00:23:53 +0200: Memory Usage (478816K) : Executing rule              
exchange0_drw_Offgrid                                                           
2026-08-16 00:23:53 +0200: Memory Usage (478816K) : Executing rule              
exchange1_drw_Offgrid                                                           
2026-08-16 00:23:53 +0200: Memory Usage (478816K) : Executing rule              
exchange2_drw_Offgrid                                                           
2026-08-16 00:23:53 +0200: Memory Usage (478816K) : Executing rule              
exchange3_drw_Offgrid                                                           
2026-08-16 00:23:53 +0200: Memory Usage (478816K) : Executing rule              
exchange4_drw_Offgrid                                                           
2026-08-16 00:23:53 +0200: Memory Usage (478816K) : Executing rule              
isonwell_drw_Offgrid                                                            
2026-08-16 00:23:53 +0200: Memory Usage (478816K) : Executing rule              
thickgateox_drw_Offgrid                                                         
2026-08-16 00:23:53 +0200: Memory Usage (478816K) : Executing rule              
pempoly_drw_Offgrid                                                             
2026-08-16 00:23:53 +0200: Memory Usage (478816K) : Executing rule              
fbe_drw_Offgrid                                                                 
2026-08-16 00:23:53 +0200: Memory Usage (478816K) : Executing rule              
empoly_drw_Offgrid                                                              
2026-08-16 00:23:53 +0200: Memory Usage (478816K) : Executing rule              
ldmos_drw_Offgrid                                                               
2026-08-16 00:23:53 +0200: Memory Usage (478816K) : Executing rule              
pbiwind_drw_Offgrid                                                             
2026-08-16 00:23:53 +0200: Memory Usage (478816K) : Executing rule              
colopen_drw_Offgrid                                                             
2026-08-16 00:23:53 +0200: Memory Usage (478816K) : Executing rule              
extblock_drw_Offgrid                                                            
2026-08-16 00:23:53 +0200: Memory Usage (478816K) : Executing rule              
nldd_drw_Offgrid                                                                
2026-08-16 00:23:53 +0200: Memory Usage (478816K) : Executing rule              
pldd_drw_Offgrid                                                                
2026-08-16 00:23:53 +0200: Memory Usage (478816K) : Executing rule              
next_drw_Offgrid                                                                
2026-08-16 00:23:53 +0200: Memory Usage (478816K) : Executing rule              
pext_drw_Offgrid                                                                
2026-08-16 00:23:53 +0200: Memory Usage (478816K) : Executing rule              
nexthv_drw_Offgrid                                                              
2026-08-16 00:23:53 +0200: Memory Usage (478816K) : Executing rule              
pexthv_drw_Offgrid                                                              
2026-08-16 00:23:53 +0200: Memory Usage (478816K) : Executing rule              
graphgate_drw_Offgrid                                                           
2026-08-16 00:23:53 +0200: Memory Usage (478816K) : Executing rule              
mempad_drw_Offgrid                                                              
2026-08-16 00:23:53 +0200: Memory Usage (478944K) : Executing rule              
topvia1_drw_Offgrid                                                             
2026-08-16 00:23:53 +0200: Memory Usage (479456K) : Executing rule              
topmetal1_drw_Offgrid                                                           
2026-08-16 00:23:53 +0200: Memory Usage (479840K) : Executing rule              
topmetal1_mask_Offgrid                                                          
2026-08-16 00:23:53 +0200: Memory Usage (480352K) : Executing rule              
topmetal1_filler_Offgrid                                                        
2026-08-16 00:23:53 +0200: Memory Usage (480736K) : Executing rule              
topmetal1_slit_Offgrid                                                          
2026-08-16 00:23:53 +0200: Memory Usage (481248K) : Executing rule              
topmetal1_noqrc_Offgrid                                                         
2026-08-16 00:23:53 +0200: Memory Usage (481760K) : Executing rule              
topmetal1_res_Offgrid                                                           
2026-08-16 00:23:53 +0200: Memory Usage (481760K) : Executing rule              
topmetal1_iprobe_Offgrid                                                        
2026-08-16 00:23:53 +0200: Memory Usage (481760K) : Executing rule              
topmetal1_diffprb_Offgrid                                                       
2026-08-16 00:23:53 +0200: Memory Usage (481760K) : Executing rule              
inldpwl_drw_Offgrid                                                             
2026-08-16 00:23:53 +0200: Memory Usage (481760K) : Executing rule              
polyres_drw_Offgrid                                                             
2026-08-16 00:23:53 +0200: Memory Usage (481760K) : Executing rule              
vmim_drw_Offgrid                                                                
2026-08-16 00:23:53 +0200: Memory Usage (481760K) : Executing rule              
nbulaycut_drw_Offgrid                                                           
2026-08-16 00:23:53 +0200: Memory Usage (481760K) : Executing rule              
antmetal1_drw_Offgrid                                                           
2026-08-16 00:23:53 +0200: Memory Usage (481760K) : Executing rule              
topvia2_drw_Offgrid                                                             
2026-08-16 00:23:53 +0200: Memory Usage (481760K) : Executing rule              
topmetal2_drw_Offgrid                                                           
2026-08-16 00:23:53 +0200: Memory Usage (481760K) : Executing rule              
topmetal2_mask_Offgrid                                                          
2026-08-16 00:23:53 +0200: Memory Usage (481760K) : Executing rule              
topmetal2_filler_Offgrid                                                        
2026-08-16 00:23:53 +0200: Memory Usage (481760K) : Executing rule              
topmetal2_slit_Offgrid                                                          
2026-08-16 00:23:53 +0200: Memory Usage (481760K) : Executing rule              
topmetal2_noqrc_Offgrid                                                         
2026-08-16 00:23:53 +0200: Memory Usage (481760K) : Executing rule              
topmetal2_res_Offgrid                                                           
2026-08-16 00:23:53 +0200: Memory Usage (481760K) : Executing rule              
topmetal2_iprobe_Offgrid                                                        
2026-08-16 00:23:53 +0200: Memory Usage (481760K) : Executing rule              
topmetal2_diffprb_Offgrid                                                       
2026-08-16 00:23:53 +0200: Memory Usage (481760K) : Executing rule              
snsring_drw_Offgrid                                                             
2026-08-16 00:23:53 +0200: Memory Usage (481760K) : Executing rule              
sensor_drw_Offgrid                                                              
2026-08-16 00:23:53 +0200: Memory Usage (481760K) : Executing rule              
snsarms_drw_Offgrid                                                             
2026-08-16 00:23:53 +0200: Memory Usage (481760K) : Executing rule              
snscmosvia_drw_Offgrid                                                          
2026-08-16 00:23:53 +0200: Memory Usage (481760K) : Executing rule              
colwind_drw_Offgrid                                                             
2026-08-16 00:23:53 +0200: Memory Usage (481760K) : Executing rule              
flm_drw_Offgrid                                                                 
2026-08-16 00:23:53 +0200: Memory Usage (481760K) : Executing rule              
hafniumox_drw_Offgrid                                                           
2026-08-16 00:23:53 +0200: Memory Usage (481760K) : Executing rule              
memvia_drw_Offgrid                                                              
2026-08-16 00:23:53 +0200: Memory Usage (481760K) : Executing rule              
thinfilmres_drw_Offgrid                                                         
2026-08-16 00:23:53 +0200: Memory Usage (481760K) : Executing rule              
rfmem_drw_Offgrid                                                               
2026-08-16 00:23:53 +0200: Memory Usage (481760K) : Executing rule              
snsbotvia_drw_Offgrid                                                           
2026-08-16 00:23:53 +0200: Memory Usage (481760K) : Executing rule              
snstopvia_drw_Offgrid                                                           
2026-08-16 00:23:53 +0200: Memory Usage (481760K) : Executing rule              
deepvia_drw_Offgrid                                                             
2026-08-16 00:23:53 +0200: Memory Usage (481760K) : Executing rule              
fgetch_drw_Offgrid                                                              
2026-08-16 00:23:53 +0200: Memory Usage (481760K) : Executing rule              
ctrgat_drw_Offgrid                                                              
2026-08-16 00:23:53 +0200: Memory Usage (481760K) : Executing rule              
fgimp_drw_Offgrid                                                               
2026-08-16 00:23:53 +0200: Memory Usage (481760K) : Executing rule              
emwihv_drw_Offgrid                                                              
2026-08-16 00:23:53 +0200: Memory Usage (481760K) : Executing rule              
lbe_drw_Offgrid                                                                 
2026-08-16 00:23:53 +0200: Memory Usage (481760K) : Executing rule              
alcustop_drw_Offgrid                                                            
2026-08-16 00:23:53 +0200: Memory Usage (481760K) : Starting 3.2. angle table   
2026-08-16 00:23:53 +0200: Memory Usage (481760K) : Executing rule              
activ_drw_Acute                                                                 
2026-08-16 00:23:53 +0200: Memory Usage (481760K) : Executing rule              
activ_pin_Acute                                                                 
2026-08-16 00:23:53 +0200: Memory Usage (481760K) : Executing rule              
activ_mask_Acute                                                                
2026-08-16 00:23:54 +0200: Memory Usage (481760K) : Executing rule              
activ_filler_Acute                                                              
2026-08-16 00:23:54 +0200: Memory Usage (481760K) : Executing rule              
activ_nofill_Acute                                                              
2026-08-16 00:23:54 +0200: Memory Usage (481760K) : Executing rule              
activ_opc_Acute                                                                 
2026-08-16 00:23:54 +0200: Memory Usage (481760K) : Executing rule              
activ_iopc_Acute                                                                
2026-08-16 00:23:54 +0200: Memory Usage (481760K) : Executing rule              
activ_noqrc_Acute                                                               
2026-08-16 00:23:54 +0200: Memory Usage (482016K) : Executing rule              
biwind_drw_Acute                                                                
2026-08-16 00:23:54 +0200: Memory Usage (482528K) : Executing rule              
biwind_opc_Acute                                                                
2026-08-16 00:23:54 +0200: Memory Usage (483168K) : Executing rule              
pemwind_drw_Acute                                                               
2026-08-16 00:23:54 +0200: Memory Usage (483168K) : Executing rule              
gatpoly_drw_Acute                                                               
2026-08-16 00:23:54 +0200: Memory Usage (483168K) : Executing rule              
gatpoly_pin_Acute                                                               
2026-08-16 00:23:54 +0200: Memory Usage (483168K) : Executing rule              
gatpoly_filler_Acute                                                            
2026-08-16 00:23:54 +0200: Memory Usage (483168K) : Executing rule              
gatpoly_nofill_Acute                                                            
2026-08-16 00:23:54 +0200: Memory Usage (483168K) : Executing rule              
gatpoly_opc_Acute                                                               
2026-08-16 00:23:54 +0200: Memory Usage (483168K) : Executing rule              
gatpoly_iopc_Acute                                                              
2026-08-16 00:23:54 +0200: Memory Usage (483168K) : Executing rule              
gatpoly_noqrc_Acute                                                             
2026-08-16 00:23:54 +0200: Memory Usage (483168K) : Executing rule              
cont_drw_Acute                                                                  
2026-08-16 00:23:54 +0200: Memory Usage (483168K) : Executing rule              
cont_opc_Acute                                                                  
2026-08-16 00:23:54 +0200: Memory Usage (483168K) : Executing rule nsd_drw_Acute
2026-08-16 00:23:54 +0200: Memory Usage (483168K) : Executing rule              
nsd_block_Acute                                                                 
2026-08-16 00:23:54 +0200: Memory Usage (483168K) : Executing rule              
metal1_drw_Acute                                                                
2026-08-16 00:23:54 +0200: Memory Usage (483168K) : Executing rule              
metal1_pin_Acute                                                                
2026-08-16 00:23:54 +0200: Memory Usage (483168K) : Executing rule              
metal1_mask_Acute                                                               
2026-08-16 00:23:54 +0200: Memory Usage (483168K) : Executing rule              
metal1_filler_Acute                                                             
2026-08-16 00:23:54 +0200: Memory Usage (483168K) : Executing rule              
metal1_nofill_Acute                                                             
2026-08-16 00:23:54 +0200: Memory Usage (483168K) : Executing rule              
metal1_slit_Acute                                                               
2026-08-16 00:23:54 +0200: Memory Usage (483168K) : Executing rule              
metal1_opc_Acute                                                                
2026-08-16 00:23:54 +0200: Memory Usage (483168K) : Executing rule              
metal1_noqrc_Acute                                                              
2026-08-16 00:23:54 +0200: Memory Usage (483168K) : Executing rule              
metal1_res_Acute                                                                
2026-08-16 00:23:54 +0200: Memory Usage (483168K) : Executing rule              
metal1_iprobe_Acute                                                             
2026-08-16 00:23:54 +0200: Memory Usage (483168K) : Executing rule              
metal1_diffprb_Acute                                                            
2026-08-16 00:23:54 +0200: Memory Usage (483168K) : Executing rule              
passiv_drw_Acute                                                                
2026-08-16 00:23:54 +0200: Memory Usage (483168K) : Executing rule              
passiv_pin_Acute                                                                
2026-08-16 00:23:54 +0200: Memory Usage (483168K) : Executing rule              
passiv_pillar_Acute                                                             
2026-08-16 00:23:54 +0200: Memory Usage (483168K) : Executing rule              
passiv_sbump_Acute                                                              
2026-08-16 00:23:54 +0200: Memory Usage (483168K) : Executing rule              
passiv_pdl_Acute                                                                
2026-08-16 00:23:54 +0200: Memory Usage (483168K) : Executing rule              
metal2_drw_Acute                                                                
2026-08-16 00:23:54 +0200: Memory Usage (483168K) : Executing rule              
metal2_pin_Acute                                                                
2026-08-16 00:23:54 +0200: Memory Usage (483168K) : Executing rule              
metal2_mask_Acute                                                               
2026-08-16 00:23:54 +0200: Memory Usage (483168K) : Executing rule              
metal2_filler_Acute                                                             
2026-08-16 00:23:54 +0200: Memory Usage (483168K) : Executing rule              
metal2_nofill_Acute                                                             
2026-08-16 00:23:54 +0200: Memory Usage (483168K) : Executing rule              
metal2_slit_Acute                                                               
2026-08-16 00:23:54 +0200: Memory Usage (483168K) : Executing rule              
metal2_opc_Acute                                                                
2026-08-16 00:23:54 +0200: Memory Usage (483168K) : Executing rule              
metal2_noqrc_Acute                                                              
2026-08-16 00:23:54 +0200: Memory Usage (483168K) : Executing rule              
metal2_res_Acute                                                                
2026-08-16 00:23:54 +0200: Memory Usage (483168K) : Executing rule              
metal2_iprobe_Acute                                                             
2026-08-16 00:23:54 +0200: Memory Usage (483168K) : Executing rule              
metal2_diffprb_Acute                                                            
2026-08-16 00:23:54 +0200: Memory Usage (483168K) : Executing rule              
baspoly_drw_Acute                                                               
2026-08-16 00:23:54 +0200: Memory Usage (483168K) : Executing rule              
baspoly_pin_Acute                                                               
2026-08-16 00:23:54 +0200: Memory Usage (483168K) : Executing rule psd_drw_Acute
2026-08-16 00:23:54 +0200: Memory Usage (483168K) : Executing rule              
nldb_drw_Acute                                                                  
2026-08-16 00:23:54 +0200: Memory Usage (483168K) : Executing rule              
via1_drw_Acute                                                                  
2026-08-16 00:23:54 +0200: Memory Usage (483168K) : Executing rule              
backmetal1_drw_Acute                                                            
2026-08-16 00:23:55 +0200: Memory Usage (483168K) : Executing rule              
backmetal1_pin_Acute                                                            
2026-08-16 00:23:55 +0200: Memory Usage (483168K) : Executing rule              
backmetal1_mask_Acute                                                           
2026-08-16 00:23:55 +0200: Memory Usage (483168K) : Executing rule              
backmetal1_filler_Acute                                                         
2026-08-16 00:23:55 +0200: Memory Usage (483168K) : Executing rule              
backmetal1_nofill_Acute                                                         
2026-08-16 00:23:55 +0200: Memory Usage (483168K) : Executing rule              
backmetal1_slit_Acute                                                           
2026-08-16 00:23:55 +0200: Memory Usage (483168K) : Executing rule              
backmetal1_opc_Acute                                                            
2026-08-16 00:23:55 +0200: Memory Usage (483168K) : Executing rule              
backmetal1_noqrc_Acute                                                          
2026-08-16 00:23:55 +0200: Memory Usage (483168K) : Executing rule              
backmetal1_res_Acute                                                            
2026-08-16 00:23:55 +0200: Memory Usage (483168K) : Executing rule              
backmetal1_iprobe_Acute                                                         
2026-08-16 00:23:55 +0200: Memory Usage (483168K) : Executing rule              
backmetal1_diffprb_Acute                                                        
2026-08-16 00:23:55 +0200: Memory Usage (483296K) : Executing rule              
backpassiv_drw_Acute                                                            
2026-08-16 00:23:55 +0200: Memory Usage (483296K) : Executing rule              
salblock_drw_Acute                                                              
2026-08-16 00:23:55 +0200: Memory Usage (483296K) : Executing rule              
via2_drw_Acute                                                                  
2026-08-16 00:23:55 +0200: Memory Usage (483296K) : Executing rule              
metal3_drw_Acute                                                                
2026-08-16 00:23:55 +0200: Memory Usage (483296K) : Executing rule              
metal3_pin_Acute                                                                
2026-08-16 00:23:55 +0200: Memory Usage (483296K) : Executing rule              
metal3_mask_Acute                                                               
2026-08-16 00:23:55 +0200: Memory Usage (483296K) : Executing rule              
metal3_filler_Acute                                                             
2026-08-16 00:23:55 +0200: Memory Usage (483296K) : Executing rule              
metal3_nofill_Acute                                                             
2026-08-16 00:23:55 +0200: Memory Usage (483296K) : Executing rule              
metal3_slit_Acute                                                               
2026-08-16 00:23:55 +0200: Memory Usage (483296K) : Executing rule              
metal3_opc_Acute                                                                
2026-08-16 00:23:55 +0200: Memory Usage (483296K) : Executing rule              
metal3_noqrc_Acute                                                              
2026-08-16 00:23:55 +0200: Memory Usage (483296K) : Executing rule              
metal3_res_Acute                                                                
2026-08-16 00:23:55 +0200: Memory Usage (483296K) : Executing rule              
metal3_iprobe_Acute                                                             
2026-08-16 00:23:55 +0200: Memory Usage (483296K) : Executing rule              
metal3_diffprb_Acute                                                            
2026-08-16 00:23:55 +0200: Memory Usage (483296K) : Executing rule              
nwell_drw_Acute                                                                 
2026-08-16 00:23:55 +0200: Memory Usage (483296K) : Executing rule              
nwell_pin_Acute                                                                 
2026-08-16 00:23:55 +0200: Memory Usage (483296K) : Executing rule              
nbulay_drw_Acute                                                                
2026-08-16 00:23:55 +0200: Memory Usage (483296K) : Executing rule              
nbulay_pin_Acute                                                                
2026-08-16 00:23:55 +0200: Memory Usage (483296K) : Executing rule              
nbulay_block_Acute                                                              
2026-08-16 00:23:55 +0200: Memory Usage (483296K) : Executing rule              
pwell_drw_Acute                                                                 
2026-08-16 00:23:55 +0200: Memory Usage (483296K) : Executing rule              
pwell_pin_Acute                                                                 
2026-08-16 00:23:55 +0200: Memory Usage (483296K) : Executing rule              
pwell_block_Acute                                                               
2026-08-16 00:23:55 +0200: Memory Usage (483296K) : Executing rule              
emwind_drw_Acute                                                                
2026-08-16 00:23:55 +0200: Memory Usage (483296K) : Executing rule              
emwind_opc_Acute                                                                
2026-08-16 00:23:55 +0200: Memory Usage (483296K) : Executing rule              
deepco_drw_Acute                                                                
2026-08-16 00:23:55 +0200: Memory Usage (483296K) : Executing rule mim_drw_Acute
2026-08-16 00:23:55 +0200: Memory Usage (483296K) : Executing rule              
substrate_drw_Acute                                                             
2026-08-16 00:23:55 +0200: Memory Usage (483296K) : Executing rule ic_drw_Acute 
2026-08-16 00:23:55 +0200: Memory Usage (483296K) : Executing rule              
via3_drw_Acute                                                                  
2026-08-16 00:23:55 +0200: Memory Usage (483296K) : Executing rule              
pldb_drw_Acute                                                                  
2026-08-16 00:23:55 +0200: Memory Usage (483296K) : Executing rule              
metal4_drw_Acute                                                                
2026-08-16 00:23:55 +0200: Memory Usage (483296K) : Executing rule              
metal4_pin_Acute                                                                
2026-08-16 00:23:55 +0200: Memory Usage (483296K) : Executing rule              
metal4_mask_Acute                                                               
2026-08-16 00:23:55 +0200: Memory Usage (483296K) : Executing rule              
metal4_filler_Acute                                                             
2026-08-16 00:23:55 +0200: Memory Usage (483296K) : Executing rule              
metal4_nofill_Acute                                                             
2026-08-16 00:23:55 +0200: Memory Usage (483296K) : Executing rule              
metal4_slit_Acute                                                               
2026-08-16 00:23:55 +0200: Memory Usage (483296K) : Executing rule              
metal4_opc_Acute                                                                
2026-08-16 00:23:55 +0200: Memory Usage (483296K) : Executing rule              
metal4_noqrc_Acute                                                              
2026-08-16 00:23:55 +0200: Memory Usage (483296K) : Executing rule              
metal4_res_Acute                                                                
2026-08-16 00:23:55 +0200: Memory Usage (483296K) : Executing rule              
metal4_iprobe_Acute                                                             
2026-08-16 00:23:55 +0200: Memory Usage (483296K) : Executing rule              
metal4_diffprb_Acute                                                            
2026-08-16 00:23:55 +0200: Memory Usage (483296K) : Executing rule              
via4_drw_Acute                                                                  
2026-08-16 00:23:55 +0200: Memory Usage (483296K) : Executing rule              
metal5_drw_Acute                                                                
2026-08-16 00:23:55 +0200: Memory Usage (483296K) : Executing rule              
metal5_pin_Acute                                                                
2026-08-16 00:23:55 +0200: Memory Usage (483296K) : Executing rule              
metal5_mask_Acute                                                               
2026-08-16 00:23:55 +0200: Memory Usage (483296K) : Executing rule              
metal5_filler_Acute                                                             
2026-08-16 00:23:55 +0200: Memory Usage (483296K) : Executing rule              
metal5_nofill_Acute                                                             
2026-08-16 00:23:55 +0200: Memory Usage (483296K) : Executing rule              
metal5_slit_Acute                                                               
2026-08-16 00:23:55 +0200: Memory Usage (483296K) : Executing rule              
metal5_opc_Acute                                                                
2026-08-16 00:23:55 +0200: Memory Usage (483296K) : Executing rule              
metal5_noqrc_Acute                                                              
2026-08-16 00:23:56 +0200: Memory Usage (483296K) : Executing rule              
metal5_res_Acute                                                                
2026-08-16 00:23:56 +0200: Memory Usage (483296K) : Executing rule              
metal5_iprobe_Acute                                                             
2026-08-16 00:23:56 +0200: Memory Usage (483296K) : Executing rule              
metal5_diffprb_Acute                                                            
2026-08-16 00:23:56 +0200: Memory Usage (483296K) : Executing rule              
prboundary_drw_Acute                                                            
2026-08-16 00:23:56 +0200: Memory Usage (483296K) : Executing rule              
exchange0_drw_Acute                                                             
2026-08-16 00:23:56 +0200: Memory Usage (483296K) : Executing rule              
exchange0_pin_Acute                                                             
2026-08-16 00:23:56 +0200: Memory Usage (483296K) : Executing rule              
exchange1_drw_Acute                                                             
2026-08-16 00:23:56 +0200: Memory Usage (483296K) : Executing rule              
exchange1_pin_Acute                                                             
2026-08-16 00:23:56 +0200: Memory Usage (483296K) : Executing rule              
exchange2_drw_Acute                                                             
2026-08-16 00:23:56 +0200: Memory Usage (483296K) : Executing rule              
exchange2_pin_Acute                                                             
2026-08-16 00:23:56 +0200: Memory Usage (483296K) : Executing rule              
exchange3_drw_Acute                                                             
2026-08-16 00:23:56 +0200: Memory Usage (483296K) : Executing rule              
exchange3_pin_Acute                                                             
2026-08-16 00:23:56 +0200: Memory Usage (483296K) : Executing rule              
exchange4_drw_Acute                                                             
2026-08-16 00:23:56 +0200: Memory Usage (483296K) : Executing rule              
exchange4_pin_Acute                                                             
2026-08-16 00:23:56 +0200: Memory Usage (483296K) : Executing rule              
isonwell_drw_Acute                                                              
2026-08-16 00:23:56 +0200: Memory Usage (483296K) : Executing rule              
thickgateox_drw_Acute                                                           
2026-08-16 00:23:56 +0200: Memory Usage (483296K) : Executing rule              
pempoly_drw_Acute                                                               
2026-08-16 00:23:56 +0200: Memory Usage (483424K) : Executing rule fbe_drw_Acute
2026-08-16 00:23:56 +0200: Memory Usage (483424K) : Executing rule              
empoly_drw_Acute                                                                
2026-08-16 00:23:56 +0200: Memory Usage (483424K) : Executing rule              
ldmos_drw_Acute                                                                 
2026-08-16 00:23:56 +0200: Memory Usage (483424K) : Executing rule              
pbiwind_drw_Acute                                                               
2026-08-16 00:23:56 +0200: Memory Usage (483424K) : Executing rule              
colopen_drw_Acute                                                               
2026-08-16 00:23:56 +0200: Memory Usage (483424K) : Executing rule              
extblock_drw_Acute                                                              
2026-08-16 00:23:56 +0200: Memory Usage (483424K) : Executing rule              
nldd_drw_Acute                                                                  
2026-08-16 00:23:56 +0200: Memory Usage (483424K) : Executing rule              
pldd_drw_Acute                                                                  
2026-08-16 00:23:56 +0200: Memory Usage (483424K) : Executing rule              
next_drw_Acute                                                                  
2026-08-16 00:23:56 +0200: Memory Usage (483424K) : Executing rule              
pext_drw_Acute                                                                  
2026-08-16 00:23:56 +0200: Memory Usage (483424K) : Executing rule              
nexthv_drw_Acute                                                                
2026-08-16 00:23:56 +0200: Memory Usage (483424K) : Executing rule              
pexthv_drw_Acute                                                                
2026-08-16 00:23:56 +0200: Memory Usage (483424K) : Executing rule              
graphgate_drw_Acute                                                             
2026-08-16 00:23:56 +0200: Memory Usage (483424K) : Executing rule              
mempad_drw_Acute                                                                
2026-08-16 00:23:56 +0200: Memory Usage (483424K) : Executing rule              
topvia1_drw_Acute                                                               
2026-08-16 00:23:56 +0200: Memory Usage (483424K) : Executing rule              
topmetal1_drw_Acute                                                             
2026-08-16 00:23:56 +0200: Memory Usage (483424K) : Executing rule              
topmetal1_pin_Acute                                                             
2026-08-16 00:23:56 +0200: Memory Usage (483424K) : Executing rule              
topmetal1_mask_Acute                                                            
2026-08-16 00:23:56 +0200: Memory Usage (483424K) : Executing rule              
topmetal1_filler_Acute                                                          
2026-08-16 00:23:56 +0200: Memory Usage (483424K) : Executing rule              
topmetal1_nofill_Acute                                                          
2026-08-16 00:23:56 +0200: Memory Usage (483424K) : Executing rule              
topmetal1_slit_Acute                                                            
2026-08-16 00:23:56 +0200: Memory Usage (483424K) : Executing rule              
topmetal1_noqrc_Acute                                                           
2026-08-16 00:23:56 +0200: Memory Usage (483424K) : Executing rule              
topmetal1_res_Acute                                                             
2026-08-16 00:23:56 +0200: Memory Usage (483424K) : Executing rule              
topmetal1_iprobe_Acute                                                          
2026-08-16 00:23:56 +0200: Memory Usage (483424K) : Executing rule              
topmetal1_diffprb_Acute                                                         
2026-08-16 00:23:56 +0200: Memory Usage (483424K) : Executing rule              
inldpwl_drw_Acute                                                               
2026-08-16 00:23:56 +0200: Memory Usage (483424K) : Executing rule              
polyres_drw_Acute                                                               
2026-08-16 00:23:56 +0200: Memory Usage (483424K) : Executing rule              
polyres_pin_Acute                                                               
2026-08-16 00:23:56 +0200: Memory Usage (483424K) : Executing rule              
vmim_drw_Acute                                                                  
2026-08-16 00:23:56 +0200: Memory Usage (483424K) : Executing rule              
nbulaycut_drw_Acute                                                             
2026-08-16 00:23:56 +0200: Memory Usage (483424K) : Executing rule              
antmetal1_drw_Acute                                                             
2026-08-16 00:23:56 +0200: Memory Usage (483424K) : Executing rule              
topvia2_drw_Acute                                                               
2026-08-16 00:23:56 +0200: Memory Usage (483424K) : Executing rule              
topmetal2_drw_Acute                                                             
2026-08-16 00:23:56 +0200: Memory Usage (483424K) : Executing rule              
topmetal2_pin_Acute                                                             
2026-08-16 00:23:56 +0200: Memory Usage (483424K) : Executing rule              
topmetal2_mask_Acute                                                            
2026-08-16 00:23:56 +0200: Memory Usage (483424K) : Executing rule              
topmetal2_filler_Acute                                                          
2026-08-16 00:23:56 +0200: Memory Usage (483424K) : Executing rule              
topmetal2_nofill_Acute                                                          
2026-08-16 00:23:56 +0200: Memory Usage (483424K) : Executing rule              
topmetal2_slit_Acute                                                            
2026-08-16 00:23:56 +0200: Memory Usage (483424K) : Executing rule              
topmetal2_noqrc_Acute                                                           
2026-08-16 00:23:56 +0200: Memory Usage (483424K) : Executing rule              
topmetal2_res_Acute                                                             
2026-08-16 00:23:56 +0200: Memory Usage (483424K) : Executing rule              
topmetal2_iprobe_Acute                                                          
2026-08-16 00:23:56 +0200: Memory Usage (483424K) : Executing rule              
topmetal2_diffprb_Acute                                                         
2026-08-16 00:23:56 +0200: Memory Usage (483424K) : Executing rule              
snsring_drw_Acute                                                               
2026-08-16 00:23:56 +0200: Memory Usage (483424K) : Executing rule              
sensor_drw_Acute                                                                
2026-08-16 00:23:56 +0200: Memory Usage (483424K) : Executing rule              
snsarms_drw_Acute                                                               
2026-08-16 00:23:56 +0200: Memory Usage (483424K) : Executing rule              
snscmosvia_drw_Acute                                                            
2026-08-16 00:23:56 +0200: Memory Usage (483424K) : Executing rule              
colwind_drw_Acute                                                               
2026-08-16 00:23:56 +0200: Memory Usage (483424K) : Executing rule flm_drw_Acute
2026-08-16 00:23:56 +0200: Memory Usage (483424K) : Executing rule              
hafniumox_drw_Acute                                                             
2026-08-16 00:23:56 +0200: Memory Usage (483424K) : Executing rule              
memvia_drw_Acute                                                                
2026-08-16 00:23:56 +0200: Memory Usage (483424K) : Executing rule              
thinfilmres_drw_Acute                                                           
2026-08-16 00:23:56 +0200: Memory Usage (483424K) : Executing rule              
rfmem_drw_Acute                                                                 
2026-08-16 00:23:56 +0200: Memory Usage (483424K) : Executing rule              
snsbotvia_drw_Acute                                                             
2026-08-16 00:23:56 +0200: Memory Usage (483424K) : Executing rule              
snstopvia_drw_Acute                                                             
2026-08-16 00:23:56 +0200: Memory Usage (483424K) : Executing rule              
deepvia_drw_Acute                                                               
2026-08-16 00:23:56 +0200: Memory Usage (483424K) : Executing rule              
fgetch_drw_Acute                                                                
2026-08-16 00:23:56 +0200: Memory Usage (483424K) : Executing rule              
ctrgat_drw_Acute                                                                
2026-08-16 00:23:56 +0200: Memory Usage (483424K) : Executing rule              
fgimp_drw_Acute                                                                 
2026-08-16 00:23:56 +0200: Memory Usage (483424K) : Executing rule              
emwihv_drw_Acute                                                                
2026-08-16 00:23:56 +0200: Memory Usage (483424K) : Executing rule lbe_drw_Acute
2026-08-16 00:23:56 +0200: Memory Usage (483424K) : Executing rule              
alcustop_drw_Acute                                                              
2026-08-16 00:23:56 +0200: Memory Usage (483424K) : Executing rule              
cont_drw_Angle90                                                                
2026-08-16 00:23:57 +0200: Memory Usage (483808K) : Executing rule              
via1_drw_Angle90                                                                
2026-08-16 00:23:57 +0200: Memory Usage (483808K) : Executing rule              
via2_drw_Angle90                                                                
2026-08-16 00:23:57 +0200: Memory Usage (483936K) : Executing rule              
via3_drw_Angle90                                                                
2026-08-16 00:23:57 +0200: Memory Usage (483800K) : Executing rule              
via4_drw_Angle90                                                                
2026-08-16 00:23:57 +0200: Memory Usage (483800K) : Executing rule              
vmim_drw_Angle90                                                                
2026-08-16 00:23:57 +0200: Memory Usage (483800K) : Executing rule              
topvia1_drw_Angle90                                                             
2026-08-16 00:23:57 +0200: Memory Usage (483796K) : Executing rule              
topvia2_drw_Angle90                                                             
2026-08-16 00:23:57 +0200: Memory Usage (483796K) : Executing rule              
gatpoly_drw_Angle45                                                             
2026-08-16 00:23:57 +0200: Memory Usage (483796K) : Executing rule              
activ_drw_Angle45                                                               
2026-08-16 00:23:57 +0200: Memory Usage (483796K) : Executing rule              
metal1_drw_Angle45                                                              
2026-08-16 00:23:58 +0200: Memory Usage (484564K) : Executing rule              
metal2_drw_Angle45                                                              
2026-08-16 00:23:58 +0200: Memory Usage (486984K) : Executing rule              
metal3_drw_Angle45                                                              
2026-08-16 00:23:58 +0200: Memory Usage (487112K) : Executing rule              
metal4_drw_Angle45                                                              
2026-08-16 00:23:58 +0200: Memory Usage (487240K) : Executing rule              
metal5_drw_Angle45                                                              
2026-08-16 00:23:58 +0200: Memory Usage (487240K) : Executing rule              
topmetal1_drw_Angle45                                                           
2026-08-16 00:23:58 +0200: Memory Usage (487240K) : Executing rule              
topmetal2_drw_Angle45                                                           
2026-08-16 00:23:58 +0200: Memory Usage (487240K) : Starting 3.2. FORBIDDEN     
table                                                                           
2026-08-16 00:23:58 +0200: Memory Usage (487240K) : Executing rule              
forbidden.biwind                                                                
2026-08-16 00:23:58 +0200: Memory Usage (487240K) : Executing rule              
forbidden.pemwind                                                               
2026-08-16 00:23:58 +0200: Memory Usage (487240K) : Executing rule              
forbidden.baspoly                                                               
2026-08-16 00:23:58 +0200: Memory Usage (487240K) : Executing rule              
forbidden.deepco                                                                
2026-08-16 00:23:58 +0200: Memory Usage (487240K) : Executing rule              
forbidden.pempoly                                                               
2026-08-16 00:23:58 +0200: Memory Usage (487240K) : Executing rule              
forbidden.empoly                                                                
2026-08-16 00:23:58 +0200: Memory Usage (487240K) : Executing rule              
forbidden.ldmos                                                                 
2026-08-16 00:23:58 +0200: Memory Usage (487240K) : Executing rule              
forbidden.pbiwind                                                               
2026-08-16 00:23:58 +0200: Memory Usage (487240K) : Executing rule              
forbidden.nodrc                                                                 
2026-08-16 00:23:58 +0200: Memory Usage (487240K) : Executing rule              
forbidden.flash                                                                 
2026-08-16 00:23:58 +0200: Memory Usage (487240K) : Executing rule              
forbidden.colwind                                                               
2026-08-16 00:23:58 +0200: Memory Usage (487240K) : KLayout DRC run for tables  
'main' completed in 11.29 seconds                                               
[00:23:58] VERBOSE  Logging subprocess to                           step.py:1338
                    'runs/RUN_2026-08-16_00-21-01/65-klayout-drc/xm             
                    l_drc_report_to_json.log'…                                  
────────────────────────── Magic Design Rule Checker ───────────────────────────
[00:23:59] VERBOSE  Running 'Checker.MagicDRC' at                   step.py:1138
                    'runs/RUN_2026-08-16_00-21-01/66-checker-magicd             
                    rc'…                                                        
[00:23:59] INFO     Check for Magic DRC errors clear.             checker.py:131
───────────────────────── KLayout Design Rule Checker ──────────────────────────
[00:23:59] VERBOSE  Running 'Checker.KLayoutDRC' at                 step.py:1138
                    'runs/RUN_2026-08-16_00-21-01/67-checker-klayou             
                    tdrc'…                                                      
[00:23:59] INFO     Check for KLayout DRC errors clear.           checker.py:131
──────────────────────────── SPICE Model Extraction ────────────────────────────
[00:23:59] VERBOSE  Running 'Magic.SpiceExtraction' at              step.py:1138
                    'runs/RUN_2026-08-16_00-21-01/68-magic-spiceext             
                    raction'…                                                   
[00:23:59] VERBOSE  Logging subprocess to                           step.py:1338
                    'runs/RUN_2026-08-16_00-21-01/68-magic-spiceext             
                    raction/magic-spiceextraction.log'…                         
                                                                                
Magic 8.3 revision 678 - Compiled on Mon Jul 27 09:07:23 PM CEST 2026.          
Starting magic under Tcl interpreter                                            
Using the terminal as the console.                                              
Using NULL graphics device.                                                     
Processing system .magicrc file                                                 
Switching to WIRING tool.                                                       
Switching to NETLIST tool.                                                      
Switching to PICK tool.                                                         
Switching to BOX tool.                                                          
Sourcing design .magicrc for technology ihp-sg13g2 ...                          
2 Magic internal units = 1 Lambda                                               
Input style sg13g2(): scaleFactor=2, multiplier=2                               
The following types are not handled by extraction and will be treated as        
non-electrical types:                                                           
    pblock sealcont difffill nemitter hvnemitter hvisodiffres sealvia1 sealvia2 
sealvia3 sealvia4 sealvia5 sealvia6 pillar solder seal glass thruvia inductor   
Scaled tech values by 2 / 1 to match internal grid scaling                      
Loading ihp-sg13g2 Device Generator Menu ...                                    
Loading                                                                         
"/usr/local/lib/python3.12/dist-packages/librelane/scripts/magic/wrapper.tcl"   
from command line.                                                              
> lef read /foss/pdks/ihp-sg13g2/libs.ref/sg13g2_stdcell/lef/sg13g2_tech.lef    
Reading LEF data from file                                                      
/foss/pdks/ihp-sg13g2/libs.ref/sg13g2_stdcell/lef/sg13g2_tech.lef.              
This action cannot be undone.                                                   
LEF read, Line 79 (Message): Unknown keyword "MAXIMUMDENSITY" in LEF file;      
ignoring.                                                                       
LEF read, Line 80 (Message): Unknown keyword "DENSITYCHECKSTEP" in LEF file;    
ignoring.                                                                       
LEF read, Line 81 (Message): Unknown keyword "DENSITYCHECKWINDOW" in LEF file;  
ignoring.                                                                       
LEF read, Line 87 (Message): Unknown keyword "MINIMUMCUT" in LEF file; ignoring.
LEF read, Line 91 (Message): Unknown keyword "ANTENNACUMAREARATIO" in LEF file; 
ignoring.                                                                       
LEF read, Line 92 (Message): Unknown keyword "ANTENNACUMDIFFAREARATIO" in LEF   
file; ignoring.                                                                 
LEF read, Line 121 (Message): Unknown keyword "MAXIMUMDENSITY" in LEF file;     
ignoring.                                                                       
LEF read, Line 122 (Message): Unknown keyword "DENSITYCHECKSTEP" in LEF file;   
ignoring.                                                                       
LEF read, Line 123 (Message): Unknown keyword "DENSITYCHECKWINDOW" in LEF file; 
ignoring.                                                                       
LEF read, Line 129 (Message): Unknown keyword "MINIMUMCUT" in LEF file;         
ignoring.                                                                       
LEF read, Line 134 (Message): Unknown keyword "ANTENNACUMAREARATIO" in LEF file;
ignoring.                                                                       
LEF read, Line 135 (Message): Unknown keyword "ANTENNACUMDIFFAREARATIO" in LEF  
file; ignoring.                                                                 
LEF read, Line 162 (Message): Unknown keyword "MAXIMUMDENSITY" in LEF file;     
ignoring.                                                                       
LEF read, Line 163 (Message): Unknown keyword "DENSITYCHECKSTEP" in LEF file;   
ignoring.                                                                       
LEF read, Line 164 (Message): Unknown keyword "DENSITYCHECKWINDOW" in LEF file; 
ignoring.                                                                       
LEF read, Line 170 (Message): Unknown keyword "MINIMUMCUT" in LEF file;         
ignoring.                                                                       
LEF read, Line 175 (Message): Unknown keyword "ANTENNACUMAREARATIO" in LEF file;
ignoring.                                                                       
LEF read, Line 176 (Message): Unknown keyword "ANTENNACUMDIFFAREARATIO" in LEF  
file; ignoring.                                                                 
LEF read, Line 204 (Message): Unknown keyword "MAXIMUMDENSITY" in LEF file;     
ignoring.                                                                       
LEF read, Line 205 (Message): Unknown keyword "DENSITYCHECKSTEP" in LEF file;   
ignoring.                                                                       
LEF read, Line 206 (Message): Unknown keyword "DENSITYCHECKWINDOW" in LEF file; 
ignoring.                                                                       
LEF read, Line 212 (Message): Unknown keyword "MINIMUMCUT" in LEF file;         
ignoring.                                                                       
LEF read, Line 217 (Message): Unknown keyword "ANTENNACUMAREARATIO" in LEF file;
ignoring.                                                                       
LEF read, Line 218 (Message): Unknown keyword "ANTENNACUMDIFFAREARATIO" in LEF  
file; ignoring.                                                                 
LEF read, Line 245 (Message): Unknown keyword "MAXIMUMDENSITY" in LEF file;     
ignoring.                                                                       
LEF read, Line 246 (Message): Unknown keyword "DENSITYCHECKSTEP" in LEF file;   
ignoring.                                                                       
LEF read, Line 247 (Message): Unknown keyword "DENSITYCHECKWINDOW" in LEF file; 
ignoring.                                                                       
LEF read, Line 253 (Message): Unknown keyword "MINIMUMCUT" in LEF file;         
ignoring.                                                                       
LEF read, Line 258 (Message): Unknown keyword "ANTENNACUMAREARATIO" in LEF file;
ignoring.                                                                       
LEF read, Line 259 (Message): Unknown keyword "ANTENNACUMDIFFAREARATIO" in LEF  
file; ignoring.                                                                 
LEF read, Line 285 (Message): Unknown keyword "MAXIMUMDENSITY" in LEF file;     
ignoring.                                                                       
LEF read, Line 286 (Message): Unknown keyword "DENSITYCHECKSTEP" in LEF file;   
ignoring.                                                                       
LEF read, Line 287 (Message): Unknown keyword "DENSITYCHECKWINDOW" in LEF file; 
ignoring.                                                                       
LEF read, Line 292 (Message): Unknown keyword "ANTENNACUMAREARATIO" in LEF file;
ignoring.                                                                       
LEF read, Line 293 (Message): Unknown keyword "ANTENNACUMDIFFAREARATIO" in LEF  
file; ignoring.                                                                 
LEF read, Line 319 (Message): Unknown keyword "MAXIMUMDENSITY" in LEF file;     
ignoring.                                                                       
LEF read, Line 320 (Message): Unknown keyword "DENSITYCHECKSTEP" in LEF file;   
ignoring.                                                                       
LEF read, Line 321 (Message): Unknown keyword "DENSITYCHECKWINDOW" in LEF file; 
ignoring.                                                                       
LEF read, Line 330 (Message): Unknown keyword "ANTENNACUMAREARATIO" in LEF file;
ignoring.                                                                       
LEF read, Line 331 (Message): Unknown keyword "ANTENNACUMDIFFAREARATIO" in LEF  
file; ignoring.                                                                 
LEF read: Processed 1200 lines.                                                 
> lef read /foss/pdks/ihp-sg13g2/libs.ref/sg13g2_stdcell/lef/sg13g2_stdcell.lef 
Reading LEF data from file                                                      
/foss/pdks/ihp-sg13g2/libs.ref/sg13g2_stdcell/lef/sg13g2_stdcell.lef.           
This action cannot be undone.                                                   
LEF read, Line 6473 (Message): Unknown keyword "ANTENNAMAXCUTCAR" in LEF file;  
ignoring.                                                                       
LEF read: Processed 7927 lines.                                                 
> lef read /foss/pdks/ihp-sg13g2/libs.ref/sg13g2_io/lef/sg13g2_io.lef           
Reading LEF data from file                                                      
/foss/pdks/ihp-sg13g2/libs.ref/sg13g2_io/lef/sg13g2_io.lef.                     
This action cannot be undone.                                                   
LEF read: Processed 4552 lines.                                                 
> def read                                                                      
/foss/designs/sar-adc/logic/runs/RUN_2026-08-16_00-21-01/53-odb-cellfrequencytab
les/sar_ctrl.def -noblockage                                                    
Reading DEF data from file                                                      
/foss/designs/sar-adc/logic/runs/RUN_2026-08-16_00-21-01/53-odb-cellfrequencytab
les/sar_ctrl.def.                                                               
This action cannot be undone.                                                   
  Processed 5 vias total.                                                       
  Processed 1 non-default rules total.                                          
  Processed 301 subcell instances total.                                        
  Processed 36 pins total.                                                      
  Processed 2 special nets total.                                               
  Processed 209 nets total.                                                     
DEF read: Processed 3891 lines.                                                 
> spice read                                                                    
/foss/pdks/ihp-sg13g2/libs.ref/sg13g2_stdcell/spice/sg13g2_stdcell.spice        
Annotating port orders from                                                     
/foss/pdks/ihp-sg13g2/libs.ref/sg13g2_stdcell/spice/sg13g2_stdcell.spice        
Annotating cell sg13g2_a21o_1                                                   
Cell sg13g2_a21o_1 port order was modified.                                     
Annotating cell sg13g2_a21o_2                                                   
Cell sg13g2_a21o_2 port order was modified.                                     
Annotating cell sg13g2_a21oi_1                                                  
Cell sg13g2_a21oi_1 port order was modified.                                    
Annotating cell sg13g2_a21oi_2                                                  
Cell sg13g2_a21oi_2 port order was modified.                                    
Annotating cell sg13g2_a221oi_1                                                 
Cell sg13g2_a221oi_1 port order was modified.                                   
Annotating cell sg13g2_and2_1                                                   
Cell sg13g2_and2_1 port order was modified.                                     
Annotating cell sg13g2_and2_2                                                   
Cell sg13g2_and2_2 port order was modified.                                     
Annotating cell sg13g2_and3_1                                                   
Cell sg13g2_and3_1 port order was modified.                                     
Annotating cell sg13g2_and3_2                                                   
Cell sg13g2_and3_2 port order was modified.                                     
Annotating cell sg13g2_and4_1                                                   
Cell sg13g2_and4_1 port order was modified.                                     
Annotating cell sg13g2_and4_2                                                   
Cell sg13g2_and4_2 port order was modified.                                     
Annotating cell sg13g2_antennanp                                                
Cell sg13g2_antennanp port order was modified.                                  
Annotating cell sg13g2_buf_1                                                    
Cell sg13g2_buf_1 port order was modified.                                      
Annotating cell sg13g2_buf_16                                                   
Cell sg13g2_buf_16 port order was modified.                                     
Annotating cell sg13g2_buf_2                                                    
Cell sg13g2_buf_2 port order was modified.                                      
Annotating cell sg13g2_buf_4                                                    
Cell sg13g2_buf_4 port order was modified.                                      
Annotating cell sg13g2_buf_8                                                    
Cell sg13g2_buf_8 port order was modified.                                      
Annotating cell sg13g2_decap_4                                                  
Cell sg13g2_decap_4 port order was modified.                                    
Annotating cell sg13g2_decap_8                                                  
Cell sg13g2_decap_8 port order was modified.                                    
Annotating cell sg13g2_dfrbp_1                                                  
Cell sg13g2_dfrbp_1 port order was modified.                                    
Annotating cell sg13g2_dfrbp_2                                                  
Cell sg13g2_dfrbp_2 port order was modified.                                    
Annotating cell sg13g2_dlhq_1                                                   
Cell sg13g2_dlhq_1 port order was modified.                                     
Annotating cell sg13g2_dlhr_1                                                   
Cell sg13g2_dlhr_1 port order was modified.                                     
Annotating cell sg13g2_dlhrq_1                                                  
Cell sg13g2_dlhrq_1 port order was modified.                                    
Annotating cell sg13g2_dllr_1                                                   
Cell sg13g2_dllr_1 port order was modified.                                     
Annotating cell sg13g2_dllrq_1                                                  
Cell sg13g2_dllrq_1 port order was modified.                                    
Annotating cell sg13g2_dlygate4sd1_1                                            
Cell sg13g2_dlygate4sd1_1 port order was modified.                              
Annotating cell sg13g2_dlygate4sd2_1                                            
Cell sg13g2_dlygate4sd2_1 port order was modified.                              
Annotating cell sg13g2_dlygate4sd3_1                                            
Cell sg13g2_dlygate4sd3_1 port order was modified.                              
Annotating cell sg13g2_ebufn_2                                                  
Cell sg13g2_ebufn_2 port order was modified.                                    
Annotating cell sg13g2_ebufn_4                                                  
Cell sg13g2_ebufn_4 port order was modified.                                    
Annotating cell sg13g2_ebufn_8                                                  
Cell sg13g2_ebufn_8 port order was modified.                                    
Annotating cell sg13g2_einvn_2                                                  
Cell sg13g2_einvn_2 port order was modified.                                    
Annotating cell sg13g2_einvn_4                                                  
Cell sg13g2_einvn_4 port order was modified.                                    
Annotating cell sg13g2_einvn_8                                                  
Cell sg13g2_einvn_8 port order was modified.                                    
Annotating cell sg13g2_inv_1                                                    
Cell sg13g2_inv_1 port order was modified.                                      
Annotating cell sg13g2_inv_16                                                   
Cell sg13g2_inv_16 port order was modified.                                     
Annotating cell sg13g2_inv_2                                                    
Cell sg13g2_inv_2 port order was modified.                                      
Annotating cell sg13g2_inv_4                                                    
Cell sg13g2_inv_4 port order was modified.                                      
Annotating cell sg13g2_inv_8                                                    
Cell sg13g2_inv_8 port order was modified.                                      
Annotating cell sg13g2_lgcp_1                                                   
Cell sg13g2_lgcp_1 port order was modified.                                     
Annotating cell sg13g2_mux2_1                                                   
Cell sg13g2_mux2_1 port order was modified.                                     
Annotating cell sg13g2_mux2_2                                                   
Cell sg13g2_mux2_2 port order was modified.                                     
Annotating cell sg13g2_mux4_1                                                   
Cell sg13g2_mux4_1 port order was modified.                                     
Annotating cell sg13g2_nand2_1                                                  
Cell sg13g2_nand2_1 port order was modified.                                    
Annotating cell sg13g2_nand2_2                                                  
Cell sg13g2_nand2_2 port order was modified.                                    
Annotating cell sg13g2_nand2b_1                                                 
Cell sg13g2_nand2b_1 port order was modified.                                   
Annotating cell sg13g2_nand2b_2                                                 
Cell sg13g2_nand2b_2 port order was modified.                                   
Annotating cell sg13g2_nand3_1                                                  
Cell sg13g2_nand3_1 port order was modified.                                    
Annotating cell sg13g2_nand3b_1                                                 
Cell sg13g2_nand3b_1 port order was modified.                                   
Annotating cell sg13g2_nand4_1                                                  
Cell sg13g2_nand4_1 port order was modified.                                    
Annotating cell sg13g2_nor2_1                                                   
Cell sg13g2_nor2_1 port order was modified.                                     
Annotating cell sg13g2_nor2_2                                                   
Cell sg13g2_nor2_2 port order was modified.                                     
Annotating cell sg13g2_nor2b_1                                                  
Cell sg13g2_nor2b_1 port order was modified.                                    
Annotating cell sg13g2_nor2b_2                                                  
Cell sg13g2_nor2b_2 port order was modified.                                    
Annotating cell sg13g2_nor3_1                                                   
Cell sg13g2_nor3_1 port order was modified.                                     
Annotating cell sg13g2_nor3_2                                                   
Cell sg13g2_nor3_2 port order was modified.                                     
Annotating cell sg13g2_nor4_1                                                   
Cell sg13g2_nor4_1 port order was modified.                                     
Annotating cell sg13g2_nor4_2                                                   
Cell sg13g2_nor4_2 port order was modified.                                     
Annotating cell sg13g2_o21ai_1                                                  
Cell sg13g2_o21ai_1 port order was modified.                                    
Annotating cell sg13g2_or2_1                                                    
Cell sg13g2_or2_1 port order was modified.                                      
Annotating cell sg13g2_or2_2                                                    
Cell sg13g2_or2_2 port order was modified.                                      
Annotating cell sg13g2_or3_1                                                    
Cell sg13g2_or3_1 port order was modified.                                      
Annotating cell sg13g2_or3_2                                                    
Cell sg13g2_or3_2 port order was modified.                                      
Annotating cell sg13g2_or4_1                                                    
Cell sg13g2_or4_1 port order was modified.                                      
Annotating cell sg13g2_or4_2                                                    
Cell sg13g2_or4_2 port order was modified.                                      
Annotating cell sg13g2_sdfbbp_1                                                 
Cell sg13g2_sdfbbp_1 port order was modified.                                   
Annotating cell sg13g2_sighold                                                  
Cell sg13g2_sighold port order was modified.                                    
Annotating cell sg13g2_slgcp_1                                                  
Cell sg13g2_slgcp_1 port order was modified.                                    
Annotating cell sg13g2_tiehi                                                    
Cell sg13g2_tiehi port order was modified.                                      
Annotating cell sg13g2_tielo                                                    
Cell sg13g2_tielo port order was modified.                                      
Annotating cell sg13g2_xnor2_1                                                  
Cell sg13g2_xnor2_1 port order was modified.                                    
Annotating cell sg13g2_xor2_1                                                   
Cell sg13g2_xor2_1 port order was modified.                                     
Annotating cell sg13g2_a22oi_1                                                  
Cell sg13g2_a22oi_1 port order was modified.                                    
Annotating cell sg13g2_sdfrbpq_1                                                
Cell sg13g2_sdfrbpq_1 port order was modified.                                  
Annotating cell sg13g2_sdfrbpq_2                                                
Cell sg13g2_sdfrbpq_2 port order was modified.                                  
Annotating cell sg13g2_sdfrbp_2                                                 
Cell sg13g2_sdfrbp_2 port order was modified.                                   
Annotating cell sg13g2_sdfrbp_1                                                 
Cell sg13g2_sdfrbp_1 port order was modified.                                   
Annotating cell sg13g2_dfrbpq_2                                                 
Cell sg13g2_dfrbpq_2 port order was modified.                                   
Annotating cell sg13g2_dfrbpq_1                                                 
Cell sg13g2_dfrbpq_1 port order was modified.                                   
Annotating cell sg13g2_fill_1                                                   
Cell sg13g2_fill_1 port order was modified.                                     
Annotating cell sg13g2_fill_2                                                   
Cell sg13g2_fill_2 port order was modified.                                     
Annotating cell sg13g2_fill_4                                                   
Cell sg13g2_fill_4 port order was modified.                                     
Annotating cell sg13g2_fill_8                                                   
Cell sg13g2_fill_8 port order was modified.                                     
Warning:  Extract option "do unique" disabled because "extract unique" was run. 
Processing sar_ctrl                                                             
Extracting sg13g2_nand2_1 into sg13g2_nand2_1.ext:                              
Extracting sg13g2_buf_1 into sg13g2_buf_1.ext:                                  
Extracting sg13g2_inv_1 into sg13g2_inv_1.ext:                                  
Extracting sg13g2_buf_16 into sg13g2_buf_16.ext:                                
Extracting sg13g2_dfrbpq_1 into sg13g2_dfrbpq_1.ext:                            
Extracting sg13g2_o21ai_1 into sg13g2_o21ai_1.ext:                              
Extracting sg13g2_a22oi_1 into sg13g2_a22oi_1.ext:                              
Extracting sg13g2_a221oi_1 into sg13g2_a221oi_1.ext:                            
Extracting sg13g2_nor2_1 into sg13g2_nor2_1.ext:                                
Extracting sg13g2_a21oi_1 into sg13g2_a21oi_1.ext:                              
Extracting sg13g2_nand2b_1 into sg13g2_nand2b_1.ext:                            
Extracting sg13g2_nand3_1 into sg13g2_nand3_1.ext:                              
Extracting sg13g2_nor2b_1 into sg13g2_nor2b_1.ext:                              
Extracting sg13g2_mux2_1 into sg13g2_mux2_1.ext:                                
Extracting sg13g2_nor3_1 into sg13g2_nor3_1.ext:                                
Extracting sg13g2_and3_1 into sg13g2_and3_1.ext:                                
Extracting sg13g2_or2_1 into sg13g2_or2_1.ext:                                  
Extracting sg13g2_a21o_1 into sg13g2_a21o_1.ext:                                
Extracting sg13g2_and2_1 into sg13g2_and2_1.ext:                                
Extracting sg13g2_nand4_1 into sg13g2_nand4_1.ext:                              
Extracting sg13g2_nand3b_1 into sg13g2_nand3b_1.ext:                            
Extracting sg13g2_or3_1 into sg13g2_or3_1.ext:                                  
Extracting sg13g2_fill_1 into sg13g2_fill_1.ext:                                
Extracting sg13g2_fill_2 into sg13g2_fill_2.ext:                                
Extracting sg13g2_decap_8 into sg13g2_decap_8.ext:                              
Extracting sg13g2_decap_4 into sg13g2_decap_4.ext:                              
Extracting sar_ctrl into sar_ctrl.ext:                                          
exttospice finished.                                                            
──────────────── Spice Extraction-based Illegal Overlap Checker ────────────────
[00:24:00] VERBOSE  Running 'Checker.IllegalOverlap' at             step.py:1138
                    'runs/RUN_2026-08-16_00-21-01/69-checker-illega             
                    loverlap'…                                                  
[00:24:00] INFO     Check for Magic Illegal Overlap errors clear. checker.py:131
────────────────────────────────── Netgen LVS ──────────────────────────────────
[00:24:00] VERBOSE  Running 'Netgen.LVS' at                         step.py:1138
                    'runs/RUN_2026-08-16_00-21-01/70-netgen-lvs'…               
[00:24:00] VERBOSE  Logging subprocess to                           step.py:1338
                    'runs/RUN_2026-08-16_00-21-01/70-netgen-lvs/net             
                    gen-lvs.log'…                                               
Netgen 1.5.323 compiled on Mon Jul 27 09:06:03 PM CEST 2026                     
Warning: netgen command 'format' use fully-qualified name '::netgen::format'    
Warning: netgen command 'global' use fully-qualified name '::netgen::global'    
Warning:  A case-insensitive file has been read and so the      verilog file    
must be treated case-insensitive to match.                                      
Reading SPICE netlist file                                                      
'/foss/pdks/ihp-sg13g2/libs.ref/sg13g2_stdcell/spice/sg13g2_stdcell.spice'...   
Call to undefined subcircuit sg13_lv_nmos                                       
Creating placeholder cell definition.                                           
Call to undefined subcircuit sg13_lv_pmos                                       
Creating placeholder cell definition.                                           
Call to undefined subcircuit dantenna                                           
Creating placeholder cell definition.                                           
Call to undefined subcircuit dpantenna                                          
Creating placeholder cell definition.                                           
Reading SPICE netlist file                                                      
'/foss/pdks/ihp-sg13g2/libs.ref/sg13g2_io/spice/sg13g2_io.spi'...               
Call to undefined subcircuit ptap1                                              
Creating placeholder cell definition.                                           
Call to undefined subcircuit sg13_hv_nmos                                       
Creating placeholder cell definition.                                           
Call to undefined subcircuit rppd                                               
Creating placeholder cell definition.                                           
Call to undefined subcircuit sg13_hv_pmos                                       
Creating placeholder cell definition.                                           
Reading Verilog netlist file                                                    
'/foss/designs/sar-adc/logic/runs/RUN_2026-08-16_00-21-01/52-openroad-fillinsert
ion/sar_ctrl.pnl.v'...                                                          
Warning:  A case-insensitive file has been read and so the      verilog file    
must be treated case-insensitive to match.                                      
Note:  Implicit pin Y in instance clkload0 of sg13g2_inv_1 in cell sar_ctrl     
Note:  Implicit pin Y in instance clkload1 of sg13g2_inv_1 in cell sar_ctrl     
Note:  Implicit pin Y in instance clkload2 of sg13g2_inv_1 in cell sar_ctrl     
Treating empty subcircuits as black-box cells                                   
Generating JSON file result                                                     
                                                                                
Reading setup file                                                              
/usr/local/lib/python3.12/dist-packages/librelane/scripts/netgen/setup.tcl      
                                                                                
Model ptap1 pin 1 == 2                                                          
No property w found for device ptap1                                            
No property l found for device ptap1                                            
No property l found for device ptap1                                            
No property w found for device ptap1                                            
No property l found for device ptap1                                            
No property w found for device ptap1                                            
No property b found for device ptap1                                            
Model rppd pin 1 == 2                                                           
No property b found for device rppd                                             
Model sg13_hv_nmos pin 1 == 3                                                   
No property trise found for device sg13_hv_nmos                                 
No property z1 found for device sg13_hv_nmos                                    
No property z2 found for device sg13_hv_nmos                                    
No property wmin found for device sg13_hv_nmos                                  
No property rfmode found for device sg13_hv_nmos                                
No property pre_layout found for device sg13_hv_nmos                            
Model sg13_hv_pmos pin 1 == 3                                                   
No property trise found for device sg13_hv_pmos                                 
No property z1 found for device sg13_hv_pmos                                    
No property z2 found for device sg13_hv_pmos                                    
No property wmin found for device sg13_hv_pmos                                  
No property rfmode found for device sg13_hv_pmos                                
No property pre_layout found for device sg13_hv_pmos                            
Model sg13_lv_nmos pin 1 == 3                                                   
No property trise found for device sg13_lv_nmos                                 
No property z1 found for device sg13_lv_nmos                                    
No property z2 found for device sg13_lv_nmos                                    
No property wmin found for device sg13_lv_nmos                                  
No property rfmode found for device sg13_lv_nmos                                
No property pre_layout found for device sg13_lv_nmos                            
Model sg13_lv_pmos pin 1 == 3                                                   
No property trise found for device sg13_lv_pmos                                 
No property z1 found for device sg13_lv_pmos                                    
No property z2 found for device sg13_lv_pmos                                    
No property wmin found for device sg13_lv_pmos                                  
No property rfmode found for device sg13_lv_pmos                                
No property pre_layout found for device sg13_lv_pmos                            
No property DEV_A found for device dantenna                                     
No property DEV_P found for device dantenna                                     
No property DEV_C found for device dantenna                                     
No property DEV_A found for device dpantenna                                    
No property DEV_P found for device dpantenna                                    
No property DEV_C found for device dpantenna                                    
Comparison output logged to file                                                
/foss/designs/sar-adc/logic/runs/RUN_2026-08-16_00-21-01/70-netgen-lvs/reports/l
vs.netgen.rpt                                                                   
Logging to file                                                                 
"/foss/designs/sar-adc/logic/runs/RUN_2026-08-16_00-21-01/70-netgen-lvs/reports/
lvs.netgen.rpt" enabled                                                         
                                                                                
Contents of circuit 1:  Circuit: 'sg13g2_fill_1'                                
Circuit sg13g2_fill_1 contains 0 device instances.                              
Circuit contains 0 nets, and 2 disconnected pins.                               
Contents of circuit 2:  Circuit: 'sg13g2_fill_1'                                
Circuit sg13g2_fill_1 contains 0 device instances.                              
Circuit contains 0 nets, and 2 disconnected pins.                               
                                                                                
Circuit sg13g2_fill_1 contains no devices.                                      
                                                                                
Contents of circuit 1:  Circuit: 'sg13g2_nor2_1'                                
Circuit sg13g2_nor2_1 contains 0 device instances.                              
Circuit contains 0 nets, and 5 disconnected pins.                               
Contents of circuit 2:  Circuit: 'sg13g2_nor2_1'                                
Circuit sg13g2_nor2_1 contains 4 device instances.                              
  Class: sg13_lv_pmos          instances:   2                                   
  Class: sg13_lv_nmos          instances:   2                                   
Circuit contains 6 nets.                                                        
                                                                                
Circuit sg13g2_nor2_1 contains no devices.                                      
                                                                                
Contents of circuit 1:  Circuit: 'sg13g2_nor2b_1'                               
Circuit sg13g2_nor2b_1 contains 0 device instances.                             
Circuit contains 0 nets, and 5 disconnected pins.                               
Contents of circuit 2:  Circuit: 'sg13g2_nor2b_1'                               
Circuit sg13g2_nor2b_1 contains 6 device instances.                             
  Class: sg13_lv_pmos          instances:   3                                   
  Class: sg13_lv_nmos          instances:   3                                   
Circuit contains 7 nets.                                                        
                                                                                
Circuit sg13g2_nor2b_1 contains no devices.                                     
                                                                                
Contents of circuit 1:  Circuit: 'sg13g2_decap_4'                               
Circuit sg13g2_decap_4 contains 0 device instances.                             
Circuit contains 0 nets, and 2 disconnected pins.                               
Contents of circuit 2:  Circuit: 'sg13g2_decap_4'                               
Circuit sg13g2_decap_4 contains 2 device instances.                             
  Class: sg13_lv_pmos          instances:   1                                   
  Class: sg13_lv_nmos          instances:   1                                   
Circuit contains 2 nets.                                                        
                                                                                
Circuit sg13g2_decap_4 contains no devices.                                     
                                                                                
Contents of circuit 1:  Circuit: 'sg13g2_inv_1'                                 
Circuit sg13g2_inv_1 contains 0 device instances.                               
Circuit contains 0 nets, and 4 disconnected pins.                               
Contents of circuit 2:  Circuit: 'sg13g2_inv_1'                                 
Circuit sg13g2_inv_1 contains 2 device instances.                               
  Class: sg13_lv_pmos          instances:   1                                   
  Class: sg13_lv_nmos          instances:   1                                   
Circuit contains 4 nets.                                                        
                                                                                
Circuit sg13g2_inv_1 contains no devices.                                       
                                                                                
Contents of circuit 1:  Circuit: 'sg13g2_buf_1'                                 
Circuit sg13g2_buf_1 contains 0 device instances.                               
Circuit contains 0 nets, and 4 disconnected pins.                               
Contents of circuit 2:  Circuit: 'sg13g2_buf_1'                                 
Circuit sg13g2_buf_1 contains 4 device instances.                               
  Class: sg13_lv_pmos          instances:   2                                   
  Class: sg13_lv_nmos          instances:   2                                   
Circuit contains 5 nets.                                                        
                                                                                
Circuit sg13g2_buf_1 contains no devices.                                       
                                                                                
Contents of circuit 1:  Circuit: 'sg13g2_nand2_1'                               
Circuit sg13g2_nand2_1 contains 0 device instances.                             
Circuit contains 0 nets, and 5 disconnected pins.                               
Contents of circuit 2:  Circuit: 'sg13g2_nand2_1'                               
Circuit sg13g2_nand2_1 contains 4 device instances.                             
  Class: sg13_lv_pmos          instances:   2                                   
  Class: sg13_lv_nmos          instances:   2                                   
Circuit contains 6 nets.                                                        
                                                                                
Circuit sg13g2_nand2_1 contains no devices.                                     
                                                                                
Contents of circuit 1:  Circuit: 'sg13g2_dfrbpq_1'                              
Circuit sg13g2_dfrbpq_1 contains 0 device instances.                            
Circuit contains 0 nets, and 6 disconnected pins.                               
Contents of circuit 2:  Circuit: 'sg13g2_dfrbpq_1'                              
Circuit sg13g2_dfrbpq_1 contains 32 device instances.                           
  Class: sg13_lv_pmos          instances:  16                                   
  Class: sg13_lv_nmos          instances:  16                                   
Circuit contains 21 nets.                                                       
                                                                                
Circuit sg13g2_dfrbpq_1 contains no devices.                                    
                                                                                
Contents of circuit 1:  Circuit: 'sg13g2_and3_1'                                
Circuit sg13g2_and3_1 contains 0 device instances.                              
Circuit contains 0 nets, and 6 disconnected pins.                               
Contents of circuit 2:  Circuit: 'sg13g2_and3_1'                                
Circuit sg13g2_and3_1 contains 8 device instances.                              
  Class: sg13_lv_pmos          instances:   4                                   
  Class: sg13_lv_nmos          instances:   4                                   
Circuit contains 9 nets.                                                        
                                                                                
Circuit sg13g2_and3_1 contains no devices.                                      
                                                                                
Contents of circuit 1:  Circuit: 'sg13g2_fill_2'                                
Circuit sg13g2_fill_2 contains 0 device instances.                              
Circuit contains 0 nets, and 2 disconnected pins.                               
Contents of circuit 2:  Circuit: 'sg13g2_fill_2'                                
Circuit sg13g2_fill_2 contains 0 device instances.                              
Circuit contains 0 nets, and 2 disconnected pins.                               
                                                                                
Circuit sg13g2_fill_2 contains no devices.                                      
                                                                                
Contents of circuit 1:  Circuit: 'sg13g2_a21oi_1'                               
Circuit sg13g2_a21oi_1 contains 0 device instances.                             
Circuit contains 0 nets, and 6 disconnected pins.                               
Contents of circuit 2:  Circuit: 'sg13g2_a21oi_1'                               
Circuit sg13g2_a21oi_1 contains 6 device instances.                             
  Class: sg13_lv_pmos          instances:   3                                   
  Class: sg13_lv_nmos          instances:   3                                   
Circuit contains 8 nets.                                                        
                                                                                
Circuit sg13g2_a21oi_1 contains no devices.                                     
                                                                                
Contents of circuit 1:  Circuit: 'sg13g2_o21ai_1'                               
Circuit sg13g2_o21ai_1 contains 0 device instances.                             
Circuit contains 0 nets, and 6 disconnected pins.                               
Contents of circuit 2:  Circuit: 'sg13g2_o21ai_1'                               
Circuit sg13g2_o21ai_1 contains 6 device instances.                             
  Class: sg13_lv_pmos          instances:   3                                   
  Class: sg13_lv_nmos          instances:   3                                   
Circuit contains 8 nets.                                                        
                                                                                
Circuit sg13g2_o21ai_1 contains no devices.                                     
                                                                                
Contents of circuit 1:  Circuit: 'sg13g2_decap_8'                               
Circuit sg13g2_decap_8 contains 0 device instances.                             
Circuit contains 0 nets, and 2 disconnected pins.                               
Contents of circuit 2:  Circuit: 'sg13g2_decap_8'                               
Circuit sg13g2_decap_8 contains 2 device instances.                             
  Class: sg13_lv_pmos          instances:   1                                   
  Class: sg13_lv_nmos          instances:   1                                   
Circuit contains 2 nets.                                                        
                                                                                
Circuit sg13g2_decap_8 contains no devices.                                     
                                                                                
Contents of circuit 1:  Circuit: 'sg13g2_mux2_1'                                
Circuit sg13g2_mux2_1 contains 0 device instances.                              
Circuit contains 0 nets, and 6 disconnected pins.                               
Contents of circuit 2:  Circuit: 'sg13g2_mux2_1'                                
Circuit sg13g2_mux2_1 contains 12 device instances.                             
  Class: sg13_lv_pmos          instances:   6                                   
  Class: sg13_lv_nmos          instances:   6                                   
Circuit contains 12 nets.                                                       
                                                                                
Circuit sg13g2_mux2_1 contains no devices.                                      
                                                                                
Contents of circuit 1:  Circuit: 'sg13g2_and2_1'                                
Circuit sg13g2_and2_1 contains 0 device instances.                              
Circuit contains 0 nets, and 5 disconnected pins.                               
Contents of circuit 2:  Circuit: 'sg13g2_and2_1'                                
Circuit sg13g2_and2_1 contains 6 device instances.                              
  Class: sg13_lv_pmos          instances:   3                                   
  Class: sg13_lv_nmos          instances:   3                                   
Circuit contains 7 nets.                                                        
                                                                                
Circuit sg13g2_and2_1 contains no devices.                                      
                                                                                
Contents of circuit 1:  Circuit: 'sg13g2_or2_1'                                 
Circuit sg13g2_or2_1 contains 0 device instances.                               
Circuit contains 0 nets, and 5 disconnected pins.                               
Contents of circuit 2:  Circuit: 'sg13g2_or2_1'                                 
Circuit sg13g2_or2_1 contains 6 device instances.                               
  Class: sg13_lv_pmos          instances:   3                                   
  Class: sg13_lv_nmos          instances:   3                                   
Circuit contains 7 nets.                                                        
                                                                                
Circuit sg13g2_or2_1 contains no devices.                                       
                                                                                
Contents of circuit 1:  Circuit: 'sg13g2_nor3_1'                                
Circuit sg13g2_nor3_1 contains 0 device instances.                              
Circuit contains 0 nets, and 6 disconnected pins.                               
Contents of circuit 2:  Circuit: 'sg13g2_nor3_1'                                
Circuit sg13g2_nor3_1 contains 6 device instances.                              
  Class: sg13_lv_pmos          instances:   3                                   
  Class: sg13_lv_nmos          instances:   3                                   
Circuit contains 8 nets.                                                        
                                                                                
Circuit sg13g2_nor3_1 contains no devices.                                      
                                                                                
Contents of circuit 1:  Circuit: 'sg13g2_buf_16'                                
Circuit sg13g2_buf_16 contains 0 device instances.                              
Circuit contains 0 nets, and 4 disconnected pins.                               
Contents of circuit 2:  Circuit: 'sg13g2_buf_16'                                
Circuit sg13g2_buf_16 contains 4 device instances.                              
  Class: sg13_lv_pmos          instances:   2                                   
  Class: sg13_lv_nmos          instances:   2                                   
Circuit contains 5 nets.                                                        
                                                                                
Circuit sg13g2_buf_16 contains no devices.                                      
                                                                                
Contents of circuit 1:  Circuit: 'sg13g2_nand3_1'                               
Circuit sg13g2_nand3_1 contains 0 device instances.                             
Circuit contains 0 nets, and 6 disconnected pins.                               
Contents of circuit 2:  Circuit: 'sg13g2_nand3_1'                               
Circuit sg13g2_nand3_1 contains 6 device instances.                             
  Class: sg13_lv_pmos          instances:   3                                   
  Class: sg13_lv_nmos          instances:   3                                   
Circuit contains 8 nets.                                                        
                                                                                
Circuit sg13g2_nand3_1 contains no devices.                                     
                                                                                
Contents of circuit 1:  Circuit: 'sg13g2_a21o_1'                                
Circuit sg13g2_a21o_1 contains 0 device instances.                              
Circuit contains 0 nets, and 6 disconnected pins.                               
Contents of circuit 2:  Circuit: 'sg13g2_a21o_1'                                
Circuit sg13g2_a21o_1 contains 8 device instances.                              
  Class: sg13_lv_pmos          instances:   4                                   
  Class: sg13_lv_nmos          instances:   4                                   
Circuit contains 9 nets.                                                        
                                                                                
Circuit sg13g2_a21o_1 contains no devices.                                      
                                                                                
Contents of circuit 1:  Circuit: 'sg13g2_nand2b_1'                              
Circuit sg13g2_nand2b_1 contains 0 device instances.                            
Circuit contains 0 nets, and 5 disconnected pins.                               
Contents of circuit 2:  Circuit: 'sg13g2_nand2b_1'                              
Circuit sg13g2_nand2b_1 contains 6 device instances.                            
  Class: sg13_lv_pmos          instances:   3                                   
  Class: sg13_lv_nmos          instances:   3                                   
Circuit contains 7 nets.                                                        
                                                                                
Circuit sg13g2_nand2b_1 contains no devices.                                    
                                                                                
Contents of circuit 1:  Circuit: 'sg13g2_a22oi_1'                               
Circuit sg13g2_a22oi_1 contains 0 device instances.                             
Circuit contains 0 nets, and 7 disconnected pins.                               
Contents of circuit 2:  Circuit: 'sg13g2_a22oi_1'                               
Circuit sg13g2_a22oi_1 contains 8 device instances.                             
  Class: sg13_lv_pmos          instances:   4                                   
  Class: sg13_lv_nmos          instances:   4                                   
Circuit contains 10 nets.                                                       
                                                                                
Circuit sg13g2_a22oi_1 contains no devices.                                     
                                                                                
Contents of circuit 1:  Circuit: 'sg13g2_or3_1'                                 
Circuit sg13g2_or3_1 contains 0 device instances.                               
Circuit contains 0 nets, and 6 disconnected pins.                               
Contents of circuit 2:  Circuit: 'sg13g2_or3_1'                                 
Circuit sg13g2_or3_1 contains 8 device instances.                               
  Class: sg13_lv_pmos          instances:   4                                   
  Class: sg13_lv_nmos          instances:   4                                   
Circuit contains 9 nets.                                                        
                                                                                
Circuit sg13g2_or3_1 contains no devices.                                       
                                                                                
Contents of circuit 1:  Circuit: 'sg13g2_nand3b_1'                              
Circuit sg13g2_nand3b_1 contains 0 device instances.                            
Circuit contains 0 nets, and 6 disconnected pins.                               
Contents of circuit 2:  Circuit: 'sg13g2_nand3b_1'                              
Circuit sg13g2_nand3b_1 contains 8 device instances.                            
  Class: sg13_lv_pmos          instances:   4                                   
  Class: sg13_lv_nmos          instances:   4                                   
Circuit contains 9 nets.                                                        
                                                                                
Circuit sg13g2_nand3b_1 contains no devices.                                    
                                                                                
Contents of circuit 1:  Circuit: 'sg13g2_a221oi_1'                              
Circuit sg13g2_a221oi_1 contains 0 device instances.                            
Circuit contains 0 nets, and 8 disconnected pins.                               
Contents of circuit 2:  Circuit: 'sg13g2_a221oi_1'                              
Circuit sg13g2_a221oi_1 contains 10 device instances.                           
  Class: sg13_lv_pmos          instances:   5                                   
  Class: sg13_lv_nmos          instances:   5                                   
Circuit contains 12 nets.                                                       
                                                                                
Circuit sg13g2_a221oi_1 contains no devices.                                    
                                                                                
Contents of circuit 1:  Circuit: 'sg13g2_nand4_1'                               
Circuit sg13g2_nand4_1 contains 0 device instances.                             
Circuit contains 0 nets, and 7 disconnected pins.                               
Contents of circuit 2:  Circuit: 'sg13g2_nand4_1'                               
Circuit sg13g2_nand4_1 contains 8 device instances.                             
  Class: sg13_lv_pmos          instances:   4                                   
  Class: sg13_lv_nmos          instances:   4                                   
Circuit contains 10 nets.                                                       
                                                                                
Circuit sg13g2_nand4_1 contains no devices.                                     
                                                                                
Contents of circuit 1:  Circuit: 'sar_ctrl'                                     
Circuit sar_ctrl contains 301 device instances.                                 
  Class: sg13g2_or3_1          instances:   2                                   
  Class: sg13g2_inv_1          instances:  22                                   
  Class: sg13g2_nand3b_1       instances:   2                                   
  Class: sg13g2_a221oi_1       instances:   2                                   
  Class: sg13g2_decap_8        instances:  17                                   
  Class: sg13g2_and2_1         instances:   3                                   
  Class: sg13g2_nand2_1        instances:  30                                   
  Class: sg13g2_fill_2         instances:  30                                   
  Class: sg13g2_a21oi_1        instances:  11                                   
  Class: sg13g2_nor2b_1        instances:   4                                   
  Class: sg13g2_nand2b_1       instances:   2                                   
  Class: sg13g2_and3_1         instances:   2                                   
  Class: sg13g2_dfrbpq_1       instances:  27                                   
  Class: sg13g2_nor3_1         instances:   4                                   
  Class: sg13g2_a21o_1         instances:   1                                   
  Class: sg13g2_or2_1          instances:   3                                   
  Class: sg13g2_buf_1          instances:  46                                   
  Class: sg13g2_decap_4        instances:   8                                   
  Class: sg13g2_a22oi_1        instances:   4                                   
  Class: sg13g2_o21ai_1        instances:  23                                   
  Class: sg13g2_nand3_1        instances:   3                                   
  Class: sg13g2_mux2_1         instances:   2                                   
  Class: sg13g2_nand4_1        instances:   1                                   
  Class: sg13g2_nor2_1         instances:   8                                   
  Class: sg13g2_buf_16         instances:   5                                   
  Class: sg13g2_fill_1         instances:  39                                   
Circuit contains 214 nets.                                                      
Contents of circuit 2:  Circuit: 'sar_ctrl'                                     
Circuit sar_ctrl contains 301 device instances.                                 
  Class: sg13g2_or3_1          instances:   2                                   
  Class: sg13g2_inv_1          instances:  22                                   
  Class: sg13g2_nand3b_1       instances:   2                                   
  Class: sg13g2_a221oi_1       instances:   2                                   
  Class: sg13g2_decap_8        instances:  17                                   
  Class: sg13g2_and2_1         instances:   3                                   
  Class: sg13g2_nand2_1        instances:  30                                   
  Class: sg13g2_fill_2         instances:  30                                   
  Class: sg13g2_a21oi_1        instances:  11                                   
  Class: sg13g2_nor2b_1        instances:   4                                   
  Class: sg13g2_nand2b_1       instances:   2                                   
  Class: sg13g2_and3_1         instances:   2                                   
  Class: sg13g2_dfrbpq_1       instances:  27                                   
  Class: sg13g2_nor3_1         instances:   4                                   
  Class: sg13g2_a21o_1         instances:   1                                   
  Class: sg13g2_or2_1          instances:   3                                   
  Class: sg13g2_buf_1          instances:  46                                   
  Class: sg13g2_decap_4        instances:   8                                   
  Class: sg13g2_a22oi_1        instances:   4                                   
  Class: sg13g2_o21ai_1        instances:  23                                   
  Class: sg13g2_nand3_1        instances:   3                                   
  Class: sg13g2_mux2_1         instances:   2                                   
  Class: sg13g2_nand4_1        instances:   1                                   
  Class: sg13g2_nor2_1         instances:   8                                   
  Class: sg13g2_buf_16         instances:   5                                   
  Class: sg13g2_fill_1         instances:  39                                   
Circuit contains 214 nets.                                                      
                                                                                
Circuit was modified by parallel/series device merging.                         
New circuit summary:                                                            
                                                                                
Contents of circuit 1:  Circuit: 'sar_ctrl'                                     
Circuit sar_ctrl contains 211 device instances.                                 
  Class: sg13g2_or3_1          instances:   2                                   
  Class: sg13g2_inv_1          instances:  22                                   
  Class: sg13g2_nand3b_1       instances:   2                                   
  Class: sg13g2_a221oi_1       instances:   2                                   
  Class: sg13g2_decap_8        instances:   1                                   
  Class: sg13g2_and2_1         instances:   3                                   
  Class: sg13g2_nand2_1        instances:  30                                   
  Class: sg13g2_fill_2         instances:   1                                   
  Class: sg13g2_a21oi_1        instances:  11                                   
  Class: sg13g2_nor2b_1        instances:   4                                   
  Class: sg13g2_nand2b_1       instances:   2                                   
  Class: sg13g2_and3_1         instances:   2                                   
  Class: sg13g2_dfrbpq_1       instances:  27                                   
  Class: sg13g2_nor3_1         instances:   4                                   
  Class: sg13g2_a21o_1         instances:   1                                   
  Class: sg13g2_or2_1          instances:   3                                   
  Class: sg13g2_buf_1          instances:  46                                   
  Class: sg13g2_decap_4        instances:   1                                   
  Class: sg13g2_a22oi_1        instances:   4                                   
  Class: sg13g2_o21ai_1        instances:  23                                   
  Class: sg13g2_nand3_1        instances:   3                                   
  Class: sg13g2_mux2_1         instances:   2                                   
  Class: sg13g2_nand4_1        instances:   1                                   
  Class: sg13g2_nor2_1         instances:   8                                   
  Class: sg13g2_buf_16         instances:   5                                   
  Class: sg13g2_fill_1         instances:   1                                   
Circuit contains 214 nets.                                                      
Contents of circuit 2:  Circuit: 'sar_ctrl'                                     
Circuit sar_ctrl contains 211 device instances.                                 
  Class: sg13g2_or3_1          instances:   2                                   
  Class: sg13g2_inv_1          instances:  22                                   
  Class: sg13g2_nand3b_1       instances:   2                                   
  Class: sg13g2_a221oi_1       instances:   2                                   
  Class: sg13g2_decap_8        instances:   1                                   
  Class: sg13g2_and2_1         instances:   3                                   
  Class: sg13g2_nand2_1        instances:  30                                   
  Class: sg13g2_fill_2         instances:   1                                   
  Class: sg13g2_a21oi_1        instances:  11                                   
  Class: sg13g2_nor2b_1        instances:   4                                   
  Class: sg13g2_nand2b_1       instances:   2                                   
  Class: sg13g2_and3_1         instances:   2                                   
  Class: sg13g2_dfrbpq_1       instances:  27                                   
  Class: sg13g2_nor3_1         instances:   4                                   
  Class: sg13g2_a21o_1         instances:   1                                   
  Class: sg13g2_or2_1          instances:   3                                   
  Class: sg13g2_buf_1          instances:  46                                   
  Class: sg13g2_decap_4        instances:   1                                   
  Class: sg13g2_a22oi_1        instances:   4                                   
  Class: sg13g2_o21ai_1        instances:  23                                   
  Class: sg13g2_nand3_1        instances:   3                                   
  Class: sg13g2_mux2_1         instances:   2                                   
  Class: sg13g2_nand4_1        instances:   1                                   
  Class: sg13g2_nor2_1         instances:   8                                   
  Class: sg13g2_buf_16         instances:   5                                   
  Class: sg13g2_fill_1         instances:   1                                   
Circuit contains 214 nets.                                                      
                                                                                
Circuit 1 contains 211 devices, Circuit 2 contains 211 devices.                 
Circuit 1 contains 214 nets,    Circuit 2 contains 214 nets.                    
                                                                                
                                                                                
Final result:                                                                   
Circuits match uniquely.                                                        
.                                                                               
Logging to file                                                                 
"/foss/designs/sar-adc/logic/runs/RUN_2026-08-16_00-21-01/70-netgen-lvs/reports/
lvs.netgen.rpt" disabled                                                        
LVS Done.                                                                       
────────────────────── Layout vs. Schematic Error Checker ──────────────────────
[00:24:01] VERBOSE  Running 'Checker.LVS' at                        step.py:1138
                    'runs/RUN_2026-08-16_00-21-01/71-checker-lvs'…              
[00:24:01] INFO     Check for LVS errors clear.                   checker.py:131
[00:24:01] INFO     Gating variable for step 'Yosys.EQY' set   sequential.py:362
                    to 'False'- the step will be skipped.                       
[00:24:01] INFO     Skipping step 'Equivalence Check'…         sequential.py:370
─────────────────────── Setup Timing Violations Checker ────────────────────────
[00:24:01] VERBOSE  Running 'Checker.SetupViolations' at            step.py:1138
                    'runs/RUN_2026-08-16_00-21-01/72-checker-setupv             
                    iolations'…                                                 
[00:24:01] VERBOSE  No setup violations found                     checker.py:628
──────────────────────── Hold Timing Violations Checker ────────────────────────
[00:24:01] VERBOSE  Running 'Checker.HoldViolations' at             step.py:1138
                    'runs/RUN_2026-08-16_00-21-01/73-checker-holdvi             
                    olations'…                                                  
[00:24:01] VERBOSE  No hold violations found                      checker.py:628
─────────────────────── Maximum Slew Violations Checker ────────────────────────
[00:24:01] VERBOSE  Running 'Checker.MaxSlewViolations' at          step.py:1138
                    'runs/RUN_2026-08-16_00-21-01/74-checker-maxsle             
                    wviolations'…                                               
[00:24:01] VERBOSE  No max slew violations found                  checker.py:628
──────────────────── Maximum Capacitance Violations Checker ────────────────────
[00:24:01] VERBOSE  Running 'Checker.MaxCapViolations' at           step.py:1138
                    'runs/RUN_2026-08-16_00-21-01/75-checker-maxcap             
                    violations'…                                                
[00:24:01] VERBOSE  No max cap violations found                   checker.py:628
───────────────── Report Manufacturability (DRC, LVS, Antenna) ─────────────────
[00:24:01] VERBOSE  Running 'Misc.ReportManufacturability' at       step.py:1138
                    'runs/RUN_2026-08-16_00-21-01/76-misc-reportman             
                    ufacturability'…                                            
* Antenna
Passed ✅

* LVS
Passed ✅

* DRC
Passed ✅

[00:24:01] INFO     Saving views to                                 state.py:209
                    '/foss/designs/sar-adc/logic/runs/RUN_2026-08-1             
                    6_00-21-01/final'…                                          
[00:24:01] INFO     Flow complete.                             sequential.py:413
Classic - Stage 80 - Report Manufacturability ━━━━━━━━━━━━━━━━━━━━ 80/80 0:03:00

[00:24:01] WARNING  The following warnings were generated by the     flow.py:699
                    flow:                                                       
[00:24:01] WARNING  [Checker.LintWarnings] 1 Lint warnings found.    flow.py:701
[00:24:01] WARNING  [OpenROAD.Floorplan] [STA-0441] set_input_delay  flow.py:701
                    relative to a clock defined on the same port/pin            
                    not allowed. (and 20 similar warnings)                      
[00:24:01] WARNING  [OpenROAD.Floorplan] [IFP-0028] Core area lower  flow.py:701
                    left (5.000, 5.000) snapped to (5.280, 7.560).              
[00:24:01] WARNING  [OpenROAD.GlobalPlacement] [GPL-0302] Target     flow.py:701
                    density 0.6500 is too low for the available free            
                    area.                                                       
[00:24:01] WARNING  [OpenROAD.CTS] [CTS-0041] Net "net48" has 1      flow.py:701
                    sinks. Skipping... (and 2 similar warnings)                 
[00:24:01] WARNING  [OpenROAD.DetailedRouting] [DRT-0349]            flow.py:701
                    LEF58_ENCLOSURE with no CUTCLASS is not                     
                    supported. Skipping for layer Cont (and 9                   
                    similar warnings)                                           
[00:24:01] WARNING  [Checker.WireLength] Threshold for               flow.py:701
                    Threshold-surpassing long wires is not set. The             
                    checker will be skipped.                                    
[00:24:01] WARNING  [OpenROAD.IRDropReport] 'VSRC_LOC_FILES' was not flow.py:701
                    given a value, which may make the results of IR             
                    drop analysis inaccurate. If you are not                    
                    integrating a top-level chip for manufacture,               
                    you may ignore this warning, otherwise, see the             
                    documentation for 'VSRC_LOC_FILES'.                         
